#
# There is insufficient memory for the Java Runtime Environment to continue.
# Native memory allocation (mmap) failed to map 65536 bytes. Error detail: Failed to commit metaspace.
# Possible reasons:
#   The system is out of physical RAM or swap space
#   This process is running with CompressedOops enabled, and the Java Heap may be blocking the growth of the native heap
# Possible solutions:
#   Reduce memory load on the system
#   Increase physical memory or swap space
#   Check if swap backing store is full
#   Decrease Java heap size (-Xmx/-Xms)
#   Decrease number of Java threads
#   Decrease Java thread stack sizes (-Xss)
#   Set larger code cache with -XX:ReservedCodeCacheSize=
#   JVM is running with Unscaled Compressed Oops mode in which the Java heap is
#     placed in the first 4GB address space. The Java Heap base address is the
#     maximum limit for the native heap growth. Please use -XX:HeapBaseMinAddress
#     to set the Java Heap base and to place the Java Heap above 4GB virtual address.
# This output file may be truncated or incomplete.
#
#  Out of Memory Error (virtualSpaceNode.cpp:113), pid=9328, tid=15688
#
# JRE version: OpenJDK Runtime Environment Temurin-21.0.10+7 (21.0.10+7) (build 21.0.10+7-LTS)
# Java VM: OpenJDK 64-Bit Server VM Temurin-21.0.10+7 (21.0.10+7-LTS, mixed mode, sharing, tiered, compressed oops, compressed class ptrs, parallel gc, windows-amd64)
# No core dump will be written. Minidumps are not enabled by default on client versions of Windows
#

---------------  S U M M A R Y ------------

Command Line: --add-modules=ALL-SYSTEM --add-opens=java.base/java.util=ALL-UNNAMED --add-opens=java.base/java.lang=ALL-UNNAMED --add-opens=java.base/sun.nio.fs=ALL-UNNAMED -Declipse.application=org.eclipse.jdt.ls.core.id1 -Dosgi.bundles.defaultStartLevel=4 -Declipse.product=org.eclipse.jdt.ls.core.product -Djava.import.generatesMetadataFilesAtProjectRoot=false -DDetectVMInstallationsJob.disabled=true -Dfile.encoding=utf8 -XX:+UseParallelGC -XX:GCTimeRatio=4 -XX:AdaptiveSizePolicyWeight=90 -Dsun.zip.disableMemoryMapping=true -Xmx2G -Xms100m -Xlog:disable -javaagent:c:\Users\Lenovo\.antigravity\extensions\redhat.java-1.54.0-win32-x64\lombok\lombok-1.18.39-4050.jar c:\Users\Lenovo\.antigravity\extensions\redhat.java-1.54.0-win32-x64\server\plugins\org.eclipse.equinox.launcher_1.7.100.v20251111-0406.jar -configuration c:\Users\Lenovo\AppData\Roaming\Antigravity\User\globalStorage\redhat.java\1.54.0\config_ss_win -data c:\Users\Lenovo\AppData\Roaming\Antigravity\User\workspaceStorage\9a1e82f97720862a29f2ec23e4934ce5\redhat.java\ss_ws --pipe=\\.\pipe\lsp-f0523feed0d01ca9f2729c6eeb914dbf-sock

Host: AMD Ryzen 5 5500U with Radeon Graphics         , 12 cores, 14G,  Windows 11 , 64 bit Build 26100 (10.0.26100.8328)
Time: Thu Jun 11 13:42:35 2026 SE Asia Standard Time elapsed time: 7.611435 seconds (0d 0h 0m 7s)

---------------  T H R E A D  ---------------

Current thread (0x000002b3ee13b650):  JavaThread "Start Level: Equinox Container: 8a081502-08cf-4081-988f-e9392925cb22" daemon [_thread_in_vm, id=15688, stack(0x000000dc2dc00000,0x000000dc2dd00000) (1024K)]

Stack: [0x000000dc2dc00000,0x000000dc2dd00000]
Native frames: (J=compiled Java code, j=interpreted, Vv=VM code, C=native code)
V  [jvm.dll+0x6d7a39]
V  [jvm.dll+0x8b4b26]
V  [jvm.dll+0x8b70de]
V  [jvm.dll+0x8b77c3]
V  [jvm.dll+0x284346]
V  [jvm.dll+0x8b086e]
V  [jvm.dll+0x679444]
V  [jvm.dll+0x1e82bb]
V  [jvm.dll+0x1e807e]
V  [jvm.dll+0x67bd42]
V  [jvm.dll+0x67bb72]
V  [jvm.dll+0x679e1e]
V  [jvm.dll+0x281217]
V  [jvm.dll+0x72dd4f]
V  [jvm.dll+0x72e88f]
V  [jvm.dll+0x3cc641]
V  [jvm.dll+0x3cb417]
V  [jvm.dll+0x3cb3b8]
V  [jvm.dll+0x5dbad5]
V  [jvm.dll+0x5dbb83]
V  [jvm.dll+0x3e06b2]
V  [jvm.dll+0x3e018d]
C  0x000002b399f06c7c

The last pc belongs to putstatic (printed below).
Java frames: (J=compiled Java code, j=interpreted, Vv=VM code)
j  org.eclipse.jdt.internal.core.JavaModelManager$8.optionsChanged(Lorg/eclipse/osgi/service/debug/DebugOptions;)V+140
j  org.eclipse.osgi.internal.debug.FrameworkDebugOptions.addingService(Lorg/osgi/framework/ServiceReference;)Lorg/eclipse/osgi/service/debug/DebugOptionsListener;+16
j  org.eclipse.osgi.internal.debug.FrameworkDebugOptions.addingService(Lorg/osgi/framework/ServiceReference;)Ljava/lang/Object;+5
j  org.osgi.util.tracker.ServiceTracker$Tracked.customizerAdding(Lorg/osgi/framework/ServiceReference;Lorg/osgi/framework/ServiceEvent;)Ljava/lang/Object;+8
j  org.osgi.util.tracker.ServiceTracker$Tracked.customizerAdding(Ljava/lang/Object;Ljava/lang/Object;)Ljava/lang/Object;+9
j  org.osgi.util.tracker.AbstractTracked.trackAdding(Ljava/lang/Object;Ljava/lang/Object;)V+8
j  org.osgi.util.tracker.AbstractTracked.track(Ljava/lang/Object;Ljava/lang/Object;)V+83
j  org.osgi.util.tracker.ServiceTracker$Tracked.serviceChanged(Lorg/osgi/framework/ServiceEvent;)V+67
J 1867 c1 org.eclipse.osgi.internal.serviceregistry.FilteredServiceListener.serviceChanged(Lorg/osgi/framework/ServiceEvent;)V (296 bytes) @ 0x000002b392d10d34 [0x000002b392d0e420+0x0000000000002914]
J 1865 c1 org.eclipse.osgi.internal.framework.BundleContextImpl.dispatchEvent(Ljava/lang/Object;Ljava/lang/Object;ILjava/lang/Object;)V (577 bytes) @ 0x000002b392d08254 [0x000002b392d04980+0x00000000000038d4]
J 2131 c1 org.eclipse.osgi.framework.eventmgr.EventManager.dispatchEvent(Ljava/util/Set;Lorg/eclipse/osgi/framework/eventmgr/EventDispatcher;ILjava/lang/Object;)V (69 bytes) @ 0x000002b392da2054 [0x000002b392da1b40+0x0000000000000514]
j  org.eclipse.osgi.framework.eventmgr.ListenerQueue.dispatchEventSynchronous(ILjava/lang/Object;)V+67
j  org.eclipse.osgi.internal.serviceregistry.ServiceRegistry.publishServiceEventPrivileged(Lorg/osgi/framework/ServiceEvent;)V+320
j  org.eclipse.osgi.internal.serviceregistry.ServiceRegistry.publishServiceEvent(Lorg/osgi/framework/ServiceEvent;)V+8
j  org.eclipse.osgi.internal.serviceregistry.ServiceRegistrationImpl.register(Ljava/util/Dictionary;)V+137
j  org.eclipse.osgi.internal.serviceregistry.ServiceRegistry.registerService(Lorg/eclipse/osgi/internal/framework/BundleContextImpl;[Ljava/lang/String;Ljava/lang/Object;Ljava/util/Dictionary;)Lorg/eclipse/osgi/internal/serviceregistry/ServiceRegistrationImpl;+317
j  org.eclipse.osgi.internal.framework.BundleContextImpl.registerService([Ljava/lang/String;Ljava/lang/Object;Ljava/util/Dictionary;)Lorg/osgi/framework/ServiceRegistration;+15
j  org.eclipse.osgi.internal.framework.BundleContextImpl.registerService(Ljava/lang/String;Ljava/lang/Object;Ljava/util/Dictionary;)Lorg/osgi/framework/ServiceRegistration;+15
j  org.eclipse.osgi.internal.framework.BundleContextImpl.registerService(Ljava/lang/Class;Ljava/lang/Object;Ljava/util/Dictionary;)Lorg/osgi/framework/ServiceRegistration;+7
j  org.eclipse.jdt.internal.core.JavaModelManager.registerDebugOptionsListener(Lorg/osgi/framework/BundleContext;)V+32
j  org.eclipse.jdt.core.JavaCore.start(Lorg/osgi/framework/BundleContext;)V+6
j  org.eclipse.osgi.internal.framework.BundleContextImpl$2.run()Ljava/lang/Void;+23
j  org.eclipse.osgi.internal.framework.BundleContextImpl$2.run()Ljava/lang/Object;+1
J 1141 c1 java.security.AccessController.executePrivileged(Ljava/security/PrivilegedExceptionAction;Ljava/security/AccessControlContext;Ljava/lang/Class;)Ljava/lang/Object; java.base@21.0.10 (65 bytes) @ 0x000002b392b8c044 [0x000002b392b8bee0+0x0000000000000164]
j  java.security.AccessController.doPrivileged(Ljava/security/PrivilegedExceptionAction;)Ljava/lang/Object;+9 java.base@21.0.10
j  org.eclipse.osgi.internal.framework.BundleContextImpl.startActivator(Lorg/osgi/framework/BundleActivator;)V+9
j  org.eclipse.osgi.internal.framework.BundleContextImpl.start()V+141
j  org.eclipse.osgi.internal.framework.EquinoxBundle.startWorker0()V+35
j  org.eclipse.osgi.internal.framework.EquinoxBundle$EquinoxModule.startWorker()V+4
j  org.eclipse.osgi.container.Module.doStart([Lorg/eclipse/osgi/container/Module$StartOptions;)Lorg/eclipse/osgi/container/ModuleContainerAdaptor$ModuleEvent;+200
J 2422 c1 org.eclipse.osgi.container.Module.start([Lorg/eclipse/osgi/container/Module$StartOptions;)V (662 bytes) @ 0x000002b392e4233c [0x000002b392e40240+0x00000000000020fc]
j  org.eclipse.osgi.framework.util.SecureAction.start(Lorg/eclipse/osgi/container/Module;[Lorg/eclipse/osgi/container/Module$StartOptions;)V+8
J 1979 c1 org.eclipse.osgi.internal.hooks.EclipseLazyStarter.postFindLocalClass(Ljava/lang/String;Ljava/lang/Class;Lorg/eclipse/osgi/internal/loader/classpath/ClasspathManager;)V (394 bytes) @ 0x000002b392d45a14 [0x000002b392d44a40+0x0000000000000fd4]
J 2111 c1 org.eclipse.osgi.internal.loader.classpath.ClasspathManager.findLocalClass(Ljava/lang/String;)Ljava/lang/Class; (210 bytes) @ 0x000002b392d8c274 [0x000002b392d8b260+0x0000000000001014]
J 1977 c1 org.eclipse.osgi.internal.loader.BundleLoader.findLocalClass(Ljava/lang/String;)Ljava/lang/Class; (159 bytes) @ 0x000002b392d42254 [0x000002b392d41660+0x0000000000000bf4]
J 2470 c1 org.eclipse.osgi.internal.loader.sources.SingleSourcePackage.loadClass(Ljava/lang/String;)Ljava/lang/Class; (9 bytes) @ 0x000002b392e577cc [0x000002b392e576c0+0x000000000000010c]
J 1892 c1 org.eclipse.osgi.internal.loader.BundleLoader.findClass0(Ljava/lang/String;ZZ)Ljava/lang/Class; (490 bytes) @ 0x000002b392d1c69c [0x000002b392d195e0+0x00000000000030bc]
J 1891 c1 org.eclipse.osgi.internal.loader.BundleLoader.findClass(Ljava/lang/String;)Ljava/lang/Class; (8 bytes) @ 0x000002b392d18bcc [0x000002b392d18b40+0x000000000000008c]
J 1938 c1 org.eclipse.osgi.internal.loader.ModuleClassLoader.loadClass(Ljava/lang/String;Z)Ljava/lang/Class; (36 bytes) @ 0x000002b392d32b4c [0x000002b392d32920+0x000000000000022c]
J 994 c1 java.lang.ClassLoader.loadClass(Ljava/lang/String;)Ljava/lang/Class; java.base@21.0.10 (7 bytes) @ 0x000002b392b49dd4 [0x000002b392b49cc0+0x0000000000000114]
v  ~StubRoutines::call_stub 0x000002b399ef100d
j  java.lang.Class.getDeclaredConstructors0(Z)[Ljava/lang/reflect/Constructor;+0 java.base@21.0.10
j  java.lang.Class.privateGetDeclaredConstructors(Z)[Ljava/lang/reflect/Constructor;+52 java.base@21.0.10
j  java.lang.Class.getConstructor0([Ljava/lang/Class;I)Ljava/lang/reflect/Constructor;+14 java.base@21.0.10
j  java.lang.Class.getConstructor([Ljava/lang/Class;)Ljava/lang/reflect/Constructor;+24 java.base@21.0.10
j  org.eclipse.osgi.internal.framework.BundleContextImpl.loadBundleActivator()Lorg/osgi/framework/BundleActivator;+105
j  org.eclipse.osgi.internal.framework.BundleContextImpl.start()V+18
j  org.eclipse.osgi.internal.framework.EquinoxBundle.startWorker0()V+35
j  org.eclipse.osgi.internal.framework.EquinoxBundle$EquinoxModule.startWorker()V+4
j  org.eclipse.osgi.container.Module.doStart([Lorg/eclipse/osgi/container/Module$StartOptions;)Lorg/eclipse/osgi/container/ModuleContainerAdaptor$ModuleEvent;+200
j  org.eclipse.osgi.container.Module.start([Lorg/eclipse/osgi/container/Module$StartOptions;)V+460
j  org.eclipse.osgi.container.ModuleContainer$ContainerStartLevel$2.run()V+83
j  org.eclipse.osgi.internal.framework.EquinoxContainerAdaptor$1$1.execute(Ljava/lang/Runnable;)V+1
j  org.eclipse.osgi.container.ModuleContainer$ContainerStartLevel.incStartLevel(ILjava/util/List;Z)V+193
j  org.eclipse.osgi.container.ModuleContainer$ContainerStartLevel.incStartLevel(ILjava/util/List;Ljava/util/List;Ljava/util/List;Ljava/util/List;)V+19
j  org.eclipse.osgi.container.ModuleContainer$ContainerStartLevel.doContainerStartLevel(Lorg/eclipse/osgi/container/Module;I[Lorg/osgi/framework/FrameworkListener;)V+358
j  org.eclipse.osgi.container.ModuleContainer$ContainerStartLevel.dispatchEvent(Lorg/eclipse/osgi/container/Module;[Lorg/osgi/framework/FrameworkListener;ILjava/lang/Integer;)V+32
j  org.eclipse.osgi.container.ModuleContainer$ContainerStartLevel.dispatchEvent(Ljava/lang/Object;Ljava/lang/Object;ILjava/lang/Object;)V+15
j  org.eclipse.osgi.framework.eventmgr.EventManager.dispatchEvent(Ljava/util/Set;Lorg/eclipse/osgi/framework/eventmgr/EventDispatcher;ILjava/lang/Object;)V+48
j  org.eclipse.osgi.framework.eventmgr.EventManager$EventThread.run()V+26
v  ~StubRoutines::call_stub 0x000002b399ef100d
putstatic  179 putstatic  [0x000002b399f06be0, 0x000002b399f06f00]  800 bytes
[MachCode]
  0x000002b399f06be0: 4883 ec08 | c5fa 1104 | 24eb 1f48 | 83ec 10c5 | fb11 0424 | eb14 4883 | ec10 4889 | 0424 48c7 
  0x000002b399f06c00: 4424 0800 | 0000 00eb | 0150 410f | b755 0148 | 8b4d d0c1 | e202 8b5c | d138 c1eb | 1881 e3ff 
  0x000002b399f06c20: 0000 0081 | fbb3 0000 | 000f 84b4 | 0000 00bb | b300 0000 | e805 0000 | 00e9 9900 | 0000 488b 
  0x000002b399f06c40: d348 8d44 | 2408 4c89 | 6dc0 498b | cfc5 f877 | 4989 afb0 | 0300 0049 | 8987 a003 | 0000 4883 
  0x000002b399f06c60: ec20 40f6 | c40f 0f84 | 1900 0000 | 4883 ec08 | 48b8 3001 | 6108 fc7f | 0000 ffd0 | 4883 c408 
  0x000002b399f06c80: e90c 0000 | 0048 b830 | 0161 08fc | 7f00 00ff | d048 83c4 | 2049 c787 | a003 0000 | 0000 0000 
  0x000002b399f06ca0: 49c7 87b0 | 0300 0000 | 0000 0049 | c787 a803 | 0000 0000 | 0000 c5f8 | 7749 837f | 0800 0f84 
  0x000002b399f06cc0: 0500 0000 | e937 a2fe | ff4c 8b6d | c04c 8b75 | c84e 8d74 | f500 c341 | 0fb7 5501 | 488b 4dd0 
  0x000002b399f06ce0: c1e2 0248 | 8b5c d148 | 8b44 d150 | 488b 4cd1 | 4048 8b49 | 7048 8b09 | 8bd0 c1ea | 1583 e201 
  0x000002b399f06d00: 85d2 0f84 | f400 0000 | c1e8 1c83 | e00f 0f85 | 0f00 0000 | 8b04 2448 | 83c4 0888 | 0419 e9ce 
  0x000002b399f06d20: 0000 0083 | f801 0f85 | 1200 0000 | 8b04 2448 | 83c4 0883 | e001 8804 | 19e9 b300 | 0000 83f8 
  0x000002b399f06d40: 080f 851c | 0000 0058 | 8904 1948 | c1e9 0949 | ba00 00d6 | 8eb3 0200 | 0041 c604 | 0a00 e98e 
  0x000002b399f06d60: 0000 0083 | f804 0f85 | 0f00 0000 | 8b04 2448 | 83c4 0889 | 0419 e976 | 0000 0083 | f802 0f85 
  0x000002b399f06d80: 1000 0000 | 8b04 2448 | 83c4 0866 | 8904 19e9 | 5d00 0000 | 83f8 030f | 8510 0000 | 008b 0424 
  0x000002b399f06da0: 4883 c408 | 6689 0419 | e944 0000 | 0083 f805 | 0f85 1100 | 0000 488b | 0424 4883 | c410 4889 
  0x000002b399f06dc0: 0419 e92a | 0000 0083 | f806 0f85 | 1300 0000 | c5fa 1004 | 2448 83c4 | 08c5 fa11 | 0419 e90e 
  0x000002b399f06de0: 0000 00c5 | fb10 0424 | 4883 c410 | c5fb 1104 | 19f0 8344 | 24c0 00e9 | e900 0000 | c1e8 1c83 
  0x000002b399f06e00: e00f 0f85 | 0f00 0000 | 8b04 2448 | 83c4 0888 | 0419 e9ce | 0000 0083 | f801 0f85 | 1200 0000 
  0x000002b399f06e20: 8b04 2448 | 83c4 0883 | e001 8804 | 19e9 b300 | 0000 83f8 | 080f 851c | 0000 0058 | 8904 1948 
  0x000002b399f06e40: c1e9 0949 | ba00 00d6 | 8eb3 0200 | 0041 c604 | 0a00 e98e | 0000 0083 | f804 0f85 | 0f00 0000 
  0x000002b399f06e60: 8b04 2448 | 83c4 0889 | 0419 e976 | 0000 0083 | f802 0f85 | 1000 0000 | 8b04 2448 | 83c4 0866 
  0x000002b399f06e80: 8904 19e9 | 5d00 0000 | 83f8 030f | 8510 0000 | 008b 0424 | 4883 c408 | 6689 0419 | e944 0000 
  0x000002b399f06ea0: 0083 f805 | 0f85 1100 | 0000 488b | 0424 4883 | c410 4889 | 0419 e92a | 0000 0083 | f806 0f85 
  0x000002b399f06ec0: 1300 0000 | c5fa 1004 | 2448 83c4 | 08c5 fa11 | 0419 e90e | 0000 00c5 | fb10 0424 | 4883 c410 
  0x000002b399f06ee0: c5fb 1104 | 1941 0fb6 | 5d03 4983 | c503 49ba | 102d f008 | fc7f 0000 | 41ff 24da | 0f1f 4000 
[/MachCode]

Compiled method (c1) 7686 1867       3       org.eclipse.osgi.internal.serviceregistry.FilteredServiceListener::serviceChanged (296 bytes)
 total in heap  [0x000002b392d0dd10,0x000002b392d12c20] = 20240
 relocation     [0x000002b392d0de70,0x000002b392d0e410] = 1440
 main code      [0x000002b392d0e420,0x000002b392d116b0] = 12944
 stub code      [0x000002b392d116b0,0x000002b392d118f0] = 576
 oops           [0x000002b392d118f0,0x000002b392d11938] = 72
 metadata       [0x000002b392d11938,0x000002b392d11a38] = 256
 scopes data    [0x000002b392d11a38,0x000002b392d12218] = 2016
 scopes pcs     [0x000002b392d12218,0x000002b392d12af8] = 2272
 dependencies   [0x000002b392d12af8,0x000002b392d12b50] = 88
 nul chk table  [0x000002b392d12b50,0x000002b392d12c20] = 208

[Constant Pool (empty)]

[MachCode]
[Entry Point]
  # {method} {0x000002b3ea69e9d0} 'serviceChanged' '(Lorg/osgi/framework/ServiceEvent;)V' in 'org/eclipse/osgi/internal/serviceregistry/FilteredServiceListener'
  # this:     rdx:rdx   = 'org/eclipse/osgi/internal/serviceregistry/FilteredServiceListener'
  # parm0:    r8:r8     = 'org/osgi/framework/ServiceEvent'
  #           [sp+0x150]  (sp of caller)
  0x000002b392d0e420: 448b 5208 | 49bb 0000 | 00a7 b302 | 0000 4d03 | d34c 3bd0 

  0x000002b392d0e434: ;   {runtime_call ic_miss_stub}
  0x000002b392d0e434: 0f85 4600 | 2307 660f | 1f44 0000 
[Verified Entry Point]
  0x000002b392d0e440: 8984 2400 | 80ff ff55 | 4881 ec40 | 0100 0090 | 4181 7f20 | 0100 0000 

  0x000002b392d0e458: ;   {runtime_call StubRoutines (final stubs)}
  0x000002b392d0e458: 7405 e881 | a521 0748 | 8994 24a0 

  0x000002b392d0e464: ;   {metadata(method data for {method} {0x000002b3ea69e9d0} 'serviceChanged' '(Lorg/osgi/framework/ServiceEvent;)V' in 'org/eclipse/osgi/internal/serviceregistry/FilteredServiceListener')}
  0x000002b392d0e464: 0000 0048 | be00 5c7a | eab3 0200 | 008b becc | 0000 0083 | c702 89be | cc00 0000 | 81e7 fe07 
  0x000002b392d0e484: 0000 85ff | 0f84 5629 | 0000 493b | 0049 8bf0 

  0x000002b392d0e494: ;   {metadata(method data for {method} {0x000002b3ea69e9d0} 'serviceChanged' '(Lorg/osgi/framework/ServiceEvent;)V' in 'org/eclipse/osgi/internal/serviceregistry/FilteredServiceListener')}
  0x000002b392d0e494: 48bf 005c | 7aea b302 | 0000 8b76 | 0849 ba00 | 0000 a7b3 | 0200 0049 | 03f2 483b | b720 0100 
  0x000002b392d0e4b4: 0075 0d48 | 8387 2801 | 0000 01e9 | 6000 0000 | 483b b730 | 0100 0075 | 0d48 8387 | 3801 0000 
  0x000002b392d0e4d4: 01e9 4a00 | 0000 4883 | bf20 0100 | 0000 7517 | 4889 b720 | 0100 0048 | c787 2801 | 0000 0100 
  0x000002b392d0e4f4: 0000 e929 | 0000 0048 | 83bf 3001 | 0000 0075 | 1748 89b7 | 3001 0000 | 48c7 8738 | 0100 0001 
  0x000002b392d0e514: 0000 00e9 | 0800 0000 | 4883 8710 | 0100 0001 | 418b 7014 | 4885 f675 

  0x000002b392d0e52c: ;   {metadata(method data for {method} {0x000002b3ea69e9d0} 'serviceChanged' '(Lorg/osgi/framework/ServiceEvent;)V' in 'org/eclipse/osgi/internal/serviceregistry/FilteredServiceListener')}
  0x000002b392d0e52c: 1648 bb00 | 5c7a eab3 | 0200 0080 | 8b41 0100 | 0001 e9cc 

  0x000002b392d0e540: ;   {metadata('org/eclipse/osgi/internal/serviceregistry/ServiceReferenceImpl')}
  0x000002b392d0e540: 0000 0048 | b8e8 5610 | a8b3 0200 | 008b 7e08 | 49ba 0000 | 00a7 b302 | 0000 4903 | fa48 3bc7 
  0x000002b392d0e560: 0f85 8d00 

  0x000002b392d0e564: ;   {metadata(method data for {method} {0x000002b3ea69e9d0} 'serviceChanged' '(Lorg/osgi/framework/ServiceEvent;)V' in 'org/eclipse/osgi/internal/serviceregistry/FilteredServiceListener')}
  0x000002b392d0e564: 0000 48bb | 005c 7aea | b302 0000 | 8b46 0849 | ba00 0000 | a7b3 0200 | 0049 03c2 | 483b 8358 
  0x000002b392d0e584: 0100 0075 | 0d48 8383 | 6001 0000 | 01e9 7900 | 0000 483b | 8368 0100 | 0075 0d48 | 8383 7001 
  0x000002b392d0e5a4: 0000 01e9 | 6300 0000 | 4883 bb58 | 0100 0000 | 7517 4889 | 8358 0100 | 0048 c783 | 6001 0000 
  0x000002b392d0e5c4: 0100 0000 | e942 0000 | 0048 83bb | 6801 0000 | 0075 1748 | 8983 6801 | 0000 48c7 | 8370 0100 
  0x000002b392d0e5e4: 0001 0000 | 00e9 2100 | 0000 e91c 

  0x000002b392d0e5f0: ;   {metadata(method data for {method} {0x000002b3ea69e9d0} 'serviceChanged' '(Lorg/osgi/framework/ServiceEvent;)V' in 'org/eclipse/osgi/internal/serviceregistry/FilteredServiceListener')}
  0x000002b392d0e5f0: 0000 0048 | bb00 5c7a | eab3 0200 | 0048 83ab | 4801 0000 | 01e9 0028 | 0000 e900 | 0000 0048 
  0x000002b392d0e610: 89b4 24a8 | 0000 008b | 7a1c 4885 

  0x000002b392d0e61c: ;   {metadata(method data for {method} {0x000002b3ea69e9d0} 'serviceChanged' '(Lorg/osgi/framework/ServiceEvent;)V' in 'org/eclipse/osgi/internal/serviceregistry/FilteredServiceListener')}
  0x000002b392d0e61c: ff48 bb00 | 5c7a eab3 | 0200 0048 | c7c0 8001 | 0000 7407 | 48c7 c090 | 0100 0048 | 8b0c 0348 
  0x000002b392d0e63c: 8d49 0148 | 890c 030f | 84ec 0100 | 0048 3b06 

  0x000002b392d0e64c: ;   {metadata(method data for {method} {0x000002b3ea69e9d0} 'serviceChanged' '(Lorg/osgi/framework/ServiceEvent;)V' in 'org/eclipse/osgi/internal/serviceregistry/FilteredServiceListener')}
  0x000002b392d0e64c: 488b de48 | b800 5c7a | eab3 0200 

  0x000002b392d0e658: ;   {metadata('org/eclipse/osgi/internal/serviceregistry/ServiceReferenceImpl')}
  0x000002b392d0e658: 0049 bae8 | 5610 a8b3 | 0200 004c | 8990 b001 | 0000 4883 | 80b8 0100 

  0x000002b392d0e670: ;   {metadata(method data for {method} {0x000002b3ea6ad1e0} 'getClasses' '()[Ljava/lang/String;' in 'org/eclipse/osgi/internal/serviceregistry/ServiceReferenceImpl')}
  0x000002b392d0e670: 0001 48bb | 1866 7aea | b302 0000 | 8b83 cc00 | 0000 83c0 | 0289 83cc | 0000 0025 | feff 1f00 
  0x000002b392d0e690: 85c0 0f84 | 8027 0000 | 8b5e 0c48 | 3b03 488b 

  0x000002b392d0e6a0: ;   {metadata(method data for {method} {0x000002b3ea6ad1e0} 'getClasses' '()[Ljava/lang/String;' in 'org/eclipse/osgi/internal/serviceregistry/ServiceReferenceImpl')}
  0x000002b392d0e6a0: c348 b918 | 667a eab3 | 0200 008b | 4008 49ba | 0000 00a7 | b302 0000 | 4903 c248 | 3b81 2001 
  0x000002b392d0e6c0: 0000 750d | 4883 8128 | 0100 0001 | e960 0000 | 0048 3b81 | 3001 0000 | 750d 4883 | 8138 0100 
  0x000002b392d0e6e0: 0001 e94a | 0000 0048 | 83b9 2001 | 0000 0075 | 1748 8981 | 2001 0000 | 48c7 8128 | 0100 0001 
  0x000002b392d0e700: 0000 00e9 | 2900 0000 | 4883 b930 | 0100 0000 | 7517 4889 | 8130 0100 | 0048 c781 | 3801 0000 
  0x000002b392d0e720: 0100 0000 | e908 0000 | 0048 8381 | 1001 0000 | 018b 5b28 

  0x000002b392d0e734: ; implicit exception: dispatches to 0x000002b392d10e3e
                      ;   {metadata(method data for {method} {0x000002b3ea69e9d0} 'serviceChanged' '(Lorg/osgi/framework/ServiceEvent;)V' in 'org/eclipse/osgi/internal/serviceregistry/FilteredServiceListener')}
  0x000002b392d0e734: 8b43 0c48 | b900 5c7a | eab3 0200 | 00ff 81d8 | 0100 00b9 | 0000 0000 | e940 0000 | 000f 1f80 
  0x000002b392d0e754: 0000 0000 | 4c63 c946 | 8b4c 8b10 

  0x000002b392d0e760: ;   {metadata(method data for {method} {0x000002b3ea69e9d0} 'serviceChanged' '(Lorg/osgi/framework/ServiceEvent;)V' in 'org/eclipse/osgi/internal/serviceregistry/FilteredServiceListener')}
  0x000002b392d0e760: 4c3b cf49 | b900 5c7a | eab3 0200 | 0049 c7c3 | 0002 0000 | 7407 49c7 | c3f0 0100 | 004f 8b2c 
  0x000002b392d0e780: 194d 8d6d | 014f 892c | 190f 8496 | 0000 00ff | c13b c841 | b902 0000 | 007c 0641 | b900 0000 
  0x000002b392d0e7a0: ;   {metadata(method data for {method} {0x000002b3ea69e9d0} 'serviceChanged' '(Lorg/osgi/framework/ServiceEvent;)V' in 'org/eclipse/osgi/internal/serviceregistry/FilteredServiceListener')}
  0x000002b392d0e7a0: 0049 bb00 | 5c7a eab3 | 0200 0045 | 8bab d000 | 0000 4503 | e945 89ab | d000 0000 | 4585 c975 
  0x000002b392d0e7c0: 0641 bd02 | 0000 0041 | 81e5 fe3f | 0000 4585 | ed0f 846c | 2600 004d | 8b97 5804 

  0x000002b392d0e7dc: ; ImmutableOopMap {rdx=Oop r8=Oop rsi=Oop rdi=Oop rbx=Oop [160]=Oop [168]=Oop }
                      ;*if_icmplt {reexecute=1 rethrow=0 return_oop=0}
                      ; - (reexecute) org.eclipse.osgi.internal.serviceregistry.FilteredServiceListener::serviceChanged@51 (line 103)
                      ;   {poll}
  0x000002b392d0e7dc: 0000 4185 

  0x000002b392d0e7e0: ;   {metadata(method data for {method} {0x000002b3ea69e9d0} 'serviceChanged' '(Lorg/osgi/framework/ServiceEvent;)V' in 'org/eclipse/osgi/internal/serviceregistry/FilteredServiceListener')}
  0x000002b392d0e7e0: 023b c849 | b900 5c7a | eab3 0200 | 0049 c7c3 | 2802 0000 | 7c07 49c7 | c338 0200 | 004f 8b2c 
  0x000002b392d0e800: 194d 8d6d | 014f 892c | 190f 8c49 | ffff ff48 | 81c4 4001 

  0x000002b392d0e814: ;   {poll_return}
  0x000002b392d0e814: 0000 5d49 | 3ba7 5004 | 0000 0f87 | 4026 0000 

  0x000002b392d0e824: ;   {metadata(method data for {method} {0x000002b3ea69e9d0} 'serviceChanged' '(Lorg/osgi/framework/ServiceEvent;)V' in 'org/eclipse/osgi/internal/serviceregistry/FilteredServiceListener')}
  0x000002b392d0e824: c348 bf00 | 5c7a eab3 | 0200 00ff | 8710 0200 | 008b 7a18 

  0x000002b392d0e838: ;   {metadata(method data for {method} {0x000002b3ea69e9d0} 'serviceChanged' '(Lorg/osgi/framework/ServiceEvent;)V' in 'org/eclipse/osgi/internal/serviceregistry/FilteredServiceListener')}
  0x000002b392d0e838: 48bb 005c | 7aea b302 | 0000 4883 | 8348 0200 | 0001 498b | d04c 8984 | 24b0 0000 | 004c 8bc7 
  0x000002b392d0e858: 0f1f 8000 

  0x000002b392d0e85c: ;   {static_call}
  0x000002b392d0e85c: 0000 00e8 

  0x000002b392d0e860: ; ImmutableOopMap {[160]=Oop [168]=Oop [176]=Oop }
                      ;*invokestatic hasListenServicePermission {reexecute=0 rethrow=0 return_oop=0}
                      ; - org.eclipse.osgi.internal.serviceregistry.FilteredServiceListener::serviceChanged@60 (line 114)
  0x000002b392d0e860: e02f 0000 

  0x000002b392d0e864: ;   {other}
  0x000002b392d0e864: 0f1f 8400 | 540b 0001 

  0x000002b392d0e86c: ;   {metadata(method data for {method} {0x000002b3ea69e9d0} 'serviceChanged' '(Lorg/osgi/framework/ServiceEvent;)V' in 'org/eclipse/osgi/internal/serviceregistry/FilteredServiceListener')}
  0x000002b392d0e86c: 85c0 48ba | 005c 7aea | b302 0000 | 48c7 c668 | 0200 0074 | 0748 c7c6 | 5802 0000 | 488b 3c32 
  0x000002b392d0e88c: 488d 7f01 | 4889 3c32 | 0f84 ce24 | 0000 488b | 9424 a000 | 0000 8b72 | 200f be76 

  0x000002b392d0e8a8: ;   {metadata(method data for {method} {0x000002b3ea69e9d0} 'serviceChanged' '(Lorg/osgi/framework/ServiceEvent;)V' in 'org/eclipse/osgi/internal/serviceregistry/FilteredServiceListener')}
  0x000002b392d0e8a8: 1385 f648 | be00 5c7a | eab3 0200 | 0048 c7c7 | 7802 0000 | 7407 48c7 | c788 0200 | 0048 8b04 
  0x000002b392d0e8c8: 3e48 8d40 | 0148 8904 | 3e0f 84cd | 1500 0048 | 8bda 660f | 1f44 0000 

  0x000002b392d0e8e0: ;   {no_reloc}
  0x000002b392d0e8e0: e9a9 2500 | 0000 0000 | 0000 498b | 87b8 0100 | 0048 8d78 | 1849 3bbf | c801 0000 | 0f87 9625 
  0x000002b392d0e900: 0000 4989 | bfb8 0100 | 0048 c700 | 0100 0000 | 488b ca49 | ba00 0000 | a7b3 0200 | 0049 2bca 
  0x000002b392d0e920: 8948 0848 | 33c9 8948 | 0c48 33c9 | 4889 4810 | 4889 8424 | b800 0000 

  0x000002b392d0e938: ;   {metadata(method data for {method} {0x000002b3ea69e9d0} 'serviceChanged' '(Lorg/osgi/framework/ServiceEvent;)V' in 'org/eclipse/osgi/internal/serviceregistry/FilteredServiceListener')}
  0x000002b392d0e938: 488b d348 | be00 5c7a | eab3 0200 | 0048 8386 | 9802 0000 | 018b 5308 | 49ba 0000 | 00a7 b302 
  0x000002b392d0e958: 0000 4903 | d248 8b52 | 7048 8b12 

  0x000002b392d0e964: ; implicit exception: dispatches to 0x000002b392d10ea5
  0x000002b392d0e964: 483b 0248 

  0x000002b392d0e968: ;   {metadata(method data for {method} {0x000002b3ea69e9d0} 'serviceChanged' '(Lorg/osgi/framework/ServiceEvent;)V' in 'org/eclipse/osgi/internal/serviceregistry/FilteredServiceListener')}
  0x000002b392d0e968: 8bf2 48bf | 005c 7aea | b302 0000 | 4883 87d0 | 0200 0001 

  0x000002b392d0e97c: ;   {metadata(method data for {method} {0x000002b3a7469ad8} 'getName' '()Ljava/lang/String;' in 'java/lang/Class')}
  0x000002b392d0e97c: 48be 485f | 05ea b302 | 0000 8bbe | cc00 0000 | 83c7 0289 | becc 0000 | 0081 e7fe | ff1f 0085 
  0x000002b392d0e99c: ff0f 8407 | 2500 008b | 722c 4885 

  0x000002b392d0e9a8: ;   {metadata(method data for {method} {0x000002b3a7469ad8} 'getName' '()Ljava/lang/String;' in 'java/lang/Class')}
  0x000002b392d0e9a8: f648 bf48 | 5f05 eab3 | 0200 0048 | c7c1 1001 | 0000 7407 | 48c7 c120 | 0100 004c | 8b04 0f4d 
  0x000002b392d0e9c8: 8d40 014c | 8904 0f0f | 8415 0000 

  0x000002b392d0e9d4: ;   {metadata(method data for {method} {0x000002b3a7469ad8} 'getName' '()Ljava/lang/String;' in 'java/lang/Class')}
  0x000002b392d0e9d4: 0048 ba48 | 5f05 eab3 | 0200 00ff | 8230 0100 | 00e9 2500 | 0000 488b 

  0x000002b392d0e9ec: ;   {metadata(method data for {method} {0x000002b3a7469ad8} 'getName' '()Ljava/lang/String;' in 'java/lang/Class')}
  0x000002b392d0e9ec: fa48 bb48 | 5f05 eab3 | 0200 0048 | 8383 4801 

  0x000002b392d0e9fc: ;   {optimized virtual_call}
  0x000002b392d0e9fc: 0000 01e8 

  0x000002b392d0ea00: ; ImmutableOopMap {[160]=Oop [168]=Oop [176]=Oop [184]=Oop }
                      ;*invokevirtual initClassName {reexecute=0 rethrow=0 return_oop=0}
                      ; - java.lang.Class::getName@14
                      ; - org.eclipse.osgi.internal.serviceregistry.FilteredServiceListener::serviceChanged@85 (line 118)
  0x000002b392d0ea00: 7cfd 2207 

  0x000002b392d0ea04: ;   {other}
  0x000002b392d0ea04: 0f1f 8400 | f40c 0002 

  0x000002b392d0ea0c: ;   {metadata(method data for {method} {0x000002b3ea69e9d0} 'serviceChanged' '(Lorg/osgi/framework/ServiceEvent;)V' in 'org/eclipse/osgi/internal/serviceregistry/FilteredServiceListener')}
  0x000002b392d0ea0c: 488b f048 | ba00 5c7a | eab3 0200 | 0048 8382 | 0803 0000 

  0x000002b392d0ea20: ;   {metadata(method data for {method} {0x000002b3a7455280} 'valueOf' '(Ljava/lang/Object;)Ljava/lang/String;' in 'java/lang/String')}
  0x000002b392d0ea20: 0148 ba00 | 050f eab3 | 0200 008b | bacc 0000 | 0083 c702 | 89ba cc00 | 0000 81e7 | feff 1f00 
  0x000002b392d0ea40: 85ff 0f84 | 8324 0000 

  0x000002b392d0ea48: ;   {metadata(method data for {method} {0x000002b3a7455280} 'valueOf' '(Ljava/lang/Object;)Ljava/lang/String;' in 'java/lang/String')}
  0x000002b392d0ea48: 4885 f648 | ba00 050f | eab3 0200 | 0048 c7c7 | 1001 0000 | 7507 48c7 | c720 0100 | 0048 8b1c 
  0x000002b392d0ea68: 3a48 8d5b | 0148 891c | 3a0f 851f 

  0x000002b392d0ea74: ;   {metadata(method data for {method} {0x000002b3a7455280} 'valueOf' '(Ljava/lang/Object;)Ljava/lang/String;' in 'java/lang/String')}
  0x000002b392d0ea74: 0000 0048 | ba00 050f | eab3 0200 | 00ff 8230 

  0x000002b392d0ea84: ;   {oop("null"{0x0000000080000498})}
  0x000002b392d0ea84: 0100 0048 | be98 0400 | 8000 0000 | 00e9 b900 | 0000 483b | 0648 8bd6 

  0x000002b392d0ea9c: ;   {metadata(method data for {method} {0x000002b3a7455280} 'valueOf' '(Ljava/lang/Object;)Ljava/lang/String;' in 'java/lang/String')}
  0x000002b392d0ea9c: 48bf 0005 | 0fea b302 | 0000 8b52 | 0849 ba00 | 0000 a7b3 | 0200 0049 | 03d2 483b | 9758 0100 
  0x000002b392d0eabc: 0075 0d48 | 8387 6001 | 0000 01e9 | 6000 0000 | 483b 9768 | 0100 0075 | 0d48 8387 | 7001 0000 
  0x000002b392d0eadc: 01e9 4a00 | 0000 4883 | bf58 0100 | 0000 7517 | 4889 9758 | 0100 0048 | c787 6001 | 0000 0100 
  0x000002b392d0eafc: 0000 e929 | 0000 0048 | 83bf 6801 | 0000 0075 | 1748 8997 | 6801 0000 | 48c7 8770 | 0100 0001 
  0x000002b392d0eb1c: 0000 00e9 | 0800 0000 | 4883 8748 | 0100 0001 | 488b d666 | 0f1f 4400 | 0048 b8ff | ffff ffff 
  0x000002b392d0eb3c: ;   {virtual_call}
  0x000002b392d0eb3c: ffff ffe8 

  0x000002b392d0eb40: ; ImmutableOopMap {[160]=Oop [168]=Oop [176]=Oop [184]=Oop }
                      ;*invokevirtual toString {reexecute=0 rethrow=0 return_oop=0}
                      ; - java.lang.String::valueOf@11
                      ; - org.eclipse.osgi.internal.serviceregistry.FilteredServiceListener::serviceChanged@88 (line 118)
  0x000002b392d0eb40: 3cff 2207 

  0x000002b392d0eb44: ;   {other}
  0x000002b392d0eb44: 0f1f 8400 | 340e 0003 | 488b f048 | 8b84 24b8 | 0000 004c 

  0x000002b392d0eb58: ;   {metadata(method data for {method} {0x000002b3ea69e9d0} 'serviceChanged' '(Lorg/osgi/framework/ServiceEvent;)V' in 'org/eclipse/osgi/internal/serviceregistry/FilteredServiceListener')}
  0x000002b392d0eb58: 8bc0 48bf | 005c 7aea | b302 0000 | 4883 8718 | 0300 0001 

  0x000002b392d0eb6c: ;   {metadata(method data for {method} {0x000002b3a7461da8} '<init>' '(Ljava/lang/String;)V' in 'java/lang/StringBuilder')}
  0x000002b392d0eb6c: 49b8 f020 | 30ea b302 | 0000 418b | b8cc 0000 | 0083 c702 | 4189 b8cc | 0000 0081 | e7fe ff1f 
  0x000002b392d0eb8c: 0085 ff0f | 845c 2300 | 004c 8bc0 

  0x000002b392d0eb98: ;   {metadata(method data for {method} {0x000002b3a7461da8} '<init>' '(Ljava/lang/String;)V' in 'java/lang/StringBuilder')}
  0x000002b392d0eb98: 48bf f020 | 30ea b302 | 0000 4883 | 8710 0100 | 0001 4c8b | c648 8bd0 | 0f1f 8000 

  0x000002b392d0ebb4: ;   {optimized virtual_call}
  0x000002b392d0ebb4: 0000 00e8 

  0x000002b392d0ebb8: ; ImmutableOopMap {[160]=Oop [168]=Oop [176]=Oop [184]=Oop }
                      ;*invokespecial <init> {reexecute=0 rethrow=0 return_oop=0}
                      ; - java.lang.StringBuilder::<init>@2
                      ; - org.eclipse.osgi.internal.serviceregistry.FilteredServiceListener::serviceChanged@91 (line 118)
  0x000002b392d0ebb8: c4fb 2207 

  0x000002b392d0ebbc: ;   {other}
  0x000002b392d0ebbc: 0f1f 8400 | ac0e 0004 | 488b 8424 | b800 0000 

  0x000002b392d0ebcc: ;   {metadata(method data for {method} {0x000002b3ea69e9d0} 'serviceChanged' '(Lorg/osgi/framework/ServiceEvent;)V' in 'org/eclipse/osgi/internal/serviceregistry/FilteredServiceListener')}
  0x000002b392d0ebcc: 49b8 005c | 7aea b302 | 0000 4983 | 8028 0300 

  0x000002b392d0ebdc: ;   {metadata(method data for {method} {0x000002b3a7461ae8} 'append' '(Ljava/lang/String;)Ljava/lang/StringBuilder;' in 'java/lang/StringBuilder')}
  0x000002b392d0ebdc: 0001 49b8 | 00b2 00ea | b302 0000 | 418b 90cc | 0000 0083 | c202 4189 | 90cc 0000 | 0081 e2fe 
  0x000002b392d0ebfc: ff1f 0085 | d20f 840b | 2300 0048 | 8b84 24b8 

  0x000002b392d0ec0c: ;   {metadata(method data for {method} {0x000002b3a7461ae8} 'append' '(Ljava/lang/String;)Ljava/lang/StringBuilder;' in 'java/lang/StringBuilder')}
  0x000002b392d0ec0c: 0000 0049 | b800 b200 | eab3 0200 | 0049 8380 | 1001 0000 

  0x000002b392d0ec20: ;   {oop("@"{0x0000000080000000})}
  0x000002b392d0ec20: 0149 b800 | 0000 8000 | 0000 0048 | 8b94 24b8 | 0000 000f 

  0x000002b392d0ec34: ;   {optimized virtual_call}
  0x000002b392d0ec34: 1f40 00e8 

  0x000002b392d0ec38: ; ImmutableOopMap {[160]=Oop [168]=Oop [176]=Oop [184]=Oop }
                      ;*invokespecial append {reexecute=0 rethrow=0 return_oop=0}
                      ; - java.lang.StringBuilder::append@2
                      ; - org.eclipse.osgi.internal.serviceregistry.FilteredServiceListener::serviceChanged@96 (line 118)
  0x000002b392d0ec38: 44fb 2207 

  0x000002b392d0ec3c: ;   {other}
  0x000002b392d0ec3c: 0f1f 8400 | 2c0f 0005 

  0x000002b392d0ec44: ;   {metadata(method data for {method} {0x000002b3ea69e9d0} 'serviceChanged' '(Lorg/osgi/framework/ServiceEvent;)V' in 'org/eclipse/osgi/internal/serviceregistry/FilteredServiceListener')}
  0x000002b392d0ec44: 48ba 005c | 7aea b302 | 0000 4883 | 8260 0300 | 0001 488b | 9424 a000 

  0x000002b392d0ec5c: ;   {static_call}
  0x000002b392d0ec5c: 0000 90e8 

  0x000002b392d0ec60: ; ImmutableOopMap {[160]=Oop [168]=Oop [176]=Oop [184]=Oop }
                      ;*invokestatic identityHashCode {reexecute=0 rethrow=0 return_oop=0}
                      ; - org.eclipse.osgi.internal.serviceregistry.FilteredServiceListener::serviceChanged@100 (line 118)
  0x000002b392d0ec60: 1c01 2307 

  0x000002b392d0ec64: ;   {other}
  0x000002b392d0ec64: 0f1f 8400 | 540f 0006 

  0x000002b392d0ec6c: ;   {metadata(method data for {method} {0x000002b3ea69e9d0} 'serviceChanged' '(Lorg/osgi/framework/ServiceEvent;)V' in 'org/eclipse/osgi/internal/serviceregistry/FilteredServiceListener')}
  0x000002b392d0ec6c: 48ba 005c | 7aea b302 | 0000 4883 | 8270 0300 

  0x000002b392d0ec7c: ;   {metadata(method data for {method} {0x000002b3a7416620} 'toHexString' '(I)Ljava/lang/String;' in 'java/lang/Integer')}
  0x000002b392d0ec7c: 0001 48ba | e885 2fea | b302 0000 | 448b 82cc | 0000 0041 | 83c0 0244 | 8982 cc00 | 0000 4181 
  0x000002b392d0ec9c: e0fe ff1f | 0045 85c0 | 0f84 8922 

  0x000002b392d0eca8: ;   {metadata(method data for {method} {0x000002b3a7416620} 'toHexString' '(I)Ljava/lang/String;' in 'java/lang/Integer')}
  0x000002b392d0eca8: 0000 48ba | e885 2fea | b302 0000 | 4883 8210 | 0100 0001 | 488b d041 | b804 0000 

  0x000002b392d0ecc4: ;   {static_call}
  0x000002b392d0ecc4: 0066 90e8 

  0x000002b392d0ecc8: ; ImmutableOopMap {[160]=Oop [168]=Oop [176]=Oop [184]=Oop }
                      ;*invokestatic toUnsignedString0 {reexecute=0 rethrow=0 return_oop=0}
                      ; - java.lang.Integer::toHexString@2
                      ; - org.eclipse.osgi.internal.serviceregistry.FilteredServiceListener::serviceChanged@103 (line 118)
  0x000002b392d0ecc8: b400 2307 

  0x000002b392d0eccc: ;   {other}
  0x000002b392d0eccc: 0f1f 8400 | bc0f 0007 | 4c8b 8424 | b800 0000 

  0x000002b392d0ecdc: ;   {metadata(method data for {method} {0x000002b3ea69e9d0} 'serviceChanged' '(Lorg/osgi/framework/ServiceEvent;)V' in 'org/eclipse/osgi/internal/serviceregistry/FilteredServiceListener')}
  0x000002b392d0ecdc: 48ba 005c | 7aea b302 | 0000 4883 | 8280 0300 

  0x000002b392d0ecec: ;   {metadata(method data for {method} {0x000002b3a7461ae8} 'append' '(Ljava/lang/String;)Ljava/lang/StringBuilder;' in 'java/lang/StringBuilder')}
  0x000002b392d0ecec: 0001 49b8 | 00b2 00ea | b302 0000 | 418b 90cc | 0000 0083 | c202 4189 | 90cc 0000 | 0081 e2fe 
  0x000002b392d0ed0c: ff1f 0085 | d20f 843d | 2200 004c | 8b84 24b8 

  0x000002b392d0ed1c: ;   {metadata(method data for {method} {0x000002b3a7461ae8} 'append' '(Ljava/lang/String;)Ljava/lang/StringBuilder;' in 'java/lang/StringBuilder')}
  0x000002b392d0ed1c: 0000 0048 | ba00 b200 | eab3 0200 | 0048 8382 | 1001 0000 | 014c 8bc0 | 488b 9424 | b800 0000 
  0x000002b392d0ed3c: ;   {optimized virtual_call}
  0x000002b392d0ed3c: 6666 90e8 

  0x000002b392d0ed40: ; ImmutableOopMap {[160]=Oop [168]=Oop [176]=Oop [184]=Oop }
                      ;*invokespecial append {reexecute=0 rethrow=0 return_oop=0}
                      ; - java.lang.StringBuilder::append@2
                      ; - org.eclipse.osgi.internal.serviceregistry.FilteredServiceListener::serviceChanged@106 (line 118)
  0x000002b392d0ed40: 3cfa 2207 

  0x000002b392d0ed44: ;   {other}
  0x000002b392d0ed44: 0f1f 8400 | 3410 0008 | 488b 8424 | b800 0000 

  0x000002b392d0ed54: ;   {metadata(method data for {method} {0x000002b3ea69e9d0} 'serviceChanged' '(Lorg/osgi/framework/ServiceEvent;)V' in 'org/eclipse/osgi/internal/serviceregistry/FilteredServiceListener')}
  0x000002b392d0ed54: 48ba 005c | 7aea b302 | 0000 4883 | 82b8 0300 

  0x000002b392d0ed64: ;   {metadata(method data for {method} {0x000002b3a7008958} 'toString' '()Ljava/lang/String;' in 'java/lang/StringBuilder')}
  0x000002b392d0ed64: 0001 48ba | 58b9 00ea | b302 0000 | 8bb2 cc00 | 0000 83c6 | 0289 b2cc | 0000 0081 | e6fe ff1f 
  0x000002b392d0ed84: 0085 f60f | 84e8 2100 

  0x000002b392d0ed8c: ;   {metadata('java/lang/String')}
  0x000002b392d0ed8c: 0048 ba78 | e800 a7b3 | 0200 0049 | 8b87 b801 | 0000 488d | 7818 493b | bfc8 0100 | 000f 87e7 
  0x000002b392d0edac: 2100 0049 | 89bf b801 | 0000 48c7 | 0001 0000 | 0048 8bca | 49ba 0000 | 00a7 b302 | 0000 492b 
  0x000002b392d0edcc: ca89 4808 | 4833 c989 | 480c 4833 | c948 8948 | 104c 8bc0 

  0x000002b392d0ede0: ;   {metadata(method data for {method} {0x000002b3a7008958} 'toString' '()Ljava/lang/String;' in 'java/lang/StringBuilder')}
  0x000002b392d0ede0: 49b9 58b9 | 00ea b302 | 0000 4983 | 8110 0100 

  0x000002b392d0edf0: ;   {metadata(method data for {method} {0x000002b3a7455dd8} '<init>' '(Ljava/lang/StringBuilder;)V' in 'java/lang/String')}
  0x000002b392d0edf0: 0001 49b8 | d0ba 00ea | b302 0000 | 458b 88cc | 0000 0041 | 83c1 0245 | 8988 cc00 | 0000 4181 
  0x000002b392d0ee10: e1fe ff1f | 0045 85c9 | 0f84 8521 | 0000 4c8b 

  0x000002b392d0ee20: ;   {metadata(method data for {method} {0x000002b3a7455dd8} '<init>' '(Ljava/lang/StringBuilder;)V' in 'java/lang/String')}
  0x000002b392d0ee20: c049 b9d0 | ba00 eab3 | 0200 0049 | 8381 1001 | 0000 014c | 8b84 24b8 

  0x000002b392d0ee38: ;   {oop(nullptr)}
  0x000002b392d0ee38: 0000 0049 | b900 0000 | 0000 0000 | 0048 8bd0 | 4889 8424 | c000 0000 | 0f1f 8000 

  0x000002b392d0ee54: ;   {optimized virtual_call}
  0x000002b392d0ee54: 0000 00e8 

  0x000002b392d0ee58: ; ImmutableOopMap {[160]=Oop [168]=Oop [176]=Oop [192]=Oop }
                      ;*invokespecial <init> {reexecute=0 rethrow=0 return_oop=0}
                      ; - java.lang.String::<init>@3
                      ; - java.lang.StringBuilder::toString@5
                      ; - org.eclipse.osgi.internal.serviceregistry.FilteredServiceListener::serviceChanged@109 (line 118)
  0x000002b392d0ee58: 24f9 2207 

  0x000002b392d0ee5c: ;   {other}
  0x000002b392d0ee5c: 0f1f 8400 | 4c11 0009 | 488b 9424 | a000 0000 | 8b5a 2048 | 899c 24d0 | 0000 0090 

  0x000002b392d0ee78: ;   {no_reloc}
  0x000002b392d0ee78: e956 2100 | 0000 0000 | 0000 498b | 87b8 0100 | 0048 8d78 | 1849 3bbf | c801 0000 | 0f87 4321 
  0x000002b392d0ee98: 0000 4989 | bfb8 0100 | 0048 c700 | 0100 0000 | 488b ca49 | ba00 0000 | a7b3 0200 | 0049 2bca 
  0x000002b392d0eeb8: 8948 0848 | 33c9 8948 | 0c48 33c9 | 4889 4810 | 4889 8424 | c800 0000 

  0x000002b392d0eed0: ;   {metadata(method data for {method} {0x000002b3ea69e9d0} 'serviceChanged' '(Lorg/osgi/framework/ServiceEvent;)V' in 'org/eclipse/osgi/internal/serviceregistry/FilteredServiceListener')}
  0x000002b392d0eed0: 4c8b c048 | ba00 5c7a | eab3 0200 | 0048 8382 | f003 0000 

  0x000002b392d0eee4: ;   {metadata(method data for {method} {0x000002b3a7461da8} '<init>' '(Ljava/lang/String;)V' in 'java/lang/StringBuilder')}
  0x000002b392d0eee4: 0149 b8f0 | 2030 eab3 | 0200 0041 | 8b90 cc00 | 0000 83c2 | 0241 8990 | cc00 0000 | 81e2 feff 
  0x000002b392d0ef04: 1f00 85d2 | 0f84 dc20 | 0000 4c8b 

  0x000002b392d0ef10: ;   {metadata(method data for {method} {0x000002b3a7461da8} '<init>' '(Ljava/lang/String;)V' in 'java/lang/StringBuilder')}
  0x000002b392d0ef10: c048 baf0 | 2030 eab3 | 0200 0048 | 8382 1001 

  0x000002b392d0ef20: ;   {oop("filterServiceEvent("{0x0000000080120e60})}
  0x000002b392d0ef20: 0000 0149 | b860 0e12 | 8000 0000 | 0048 8bd0 | 0f1f 8000 

  0x000002b392d0ef34: ;   {optimized virtual_call}
  0x000002b392d0ef34: 0000 00e8 

  0x000002b392d0ef38: ; ImmutableOopMap {[160]=Oop [168]=Oop [176]=Oop [192]=Oop [200]=Oop [208]=Oop }
                      ;*invokespecial <init> {reexecute=0 rethrow=0 return_oop=0}
                      ; - java.lang.StringBuilder::<init>@2
                      ; - org.eclipse.osgi.internal.serviceregistry.FilteredServiceListener::serviceChanged@125 (line 119)
  0x000002b392d0ef38: 44f8 2207 

  0x000002b392d0ef3c: ;   {other}
  0x000002b392d0ef3c: 0f1f 8400 | 2c12 000a | 488b 8424 | c800 0000 

  0x000002b392d0ef4c: ;   {metadata(method data for {method} {0x000002b3ea69e9d0} 'serviceChanged' '(Lorg/osgi/framework/ServiceEvent;)V' in 'org/eclipse/osgi/internal/serviceregistry/FilteredServiceListener')}
  0x000002b392d0ef4c: 49b8 005c | 7aea b302 | 0000 4983 | 8000 0400 

  0x000002b392d0ef5c: ;   {metadata(method data for {method} {0x000002b3a7461ae8} 'append' '(Ljava/lang/String;)Ljava/lang/StringBuilder;' in 'java/lang/StringBuilder')}
  0x000002b392d0ef5c: 0001 49b8 | 00b2 00ea | b302 0000 | 418b 90cc | 0000 0083 | c202 4189 | 90cc 0000 | 0081 e2fe 
  0x000002b392d0ef7c: ff1f 0085 | d20f 8484 | 2000 0048 | 8b84 24c8 

  0x000002b392d0ef8c: ;   {metadata(method data for {method} {0x000002b3a7461ae8} 'append' '(Ljava/lang/String;)Ljava/lang/StringBuilder;' in 'java/lang/StringBuilder')}
  0x000002b392d0ef8c: 0000 0049 | b800 b200 | eab3 0200 | 0049 8380 | 1001 0000 | 014c 8b84 | 24c0 0000 | 0048 8b94 
  0x000002b392d0efac: 24c8 0000 | 0066 0f1f 

  0x000002b392d0efb4: ;   {optimized virtual_call}
  0x000002b392d0efb4: 4400 00e8 

  0x000002b392d0efb8: ; ImmutableOopMap {[160]=Oop [168]=Oop [176]=Oop [200]=Oop [208]=Oop }
                      ;*invokespecial append {reexecute=0 rethrow=0 return_oop=0}
                      ; - java.lang.StringBuilder::append@2
                      ; - org.eclipse.osgi.internal.serviceregistry.FilteredServiceListener::serviceChanged@129 (line 119)
  0x000002b392d0efb8: c4f7 2207 

  0x000002b392d0efbc: ;   {other}
  0x000002b392d0efbc: 0f1f 8400 | ac12 000b | 488b 8424 | c800 0000 

  0x000002b392d0efcc: ;   {metadata(method data for {method} {0x000002b3ea69e9d0} 'serviceChanged' '(Lorg/osgi/framework/ServiceEvent;)V' in 'org/eclipse/osgi/internal/serviceregistry/FilteredServiceListener')}
  0x000002b392d0efcc: 49b8 005c | 7aea b302 | 0000 4983 | 8038 0400 

  0x000002b392d0efdc: ;   {metadata(method data for {method} {0x000002b3a7461ae8} 'append' '(Ljava/lang/String;)Ljava/lang/StringBuilder;' in 'java/lang/StringBuilder')}
  0x000002b392d0efdc: 0001 49b8 | 00b2 00ea | b302 0000 | 418b 90cc | 0000 0083 | c202 4189 | 90cc 0000 | 0081 e2fe 
  0x000002b392d0effc: ff1f 0085 | d20f 8425 | 2000 0048 | 8b84 24c8 

  0x000002b392d0f00c: ;   {metadata(method data for {method} {0x000002b3a7461ae8} 'append' '(Ljava/lang/String;)Ljava/lang/StringBuilder;' in 'java/lang/StringBuilder')}
  0x000002b392d0f00c: 0000 0049 | b800 b200 | eab3 0200 | 0049 8380 | 1001 0000 

  0x000002b392d0f020: ;   {oop(", ""{0x0000000080120e78})}
  0x000002b392d0f020: 0149 b878 | 0e12 8000 | 0000 0048 | 8b94 24c8 | 0000 000f 

  0x000002b392d0f034: ;   {optimized virtual_call}
  0x000002b392d0f034: 1f40 00e8 

  0x000002b392d0f038: ; ImmutableOopMap {[160]=Oop [168]=Oop [176]=Oop [200]=Oop [208]=Oop }
                      ;*invokespecial append {reexecute=0 rethrow=0 return_oop=0}
                      ; - java.lang.StringBuilder::append@2
                      ; - org.eclipse.osgi.internal.serviceregistry.FilteredServiceListener::serviceChanged@134 (line 119)
  0x000002b392d0f038: 44f7 2207 

  0x000002b392d0f03c: ;   {other}
  0x000002b392d0f03c: 0f1f 8400 | 2c13 000c | 488b 9424 | a000 0000 

  0x000002b392d0f04c: ;   {metadata(method data for {method} {0x000002b3ea69e9d0} 'serviceChanged' '(Lorg/osgi/framework/ServiceEvent;)V' in 'org/eclipse/osgi/internal/serviceregistry/FilteredServiceListener')}
  0x000002b392d0f04c: 48be 005c | 7aea b302 

  0x000002b392d0f054: ;   {metadata('org/eclipse/osgi/internal/serviceregistry/FilteredServiceListener')}
  0x000002b392d0f054: 0000 49ba | 40d6 0ba8 | b302 0000 | 4c89 9680 | 0400 0048 | 8386 8804 

  0x000002b392d0f06c: ;   {metadata(method data for {method} {0x000002b3ea69ede8} 'getFilter' '()Ljava/lang/String;' in 'org/eclipse/osgi/internal/serviceregistry/FilteredServiceListener')}
  0x000002b392d0f06c: 0000 0148 | ba08 6b7a | eab3 0200 | 008b b2cc | 0000 0083 | c602 89b2 | cc00 0000 | 81e6 feff 
  0x000002b392d0f08c: 1f00 85f6 | 0f84 b71f | 0000 488b | 9424 a000 | 0000 8b72 | 1048 85f6 

  0x000002b392d0f0a4: ;   {metadata(method data for {method} {0x000002b3ea69ede8} 'getFilter' '()Ljava/lang/String;' in 'org/eclipse/osgi/internal/serviceregistry/FilteredServiceListener')}
  0x000002b392d0f0a4: 48bf 086b | 7aea b302 | 0000 48c7 | c310 0100 | 0074 0748 | c7c3 2001 | 0000 488b | 041f 488d 
  0x000002b392d0f0c4: 4001 4889 | 041f 0f84 | b100 0000 

  0x000002b392d0f0d0: ; implicit exception: dispatches to 0x000002b392d1106e
  0x000002b392d0f0d0: 483b 0648 

  0x000002b392d0f0d4: ;   {metadata(method data for {method} {0x000002b3ea69ede8} 'getFilter' '()Ljava/lang/String;' in 'org/eclipse/osgi/internal/serviceregistry/FilteredServiceListener')}
  0x000002b392d0f0d4: 8bfe 48bb | 086b 7aea | b302 0000 | 8b7f 0849 | ba00 0000 | a7b3 0200 | 0049 03fa | 483b bb40 
  0x000002b392d0f0f4: 0100 0075 | 0d48 8383 | 4801 0000 | 01e9 6000 | 0000 483b | bb50 0100 | 0075 0d48 | 8383 5801 
  0x000002b392d0f114: 0000 01e9 | 4a00 0000 | 4883 bb40 | 0100 0000 | 7517 4889 | bb40 0100 | 0048 c783 | 4801 0000 
  0x000002b392d0f134: 0100 0000 | e929 0000 | 0048 83bb | 5001 0000 | 0075 1748 | 89bb 5001 | 0000 48c7 | 8358 0100 
  0x000002b392d0f154: 0001 0000 | 00e9 0800 | 0000 4883 | 8330 0100 | 0001 488b | d666 0f1f 

  0x000002b392d0f16c: ;   {optimized virtual_call}
  0x000002b392d0f16c: 4400 00e8 

  0x000002b392d0f170: ; ImmutableOopMap {[160]=Oop [168]=Oop [176]=Oop [200]=Oop [208]=Oop }
                      ;*invokevirtual toString {reexecute=0 rethrow=0 return_oop=0}
                      ; - org.eclipse.osgi.internal.serviceregistry.FilteredServiceListener::getFilter@11 (line 203)
                      ; - org.eclipse.osgi.internal.serviceregistry.FilteredServiceListener::serviceChanged@138 (line 119)
  0x000002b392d0f170: 0cf6 2207 

  0x000002b392d0f174: ;   {other}
  0x000002b392d0f174: 0f1f 8400 | 6414 000d | e976 0300 | 008b 5a1c 

  0x000002b392d0f184: ;   {metadata(method data for {method} {0x000002b3ea69ede8} 'getFilter' '()Ljava/lang/String;' in 'org/eclipse/osgi/internal/serviceregistry/FilteredServiceListener')}
  0x000002b392d0f184: 48be 086b | 7aea b302 | 0000 4883 | 8668 0100 

  0x000002b392d0f194: ;   {metadata(method data for {method} {0x000002b3ea69f018} 'getObjectClassFilterString' '(Ljava/lang/String;)Ljava/lang/String;' in 'org/eclipse/osgi/internal/serviceregistry/FilteredServiceListener')}
  0x000002b392d0f194: 0001 48be | b06e 7aea | b302 0000 | 8bbe cc00 | 0000 83c7 | 0289 becc | 0000 0081 | e7fe ff1f 
  0x000002b392d0f1b4: 0085 ff0f | 84b6 1e00 | 0048 85db 

  0x000002b392d0f1c0: ;   {metadata(method data for {method} {0x000002b3ea69f018} 'getObjectClassFilterString' '(Ljava/lang/String;)Ljava/lang/String;' in 'org/eclipse/osgi/internal/serviceregistry/FilteredServiceListener')}
  0x000002b392d0f1c0: 48be b06e | 7aea b302 | 0000 48c7 | c710 0100 | 0075 0748 | c7c7 2001 | 0000 488b | 043e 488d 
  0x000002b392d0f1e0: 4001 4889 | 043e 0f85 | 0f00 0000 

  0x000002b392d0f1ec: ;   {oop(nullptr)}
  0x000002b392d0f1ec: 48be 0000 | 0000 0000 | 0000 e9f9 | 0200 0048 | 899c 24e0 | 0000 000f | 1f44 0000 

  0x000002b392d0f208: ;   {no_reloc}
  0x000002b392d0f208: e996 1e00 | 0000 0000 | 0000 498b | 87b8 0100 | 0048 8d78 | 1849 3bbf | c801 0000 | 0f87 831e 
  0x000002b392d0f228: 0000 4989 | bfb8 0100 | 0048 c700 | 0100 0000 | 488b ca49 | ba00 0000 | a7b3 0200 | 0049 2bca 
  0x000002b392d0f248: 8948 0848 | 33c9 8948 | 0c48 33c9 | 4889 4810 

  0x000002b392d0f258: ;   {metadata(method data for {method} {0x000002b3ea69f018} 'getObjectClassFilterString' '(Ljava/lang/String;)Ljava/lang/String;' in 'org/eclipse/osgi/internal/serviceregistry/FilteredServiceListener')}
  0x000002b392d0f258: 4c8b c048 | bab0 6e7a | eab3 0200 | 0048 8382 | 3001 0000 

  0x000002b392d0f26c: ;   {metadata(method data for {method} {0x000002b3a7461da8} '<init>' '(Ljava/lang/String;)V' in 'java/lang/StringBuilder')}
  0x000002b392d0f26c: 0149 b8f0 | 2030 eab3 | 0200 0041 | 8b90 cc00 | 0000 83c2 | 0241 8990 | cc00 0000 | 81e2 feff 
  0x000002b392d0f28c: 1f00 85d2 | 0f84 241e | 0000 4c8b 

  0x000002b392d0f298: ;   {metadata(method data for {method} {0x000002b3a7461da8} '<init>' '(Ljava/lang/String;)V' in 'java/lang/StringBuilder')}
  0x000002b392d0f298: c048 baf0 | 2030 eab3 | 0200 0048 | 8382 1001 

  0x000002b392d0f2a8: ;   {oop("(objectClass="{0x000000008003b498})}
  0x000002b392d0f2a8: 0000 0149 | b898 b403 | 8000 0000 | 0048 8bd0 | 4889 8424 | d800 0000 | 0f1f 8000 

  0x000002b392d0f2c4: ;   {optimized virtual_call}
  0x000002b392d0f2c4: 0000 00e8 

  0x000002b392d0f2c8: ; ImmutableOopMap {[160]=Oop [168]=Oop [176]=Oop [200]=Oop [208]=Oop [216]=Oop [224]=Oop }
                      ;*invokespecial <init> {reexecute=0 rethrow=0 return_oop=0}
                      ; - java.lang.StringBuilder::<init>@2
                      ; - org.eclipse.osgi.internal.serviceregistry.FilteredServiceListener::getObjectClassFilterString@13 (line 239)
                      ; - org.eclipse.osgi.internal.serviceregistry.FilteredServiceListener::getFilter@19 (line 205)
                      ; - org.eclipse.osgi.internal.serviceregistry.FilteredServiceListener::serviceChanged@138 (line 119)
  0x000002b392d0f2c8: b4f4 2207 

  0x000002b392d0f2cc: ;   {other}
  0x000002b392d0f2cc: 0f1f 8400 | bc15 000e | 488b 8424 | d800 0000 

  0x000002b392d0f2dc: ;   {metadata(method data for {method} {0x000002b3ea69f018} 'getObjectClassFilterString' '(Ljava/lang/String;)Ljava/lang/String;' in 'org/eclipse/osgi/internal/serviceregistry/FilteredServiceListener')}
  0x000002b392d0f2dc: 49b8 b06e | 7aea b302 | 0000 4983 | 8040 0100 

  0x000002b392d0f2ec: ;   {metadata(method data for {method} {0x000002b3a7461ae8} 'append' '(Ljava/lang/String;)Ljava/lang/StringBuilder;' in 'java/lang/StringBuilder')}
  0x000002b392d0f2ec: 0001 49b8 | 00b2 00ea | b302 0000 | 418b 90cc | 0000 0083 | c202 4189 | 90cc 0000 | 0081 e2fe 
  0x000002b392d0f30c: ff1f 0085 | d20f 84c4 | 1d00 0048 | 8b84 24d8 

  0x000002b392d0f31c: ;   {metadata(method data for {method} {0x000002b3a7461ae8} 'append' '(Ljava/lang/String;)Ljava/lang/StringBuilder;' in 'java/lang/StringBuilder')}
  0x000002b392d0f31c: 0000 0049 | b800 b200 | eab3 0200 | 0049 8380 | 1001 0000 | 014c 8b84 | 24e0 0000 | 0048 8b94 
  0x000002b392d0f33c: 24d8 0000 | 0066 0f1f 

  0x000002b392d0f344: ;   {optimized virtual_call}
  0x000002b392d0f344: 4400 00e8 

  0x000002b392d0f348: ; ImmutableOopMap {[160]=Oop [168]=Oop [176]=Oop [200]=Oop [208]=Oop [216]=Oop }
                      ;*invokespecial append {reexecute=0 rethrow=0 return_oop=0}
                      ; - java.lang.StringBuilder::append@2
                      ; - org.eclipse.osgi.internal.serviceregistry.FilteredServiceListener::getObjectClassFilterString@17 (line 239)
                      ; - org.eclipse.osgi.internal.serviceregistry.FilteredServiceListener::getFilter@19 (line 205)
                      ; - org.eclipse.osgi.internal.serviceregistry.FilteredServiceListener::serviceChanged@138 (line 119)
  0x000002b392d0f348: 34f4 2207 

  0x000002b392d0f34c: ;   {other}
  0x000002b392d0f34c: 0f1f 8400 | 3c16 000f | 488b 8424 | d800 0000 

  0x000002b392d0f35c: ;   {metadata(method data for {method} {0x000002b3ea69f018} 'getObjectClassFilterString' '(Ljava/lang/String;)Ljava/lang/String;' in 'org/eclipse/osgi/internal/serviceregistry/FilteredServiceListener')}
  0x000002b392d0f35c: 49b8 b06e | 7aea b302 | 0000 4983 | 8078 0100 

  0x000002b392d0f36c: ;   {metadata(method data for {method} {0x000002b3a7461ae8} 'append' '(Ljava/lang/String;)Ljava/lang/StringBuilder;' in 'java/lang/StringBuilder')}
  0x000002b392d0f36c: 0001 49b8 | 00b2 00ea | b302 0000 | 418b 90cc | 0000 0083 | c202 4189 | 90cc 0000 | 0081 e2fe 
  0x000002b392d0f38c: ff1f 0085 | d20f 8465 | 1d00 0048 | 8b84 24d8 

  0x000002b392d0f39c: ;   {metadata(method data for {method} {0x000002b3a7461ae8} 'append' '(Ljava/lang/String;)Ljava/lang/StringBuilder;' in 'java/lang/StringBuilder')}
  0x000002b392d0f39c: 0000 0049 | b800 b200 | eab3 0200 | 0049 8380 | 1001 0000 

  0x000002b392d0f3b0: ;   {oop(")"{0x0000000080000818})}
  0x000002b392d0f3b0: 0149 b818 | 0800 8000 | 0000 0048 | 8b94 24d8 | 0000 000f 

  0x000002b392d0f3c4: ;   {optimized virtual_call}
  0x000002b392d0f3c4: 1f40 00e8 

  0x000002b392d0f3c8: ; ImmutableOopMap {[160]=Oop [168]=Oop [176]=Oop [200]=Oop [208]=Oop [216]=Oop }
                      ;*invokespecial append {reexecute=0 rethrow=0 return_oop=0}
                      ; - java.lang.StringBuilder::append@2
                      ; - org.eclipse.osgi.internal.serviceregistry.FilteredServiceListener::getObjectClassFilterString@22 (line 239)
                      ; - org.eclipse.osgi.internal.serviceregistry.FilteredServiceListener::getFilter@19 (line 205)
                      ; - org.eclipse.osgi.internal.serviceregistry.FilteredServiceListener::serviceChanged@138 (line 119)
  0x000002b392d0f3c8: b4f3 2207 

  0x000002b392d0f3cc: ;   {other}
  0x000002b392d0f3cc: 0f1f 8400 | bc16 0010 | 488b 8424 | d800 0000 

  0x000002b392d0f3dc: ;   {metadata(method data for {method} {0x000002b3ea69f018} 'getObjectClassFilterString' '(Ljava/lang/String;)Ljava/lang/String;' in 'org/eclipse/osgi/internal/serviceregistry/FilteredServiceListener')}
  0x000002b392d0f3dc: 48ba b06e | 7aea b302 | 0000 4883 | 82b0 0100 

  0x000002b392d0f3ec: ;   {metadata(method data for {method} {0x000002b3a7008958} 'toString' '()Ljava/lang/String;' in 'java/lang/StringBuilder')}
  0x000002b392d0f3ec: 0001 48ba | 58b9 00ea | b302 0000 | 8bb2 cc00 | 0000 83c6 | 0289 b2cc | 0000 0081 | e6fe ff1f 
  0x000002b392d0f40c: 0085 f60f | 8408 1d00 

  0x000002b392d0f414: ;   {metadata('java/lang/String')}
  0x000002b392d0f414: 0048 ba78 | e800 a7b3 | 0200 0049 | 8b87 b801 | 0000 488d | 7818 493b | bfc8 0100 | 000f 8707 
  0x000002b392d0f434: 1d00 0049 | 89bf b801 | 0000 48c7 | 0001 0000 | 0048 8bca | 49ba 0000 | 00a7 b302 | 0000 492b 
  0x000002b392d0f454: ca89 4808 | 4833 c989 | 480c 4833 | c948 8948 | 104c 8bc0 

  0x000002b392d0f468: ;   {metadata(method data for {method} {0x000002b3a7008958} 'toString' '()Ljava/lang/String;' in 'java/lang/StringBuilder')}
  0x000002b392d0f468: 49b9 58b9 | 00ea b302 | 0000 4983 | 8110 0100 

  0x000002b392d0f478: ;   {metadata(method data for {method} {0x000002b3a7455dd8} '<init>' '(Ljava/lang/StringBuilder;)V' in 'java/lang/String')}
  0x000002b392d0f478: 0001 49b8 | d0ba 00ea | b302 0000 | 458b 88cc | 0000 0041 | 83c1 0245 | 8988 cc00 | 0000 4181 
  0x000002b392d0f498: e1fe ff1f | 0045 85c9 | 0f84 a51c | 0000 4c8b 

  0x000002b392d0f4a8: ;   {metadata(method data for {method} {0x000002b3a7455dd8} '<init>' '(Ljava/lang/StringBuilder;)V' in 'java/lang/String')}
  0x000002b392d0f4a8: c049 b9d0 | ba00 eab3 | 0200 0049 | 8381 1001 | 0000 014c | 8b84 24d8 

  0x000002b392d0f4c0: ;   {oop(nullptr)}
  0x000002b392d0f4c0: 0000 0049 | b900 0000 | 0000 0000 | 0048 8bd0 | 4889 8424 | e800 0000 | 0f1f 8000 

  0x000002b392d0f4dc: ;   {optimized virtual_call}
  0x000002b392d0f4dc: 0000 00e8 

  0x000002b392d0f4e0: ; ImmutableOopMap {[160]=Oop [168]=Oop [176]=Oop [200]=Oop [208]=Oop [232]=Oop }
                      ;*invokespecial <init> {reexecute=0 rethrow=0 return_oop=0}
                      ; - java.lang.String::<init>@3
                      ; - java.lang.StringBuilder::toString@5
                      ; - org.eclipse.osgi.internal.serviceregistry.FilteredServiceListener::getObjectClassFilterString@25 (line 239)
                      ; - org.eclipse.osgi.internal.serviceregistry.FilteredServiceListener::getFilter@19 (line 205)
                      ; - org.eclipse.osgi.internal.serviceregistry.FilteredServiceListener::serviceChanged@138 (line 119)
  0x000002b392d0f4e0: 9cf2 2207 

  0x000002b392d0f4e4: ;   {other}
  0x000002b392d0f4e4: 0f1f 8400 | d417 0011 | 488b b424 | e800 0000 | 488b c64c | 8b84 24c8 

  0x000002b392d0f4fc: ;   {metadata(method data for {method} {0x000002b3ea69e9d0} 'serviceChanged' '(Lorg/osgi/framework/ServiceEvent;)V' in 'org/eclipse/osgi/internal/serviceregistry/FilteredServiceListener')}
  0x000002b392d0f4fc: 0000 0048 | ba00 5c7a | eab3 0200 | 0048 8382 | a804 0000 

  0x000002b392d0f510: ;   {metadata(method data for {method} {0x000002b3a7461ae8} 'append' '(Ljava/lang/String;)Ljava/lang/StringBuilder;' in 'java/lang/StringBuilder')}
  0x000002b392d0f510: 0149 b800 | b200 eab3 | 0200 0041 | 8b90 cc00 | 0000 83c2 | 0241 8990 | cc00 0000 | 81e2 feff 
  0x000002b392d0f530: 1f00 85d2 | 0f84 321c | 0000 4c8b | 8424 c800 

  0x000002b392d0f540: ;   {metadata(method data for {method} {0x000002b3a7461ae8} 'append' '(Ljava/lang/String;)Ljava/lang/StringBuilder;' in 'java/lang/StringBuilder')}
  0x000002b392d0f540: 0000 48ba | 00b2 00ea | b302 0000 | 4883 8210 | 0100 0001 | 4c8b c048 | 8b94 24c8 

  0x000002b392d0f55c: ;   {optimized virtual_call}
  0x000002b392d0f55c: 0000 00e8 

  0x000002b392d0f560: ; ImmutableOopMap {[160]=Oop [168]=Oop [176]=Oop [200]=Oop [208]=Oop }
                      ;*invokespecial append {reexecute=0 rethrow=0 return_oop=0}
                      ; - java.lang.StringBuilder::append@2
                      ; - org.eclipse.osgi.internal.serviceregistry.FilteredServiceListener::serviceChanged@141 (line 119)
  0x000002b392d0f560: 1cf2 2207 

  0x000002b392d0f564: ;   {other}
  0x000002b392d0f564: 0f1f 8400 | 5418 0012 | 488b 8424 | c800 0000 

  0x000002b392d0f574: ;   {metadata(method data for {method} {0x000002b3ea69e9d0} 'serviceChanged' '(Lorg/osgi/framework/ServiceEvent;)V' in 'org/eclipse/osgi/internal/serviceregistry/FilteredServiceListener')}
  0x000002b392d0f574: 49b8 005c | 7aea b302 | 0000 4983 | 80e0 0400 

  0x000002b392d0f584: ;   {metadata(method data for {method} {0x000002b3a7461ae8} 'append' '(Ljava/lang/String;)Ljava/lang/StringBuilder;' in 'java/lang/StringBuilder')}
  0x000002b392d0f584: 0001 49b8 | 00b2 00ea | b302 0000 | 418b 90cc | 0000 0083 | c202 4189 | 90cc 0000 | 0081 e2fe 
  0x000002b392d0f5a4: ff1f 0085 | d20f 84de | 1b00 0048 | 8b84 24c8 

  0x000002b392d0f5b4: ;   {metadata(method data for {method} {0x000002b3a7461ae8} 'append' '(Ljava/lang/String;)Ljava/lang/StringBuilder;' in 'java/lang/StringBuilder')}
  0x000002b392d0f5b4: 0000 0049 | b800 b200 | eab3 0200 | 0049 8380 | 1001 0000 

  0x000002b392d0f5c8: ;   {oop("", "{0x0000000080120e90})}
  0x000002b392d0f5c8: 0149 b890 | 0e12 8000 | 0000 0048 | 8b94 24c8 | 0000 000f 

  0x000002b392d0f5dc: ;   {optimized virtual_call}
  0x000002b392d0f5dc: 1f40 00e8 

  0x000002b392d0f5e0: ; ImmutableOopMap {[160]=Oop [168]=Oop [176]=Oop [200]=Oop [208]=Oop }
                      ;*invokespecial append {reexecute=0 rethrow=0 return_oop=0}
                      ; - java.lang.StringBuilder::append@2
                      ; - org.eclipse.osgi.internal.serviceregistry.FilteredServiceListener::serviceChanged@146 (line 119)
  0x000002b392d0f5e0: 9cf1 2207 

  0x000002b392d0f5e4: ;   {other}
  0x000002b392d0f5e4: 0f1f 8400 | d418 0013 | 488b b424 | a800 0000 

  0x000002b392d0f5f4: ; implicit exception: dispatches to 0x000002b392d111ae
  0x000002b392d0f5f4: 483b 0648 

  0x000002b392d0f5f8: ;   {metadata(method data for {method} {0x000002b3ea69e9d0} 'serviceChanged' '(Lorg/osgi/framework/ServiceEvent;)V' in 'org/eclipse/osgi/internal/serviceregistry/FilteredServiceListener')}
  0x000002b392d0f5f8: 8bc6 48ba | 005c 7aea | b302 0000 

  0x000002b392d0f604: ;   {metadata('org/eclipse/osgi/internal/serviceregistry/ServiceReferenceImpl')}
  0x000002b392d0f604: 49ba e856 | 10a8 b302 | 0000 4c89 | 9228 0500 | 0048 8382 | 3005 0000 | 018b 560c 

  0x000002b392d0f620: ; implicit exception: dispatches to 0x000002b392d111b3
  0x000002b392d0f620: 483b 0248 

  0x000002b392d0f624: ;   {metadata(method data for {method} {0x000002b3ea69e9d0} 'serviceChanged' '(Lorg/osgi/framework/ServiceEvent;)V' in 'org/eclipse/osgi/internal/serviceregistry/FilteredServiceListener')}
  0x000002b392d0f624: 8bc2 48bf | 005c 7aea | b302 0000 | 8b40 0849 | ba00 0000 | a7b3 0200 | 0049 03c2 | 483b 8760 
  0x000002b392d0f644: 0500 0075 | 0d48 8387 | 6805 0000 | 01e9 6000 | 0000 483b | 8770 0500 | 0075 0d48 | 8387 7805 
  0x000002b392d0f664: 0000 01e9 | 4a00 0000 | 4883 bf60 | 0500 0000 | 7517 4889 | 8760 0500 | 0048 c787 | 6805 0000 
  0x000002b392d0f684: 0100 0000 | e929 0000 | 0048 83bf | 7005 0000 | 0075 1748 | 8987 7005 | 0000 48c7 | 8778 0500 
  0x000002b392d0f6a4: 0001 0000 | 00e9 0800 | 0000 4883 | 8750 0500 

  0x000002b392d0f6b4: ;   {metadata(method data for {method} {0x000002b3ea667608} 'getProperties' '()Ljava/util/Map;' in 'org/eclipse/osgi/internal/serviceregistry/ServiceRegistrationImpl')}
  0x000002b392d0f6b4: 0001 48b8 | d870 7aea | b302 0000 | 8bb8 cc00 | 0000 83c7 | 0289 b8cc | 0000 0081 | e7fe ff1f 
  0x000002b392d0f6d4: 0085 ff0f | 84db 1a00 | 008b 7a3c | 488d 9c24 | 2801 0000 | 4889 7b08 

  0x000002b392d0f6ec: ; implicit exception: dispatches to 0x000002b392d111d9
  0x000002b392d0f6ec: 488b 0748 | 83c8 0148 | 8903 f048 | 0fb1 1f0f | 8412 0000 | 0048 2bc4 | 4825 07f0 | ffff 4889 
  0x000002b392d0f70c: 030f 85cb | 1a00 0049 | ff87 5005 | 0000 8b52 | 3848 8d84 | 2428 0100 | 0048 8b38 | 4885 ff0f 
  0x000002b392d0f72c: 840f 0000 | 0048 8b58 | 08f0 480f | b13b 0f85 | b11a 0000 | 49ff 8f50 | 0500 0048 | 8b84 24c8 
  0x000002b392d0f74c: ;   {metadata(method data for {method} {0x000002b3ea69e9d0} 'serviceChanged' '(Lorg/osgi/framework/ServiceEvent;)V' in 'org/eclipse/osgi/internal/serviceregistry/FilteredServiceListener')}
  0x000002b392d0f74c: 0000 0048 | bf00 5c7a | eab3 0200 | 0048 8387 | 8805 0000 

  0x000002b392d0f760: ;   {metadata(method data for {method} {0x000002b3a7461b40} 'append' '(Ljava/lang/Object;)Ljava/lang/StringBuilder;' in 'java/lang/StringBuilder')}
  0x000002b392d0f760: 0148 bf60 | 030f eab3 | 0200 008b | 9fcc 0000 | 0083 c302 | 899f cc00 | 0000 81e3 | feff 1f00 
  0x000002b392d0f780: 85db 0f84 | 7f1a 0000 

  0x000002b392d0f788: ;   {metadata(method data for {method} {0x000002b3a7461b40} 'append' '(Ljava/lang/Object;)Ljava/lang/StringBuilder;' in 'java/lang/StringBuilder')}
  0x000002b392d0f788: 48bf 6003 | 0fea b302 | 0000 4883 | 8710 0100 

  0x000002b392d0f798: ;   {metadata(method data for {method} {0x000002b3a7455280} 'valueOf' '(Ljava/lang/Object;)Ljava/lang/String;' in 'java/lang/String')}
  0x000002b392d0f798: 0001 48bf | 0005 0fea | b302 0000 | 8b9f cc00 | 0000 83c3 | 0289 9fcc | 0000 0081 | e3fe ff1f 
  0x000002b392d0f7b8: 0085 db0f | 8467 1a00 | 0048 85d2 

  0x000002b392d0f7c4: ;   {metadata(method data for {method} {0x000002b3a7455280} 'valueOf' '(Ljava/lang/Object;)Ljava/lang/String;' in 'java/lang/String')}
  0x000002b392d0f7c4: 48bf 0005 | 0fea b302 | 0000 48c7 | c310 0100 | 0075 0748 | c7c3 2001 | 0000 488b | 041f 488d 
  0x000002b392d0f7e4: 4001 4889 | 041f 0f85 | 1f00 0000 

  0x000002b392d0f7f0: ;   {metadata(method data for {method} {0x000002b3a7455280} 'valueOf' '(Ljava/lang/Object;)Ljava/lang/String;' in 'java/lang/String')}
  0x000002b392d0f7f0: 48ba 0005 | 0fea b302 | 0000 ff82 | 3001 0000 

  0x000002b392d0f800: ;   {oop("null"{0x0000000080000498})}
  0x000002b392d0f800: 48bf 9804 | 0080 0000 | 0000 e9b0 | 0000 0048 | 3b02 488b 

  0x000002b392d0f814: ;   {metadata(method data for {method} {0x000002b3a7455280} 'valueOf' '(Ljava/lang/Object;)Ljava/lang/String;' in 'java/lang/String')}
  0x000002b392d0f814: fa48 bb00 | 050f eab3 | 0200 008b | 7f08 49ba | 0000 00a7 | b302 0000 | 4903 fa48 | 3bbb 5801 
  0x000002b392d0f834: 0000 750d | 4883 8360 | 0100 0001 | e960 0000 | 0048 3bbb | 6801 0000 | 750d 4883 | 8370 0100 
  0x000002b392d0f854: 0001 e94a | 0000 0048 | 83bb 5801 | 0000 0075 | 1748 89bb | 5801 0000 | 48c7 8360 | 0100 0001 
  0x000002b392d0f874: 0000 00e9 | 2900 0000 | 4883 bb68 | 0100 0000 | 7517 4889 | bb68 0100 | 0048 c783 | 7001 0000 
  0x000002b392d0f894: 0100 0000 | e908 0000 | 0048 8383 | 4801 0000 | 0148 b8ff | ffff ffff 

  0x000002b392d0f8ac: ;   {virtual_call}
  0x000002b392d0f8ac: ffff ffe8 

  0x000002b392d0f8b0: ; ImmutableOopMap {[160]=Oop [168]=Oop [176]=Oop [200]=Oop [208]=Oop }
                      ;*invokevirtual toString {reexecute=0 rethrow=0 return_oop=0}
                      ; - java.lang.String::valueOf@11
                      ; - java.lang.StringBuilder::append@2
                      ; - org.eclipse.osgi.internal.serviceregistry.FilteredServiceListener::serviceChanged@156 (line 120)
  0x000002b392d0f8b0: ccf1 2207 

  0x000002b392d0f8b4: ;   {other}
  0x000002b392d0f8b4: 0f1f 8400 | a41b 0014 | 488b f848 | 8b84 24c8 

  0x000002b392d0f8c4: ;   {metadata(method data for {method} {0x000002b3a7461b40} 'append' '(Ljava/lang/Object;)Ljava/lang/StringBuilder;' in 'java/lang/StringBuilder')}
  0x000002b392d0f8c4: 0000 0049 | b860 030f | eab3 0200 | 0049 8380 | 2001 0000 

  0x000002b392d0f8d8: ;   {metadata(method data for {method} {0x000002b3a7461ae8} 'append' '(Ljava/lang/String;)Ljava/lang/StringBuilder;' in 'java/lang/StringBuilder')}
  0x000002b392d0f8d8: 0149 b800 | b200 eab3 | 0200 0041 | 8b90 cc00 | 0000 83c2 | 0241 8990 | cc00 0000 | 81e2 feff 
  0x000002b392d0f8f8: 1f00 85d2 | 0f84 4c19 | 0000 488b | 8424 c800 

  0x000002b392d0f908: ;   {metadata(method data for {method} {0x000002b3a7461ae8} 'append' '(Ljava/lang/String;)Ljava/lang/StringBuilder;' in 'java/lang/StringBuilder')}
  0x000002b392d0f908: 0000 49b8 | 00b2 00ea | b302 0000 | 4983 8010 | 0100 0001 | 4c8b c748 | 8b94 24c8 

  0x000002b392d0f924: ;   {optimized virtual_call}
  0x000002b392d0f924: 0000 00e8 

  0x000002b392d0f928: ; ImmutableOopMap {[160]=Oop [168]=Oop [176]=Oop [200]=Oop [208]=Oop }
                      ;*invokespecial append {reexecute=0 rethrow=0 return_oop=0}
                      ; - java.lang.StringBuilder::append@2
                      ; - java.lang.StringBuilder::append@5
                      ; - org.eclipse.osgi.internal.serviceregistry.FilteredServiceListener::serviceChanged@156 (line 120)
  0x000002b392d0f928: 54ee 2207 

  0x000002b392d0f92c: ;   {other}
  0x000002b392d0f92c: 0f1f 8400 | 1c1c 0015 | 488b 8424 | c800 0000 

  0x000002b392d0f93c: ;   {metadata(method data for {method} {0x000002b3ea69e9d0} 'serviceChanged' '(Lorg/osgi/framework/ServiceEvent;)V' in 'org/eclipse/osgi/internal/serviceregistry/FilteredServiceListener')}
  0x000002b392d0f93c: 4c8b c048 | ba00 5c7a | eab3 0200 | 0048 8382 | c005 0000 

  0x000002b392d0f950: ;   {metadata(method data for {method} {0x000002b3a7461ae8} 'append' '(Ljava/lang/String;)Ljava/lang/StringBuilder;' in 'java/lang/StringBuilder')}
  0x000002b392d0f950: 0149 b800 | b200 eab3 | 0200 0041 | 8b90 cc00 | 0000 83c2 | 0241 8990 | cc00 0000 | 81e2 feff 
  0x000002b392d0f970: 1f00 85d2 | 0f84 f518 | 0000 4c8b 

  0x000002b392d0f97c: ;   {metadata(method data for {method} {0x000002b3a7461ae8} 'append' '(Ljava/lang/String;)Ljava/lang/StringBuilder;' in 'java/lang/StringBuilder')}
  0x000002b392d0f97c: c048 ba00 | b200 eab3 | 0200 0048 | 8382 1001 

  0x000002b392d0f98c: ;   {oop(")"{0x0000000080000818})}
  0x000002b392d0f98c: 0000 0149 | b818 0800 | 8000 0000 | 0048 8bd0 

  0x000002b392d0f99c: ;   {optimized virtual_call}
  0x000002b392d0f99c: 6666 90e8 

  0x000002b392d0f9a0: ; ImmutableOopMap {[160]=Oop [168]=Oop [176]=Oop [200]=Oop [208]=Oop }
                      ;*invokespecial append {reexecute=0 rethrow=0 return_oop=0}
                      ; - java.lang.StringBuilder::append@2
                      ; - org.eclipse.osgi.internal.serviceregistry.FilteredServiceListener::serviceChanged@161 (line 120)
  0x000002b392d0f9a0: dced 2207 

  0x000002b392d0f9a4: ;   {other}
  0x000002b392d0f9a4: 0f1f 8400 | 941c 0016 | 488b 8424 | c800 0000 

  0x000002b392d0f9b4: ;   {metadata(method data for {method} {0x000002b3ea69e9d0} 'serviceChanged' '(Lorg/osgi/framework/ServiceEvent;)V' in 'org/eclipse/osgi/internal/serviceregistry/FilteredServiceListener')}
  0x000002b392d0f9b4: 48ba 005c | 7aea b302 | 0000 4883 | 82f8 0500 

  0x000002b392d0f9c4: ;   {metadata(method data for {method} {0x000002b3a7008958} 'toString' '()Ljava/lang/String;' in 'java/lang/StringBuilder')}
  0x000002b392d0f9c4: 0001 48ba | 58b9 00ea | b302 0000 | 8bb2 cc00 | 0000 83c6 | 0289 b2cc | 0000 0081 | e6fe ff1f 
  0x000002b392d0f9e4: 0085 f60f | 84a3 1800 

  0x000002b392d0f9ec: ;   {metadata('java/lang/String')}
  0x000002b392d0f9ec: 0048 ba78 | e800 a7b3 | 0200 0049 | 8b87 b801 | 0000 488d | 7818 493b | bfc8 0100 | 000f 87a2 
  0x000002b392d0fa0c: 1800 0049 | 89bf b801 | 0000 48c7 | 0001 0000 | 0048 8bca | 49ba 0000 | 00a7 b302 | 0000 492b 
  0x000002b392d0fa2c: ca89 4808 | 4833 c989 | 480c 4833 | c948 8948 | 104c 8bc0 

  0x000002b392d0fa40: ;   {metadata(method data for {method} {0x000002b3a7008958} 'toString' '()Ljava/lang/String;' in 'java/lang/StringBuilder')}
  0x000002b392d0fa40: 49b9 58b9 | 00ea b302 | 0000 4983 | 8110 0100 

  0x000002b392d0fa50: ;   {metadata(method data for {method} {0x000002b3a7455dd8} '<init>' '(Ljava/lang/StringBuilder;)V' in 'java/lang/String')}
  0x000002b392d0fa50: 0001 49b8 | d0ba 00ea | b302 0000 | 458b 88cc | 0000 0041 | 83c1 0245 | 8988 cc00 | 0000 4181 
  0x000002b392d0fa70: e1fe ff1f | 0045 85c9 | 0f84 4018 | 0000 4c8b 

  0x000002b392d0fa80: ;   {metadata(method data for {method} {0x000002b3a7455dd8} '<init>' '(Ljava/lang/StringBuilder;)V' in 'java/lang/String')}
  0x000002b392d0fa80: c049 b9d0 | ba00 eab3 | 0200 0049 | 8381 1001 | 0000 014c | 8b84 24c8 

  0x000002b392d0fa98: ;   {oop(nullptr)}
  0x000002b392d0fa98: 0000 0049 | b900 0000 | 0000 0000 | 0048 8bd0 | 4889 8424 | f000 0000 | 0f1f 8000 

  0x000002b392d0fab4: ;   {optimized virtual_call}
  0x000002b392d0fab4: 0000 00e8 

  0x000002b392d0fab8: ; ImmutableOopMap {[160]=Oop [168]=Oop [176]=Oop [208]=Oop [240]=Oop }
                      ;*invokespecial <init> {reexecute=0 rethrow=0 return_oop=0}
                      ; - java.lang.String::<init>@3
                      ; - java.lang.StringBuilder::toString@5
                      ; - org.eclipse.osgi.internal.serviceregistry.FilteredServiceListener::serviceChanged@164 (line 120)
  0x000002b392d0fab8: c4ec 2207 

  0x000002b392d0fabc: ;   {other}
  0x000002b392d0fabc: 0f1f 8400 | ac1d 0017 | 488b 9c24 | d000 0000 

  0x000002b392d0facc: ; implicit exception: dispatches to 0x000002b392d112df
  0x000002b392d0facc: 483b 034c 

  0x000002b392d0fad0: ;   {metadata(method data for {method} {0x000002b3ea69e9d0} 'serviceChanged' '(Lorg/osgi/framework/ServiceEvent;)V' in 'org/eclipse/osgi/internal/serviceregistry/FilteredServiceListener')}
  0x000002b392d0fad0: 8bc3 49b9 | 005c 7aea | b302 0000 

  0x000002b392d0fadc: ;   {metadata('org/eclipse/osgi/internal/debug/Debug')}
  0x000002b392d0fadc: 49ba 8009 | 09a8 b302 | 0000 4d89 | 9140 0600 | 0049 8381 | 4806 0000 

  0x000002b392d0faf4: ;   {metadata(method data for {method} {0x000002b3ea4e53d0} 'trace' '(Ljava/lang/String;Ljava/lang/String;)V' in 'org/eclipse/osgi/internal/debug/Debug')}
  0x000002b392d0faf4: 0149 b8b0 | 4c78 eab3 | 0200 0045 | 8b88 cc00 | 0000 4183 | c102 4589 | 88cc 0000 | 0041 81e1 
  0x000002b392d0fb14: feff 1f00 | 4585 c90f | 84c3 1700 | 008b 5324 

  0x000002b392d0fb24: ;   {metadata(method data for {method} {0x000002b3ea4e53d0} 'trace' '(Ljava/lang/String;Ljava/lang/String;)V' in 'org/eclipse/osgi/internal/debug/Debug')}
  0x000002b392d0fb24: 4885 d249 | b8b0 4c78 | eab3 0200 | 0049 c7c1 | 1001 0000 | 7407 49c7 | c120 0100 | 004b 8b34 
  0x000002b392d0fb44: 0848 8d76 | 014b 8934 | 080f 84ff | 0200 0048 | 85d2 0f84 | 2900 0000 

  0x000002b392d0fb5c: ;   {metadata('org/eclipse/osgi/internal/log/ExtendedLogServiceImpl')}
  0x000002b392d0fb5c: 48bf 4056 | 09a8 b302 | 0000 8b72 | 0849 ba00 | 0000 a7b3 | 0200 0049 | 03f2 483b | 7e38 0f85 
  0x000002b392d0fb7c: 8517 0000 | e900 0000 | 004c 8bc2 

  0x000002b392d0fb88: ; implicit exception: dispatches to 0x000002b392d1130a
  0x000002b392d0fb88: 483b 024c 

  0x000002b392d0fb8c: ;   {metadata(method data for {method} {0x000002b3ea4e53d0} 'trace' '(Ljava/lang/String;Ljava/lang/String;)V' in 'org/eclipse/osgi/internal/debug/Debug')}
  0x000002b392d0fb8c: 8bc2 49b9 | b04c 78ea | b302 0000 

  0x000002b392d0fb98: ;   {metadata('org/eclipse/osgi/internal/log/ExtendedLogServiceImpl')}
  0x000002b392d0fb98: 49ba 4056 | 09a8 b302 | 0000 4d89 | 9140 0100 | 0049 8381 | 4801 0000 

  0x000002b392d0fbb0: ;   {metadata(method data for {method} {0x000002b3ea50ca80} 'getLogger' '(Ljava/lang/String;)Lorg/osgi/service/log/Logger;' in 'org/eclipse/osgi/internal/log/ExtendedLogServiceImpl')}
  0x000002b392d0fbb0: 0149 b8f0 | 4e78 eab3 | 0200 0045 | 8b88 cc00 | 0000 4183 | c102 4589 | 88cc 0000 | 0041 81e1 
  0x000002b392d0fbd0: feff 1f00 | 4585 c90f | 8432 1700 | 004c 8bc2 

  0x000002b392d0fbe0: ;   {metadata(method data for {method} {0x000002b3ea50ca80} 'getLogger' '(Ljava/lang/String;)Lorg/osgi/service/log/Logger;' in 'org/eclipse/osgi/internal/log/ExtendedLogServiceImpl')}
  0x000002b392d0fbe0: 49b9 f04e | 78ea b302 

  0x000002b392d0fbe8: ;   {metadata('org/eclipse/osgi/internal/log/ExtendedLogServiceImpl')}
  0x000002b392d0fbe8: 0000 49ba | 4056 09a8 | b302 0000 | 4d89 9120 | 0100 0049 | 8381 2801 

  0x000002b392d0fc00: ;   {metadata(method data for {method} {0x000002b3ea50a308} 'getLogger' '(Ljava/lang/String;)Lorg/eclipse/equinox/log/Logger;' in 'org/eclipse/osgi/internal/log/ExtendedLogServiceImpl')}
  0x000002b392d0fc00: 0000 0149 | b880 5078 | eab3 0200 | 0045 8b88 | cc00 0000 | 4183 c102 | 4589 88cc | 0000 0041 
  0x000002b392d0fc20: 81e1 feff | 1f00 4585 | c90f 8401 | 1700 004c 

  0x000002b392d0fc30: ;   {metadata(method data for {method} {0x000002b3ea50a308} 'getLogger' '(Ljava/lang/String;)Lorg/eclipse/equinox/log/Logger;' in 'org/eclipse/osgi/internal/log/ExtendedLogServiceImpl')}
  0x000002b392d0fc30: 8bc2 49b9 | 8050 78ea | b302 0000 

  0x000002b392d0fc3c: ;   {metadata('org/eclipse/osgi/internal/log/ExtendedLogServiceImpl')}
  0x000002b392d0fc3c: 49ba 4056 | 09a8 b302 | 0000 4d89 | 9120 0100 | 0049 8381 | 2801 0000 

  0x000002b392d0fc54: ;   {oop("org.eclipse.osgi/debug/events"{0x00000000800d2d98})}
  0x000002b392d0fc54: 0149 b898 | 2d0d 8000 

  0x000002b392d0fc5c: ;   {oop(a 'java/lang/Class'{0x00000000802dd908} = 'org/osgi/service/log/Logger')}
  0x000002b392d0fc5c: 0000 0049 | b908 d92d | 8000 0000 | 0066 0f1f 

  0x000002b392d0fc6c: ;   {optimized virtual_call}
  0x000002b392d0fc6c: 4400 00e8 

  0x000002b392d0fc70: ; ImmutableOopMap {[160]=Oop [168]=Oop [176]=Oop [240]=Oop }
                      ;*invokevirtual getLogger {reexecute=0 rethrow=0 return_oop=0}
                      ; - org.eclipse.osgi.internal.log.ExtendedLogServiceImpl::getLogger@4 (line 73)
                      ; - org.eclipse.osgi.internal.log.ExtendedLogServiceImpl::getLogger@2 (line 1)
                      ; - org.eclipse.osgi.internal.debug.Debug::trace@11 (line 265)
                      ; - org.eclipse.osgi.internal.serviceregistry.FilteredServiceListener::serviceChanged@167 (line 119)
  0x000002b392d0fc70: 0ceb 2207 

  0x000002b392d0fc74: ;   {other}
  0x000002b392d0fc74: 0f1f 8400 | 641f 0018 | 4885 c075 

  0x000002b392d0fc80: ;   {metadata(method data for {method} {0x000002b3ea50a308} 'getLogger' '(Ljava/lang/String;)Lorg/eclipse/equinox/log/Logger;' in 'org/eclipse/osgi/internal/log/ExtendedLogServiceImpl')}
  0x000002b392d0fc80: 1648 be80 | 5078 eab3 | 0200 0080 | 8e41 0100 | 0001 e9e7 

  0x000002b392d0fc94: ;   {metadata('org/eclipse/equinox/log/Logger')}
  0x000002b392d0fc94: 0000 0048 | bff8 2909 | a8b3 0200 | 008b 7008 | 49ba 0000 | 00a7 b302 | 0000 4903 | f248 3b7e 
  0x000002b392d0fcb4: 200f 841a | 0000 0048 | 3bf7 0f84 | 1100 0000 

  0x000002b392d0fcc4: ;   {runtime_call slow_subtype_check Runtime1 stub}
  0x000002b392d0fcc4: 5657 e8b5 | 022e 075e | 5e85 f60f | 848d 0000 

  0x000002b392d0fcd4: ;   {metadata(method data for {method} {0x000002b3ea50a308} 'getLogger' '(Ljava/lang/String;)Lorg/eclipse/equinox/log/Logger;' in 'org/eclipse/osgi/internal/log/ExtendedLogServiceImpl')}
  0x000002b392d0fcd4: 0048 be80 | 5078 eab3 | 0200 008b | 7808 49ba | 0000 00a7 | b302 0000 | 4903 fa48 | 3bbe 5801 
  0x000002b392d0fcf4: 0000 750d | 4883 8660 | 0100 0001 | e979 0000 | 0048 3bbe | 6801 0000 | 750d 4883 | 8670 0100 
  0x000002b392d0fd14: 0001 e963 | 0000 0048 | 83be 5801 | 0000 0075 | 1748 89be | 5801 0000 | 48c7 8660 | 0100 0001 
  0x000002b392d0fd34: 0000 00e9 | 4200 0000 | 4883 be68 | 0100 0000 | 7517 4889 | be68 0100 | 0048 c786 | 7001 0000 
  0x000002b392d0fd54: 0100 0000 | e921 0000 | 00e9 1c00 

  0x000002b392d0fd60: ;   {metadata(method data for {method} {0x000002b3ea50a308} 'getLogger' '(Ljava/lang/String;)Lorg/eclipse/equinox/log/Logger;' in 'org/eclipse/osgi/internal/log/ExtendedLogServiceImpl')}
  0x000002b392d0fd60: 0000 48be | 8050 78ea | b302 0000 | 4883 ae48 | 0100 0001 | e9d8 1500 | 00e9 0000 | 0000 488b 
  0x000002b392d0fd80: d048 3b02 

  0x000002b392d0fd84: ;   {metadata(method data for {method} {0x000002b3ea4e53d0} 'trace' '(Ljava/lang/String;Ljava/lang/String;)V' in 'org/eclipse/osgi/internal/debug/Debug')}
  0x000002b392d0fd84: 4c8b c248 | beb0 4c78 | eab3 0200 | 0045 8b40 | 0849 ba00 | 0000 a7b3 | 0200 004d | 03c2 4c3b 
  0x000002b392d0fda4: 8678 0100 | 0075 0d48 | 8386 8001 | 0000 01e9 | 6000 0000 | 4c3b 8688 | 0100 0075 | 0d48 8386 
  0x000002b392d0fdc4: 9001 0000 | 01e9 4a00 | 0000 4883 | be78 0100 | 0000 7517 | 4c89 8678 | 0100 0048 | c786 8001 
  0x000002b392d0fde4: 0000 0100 | 0000 e929 | 0000 0048 | 83be 8801 | 0000 0075 | 174c 8986 | 8801 0000 | 48c7 8690 
  0x000002b392d0fe04: 0100 0001 | 0000 00e9 | 0800 0000 | 4883 8668 | 0100 0001 | 4c8b 8424 | f000 0000 | 0f1f 4400 
  0x000002b392d0fe24: 0048 b8ff | ffff ffff 

  0x000002b392d0fe2c: ;   {virtual_call}
  0x000002b392d0fe2c: ffff ffe8 

  0x000002b392d0fe30: ; ImmutableOopMap {[160]=Oop [168]=Oop [176]=Oop }
                      ;*invokeinterface debug {reexecute=0 rethrow=0 return_oop=0}
                      ; - org.eclipse.osgi.internal.debug.Debug::trace@17 (line 265)
                      ; - org.eclipse.osgi.internal.serviceregistry.FilteredServiceListener::serviceChanged@167 (line 119)
  0x000002b392d0fe30: 4cec 2207 

  0x000002b392d0fe34: ;   {other}
  0x000002b392d0fe34: 0f1f 8400 | 2421 0019 

  0x000002b392d0fe3c: ;   {metadata(method data for {method} {0x000002b3ea4e53d0} 'trace' '(Ljava/lang/String;Ljava/lang/String;)V' in 'org/eclipse/osgi/internal/debug/Debug')}
  0x000002b392d0fe3c: 49b8 b04c | 78ea b302 | 0000 41ff | 80a0 0100 | 00e9 5200 | 0000 488b | 8424 f000 

  0x000002b392d0fe58: ;   {oop(a 'java/lang/Class'{0x00000000802dd980} = 'org/eclipse/osgi/internal/debug/Debug')}
  0x000002b392d0fe58: 0000 49b8 | 80d9 2d80 | 0000 0000 | 418b 90d0 | 0000 0048 | 3b02 4c8b 

  0x000002b392d0fe70: ;   {metadata(method data for {method} {0x000002b3ea4e53d0} 'trace' '(Ljava/lang/String;Ljava/lang/String;)V' in 'org/eclipse/osgi/internal/debug/Debug')}
  0x000002b392d0fe70: c248 beb0 | 4c78 eab3 

  0x000002b392d0fe78: ;   {metadata('java/io/PrintStream')}
  0x000002b392d0fe78: 0200 0049 | bac8 a300 | a7b3 0200 | 004c 8996 | c801 0000 | 4883 86d0 | 0100 0001 

  0x000002b392d0fe94: ;   {optimized virtual_call}
  0x000002b392d0fe94: 4c8b c0e8 

  0x000002b392d0fe98: ; ImmutableOopMap {[160]=Oop [168]=Oop [176]=Oop }
                      ;*invokevirtual println {reexecute=0 rethrow=0 return_oop=0}
                      ; - org.eclipse.osgi.internal.debug.Debug::trace@29 (line 267)
                      ; - org.eclipse.osgi.internal.serviceregistry.FilteredServiceListener::serviceChanged@167 (line 119)
  0x000002b392d0fe98: e4e8 2207 

  0x000002b392d0fe9c: ;   {other}
  0x000002b392d0fe9c: 0f1f 8400 | 8c21 001a | 4c8b 8424 | b000 0000 | 488b 9424 | a000 0000 

  0x000002b392d0feb4: ;   {metadata(method data for {method} {0x000002b3ea69e9d0} 'serviceChanged' '(Lorg/osgi/framework/ServiceEvent;)V' in 'org/eclipse/osgi/internal/serviceregistry/FilteredServiceListener')}
  0x000002b392d0feb4: 48be 005c | 7aea b302 | 0000 4883 | 8668 0600 | 0001 488b | 9424 a000 

  0x000002b392d0fecc: ;   {optimized virtual_call}
  0x000002b392d0fecc: 0000 90e8 

  0x000002b392d0fed0: ; ImmutableOopMap {[160]=Oop [168]=Oop }
                      ;*invokespecial filterMatch {reexecute=0 rethrow=0 return_oop=0}
                      ; - org.eclipse.osgi.internal.serviceregistry.FilteredServiceListener::serviceChanged@172 (line 123)
  0x000002b392d0fed0: ca19 0000 

  0x000002b392d0fed4: ;   {other}
  0x000002b392d0fed4: 0f1f 8400 | c421 001b 

  0x000002b392d0fedc: ;   {metadata(method data for {method} {0x000002b3ea69e9d0} 'serviceChanged' '(Lorg/osgi/framework/ServiceEvent;)V' in 'org/eclipse/osgi/internal/serviceregistry/FilteredServiceListener')}
  0x000002b392d0fedc: 4885 c048 | ba00 5c7a | eab3 0200 | 0049 c7c0 | 8806 0000 | 7407 49c7 | c078 0600 | 004e 8b0c 
  0x000002b392d0fefc: 024d 8d49 | 014e 890c | 020f 8447 | 0e00 0048 | 8b94 24a0 | 0000 0044 | 0fbe 420c 

  0x000002b392d0ff18: ;   {metadata(method data for {method} {0x000002b3ea69e9d0} 'serviceChanged' '(Lorg/osgi/framework/ServiceEvent;)V' in 'org/eclipse/osgi/internal/serviceregistry/FilteredServiceListener')}
  0x000002b392d0ff18: 4585 c049 | b800 5c7a | eab3 0200 | 0049 c7c1 | 9806 0000 | 7507 49c7 | c1a8 0600 | 004b 8b34 
  0x000002b392d0ff38: 0848 8d76 | 014b 8934 | 0848 8984 | 24f8 0000 | 000f 8573 | 0000 0048 | 8bb4 24a8 | 0000 0044 
  0x000002b392d0ff58: 8b42 1844 

  0x000002b392d0ff5c: ;   {metadata(method data for {method} {0x000002b3ea69e9d0} 'serviceChanged' '(Lorg/osgi/framework/ServiceEvent;)V' in 'org/eclipse/osgi/internal/serviceregistry/FilteredServiceListener')}
  0x000002b392d0ff5c: 8b4a 1c48 | bf00 5c7a | eab3 0200 | 0048 8387 | b806 0000 | 0149 8bd0 | 4d8b c14c | 8bce 0f1f 
  0x000002b392d0ff7c: ;   {static_call}
  0x000002b392d0ff7c: 4400 00e8 

  0x000002b392d0ff80: ; ImmutableOopMap {[160]=Oop [248]=Oop }
                      ;*invokestatic isAssignableTo {reexecute=0 rethrow=0 return_oop=0}
                      ; - org.eclipse.osgi.internal.serviceregistry.FilteredServiceListener::serviceChanged@197 (line 127)
  0x000002b392d0ff80: 2919 0000 

  0x000002b392d0ff84: ;   {other}
  0x000002b392d0ff84: 0f1f 8400 | 7422 001c 

  0x000002b392d0ff8c: ;   {metadata(method data for {method} {0x000002b3ea69e9d0} 'serviceChanged' '(Lorg/osgi/framework/ServiceEvent;)V' in 'org/eclipse/osgi/internal/serviceregistry/FilteredServiceListener')}
  0x000002b392d0ff8c: 85c0 48ba | 005c 7aea | b302 0000 | 48c7 c6c8 | 0600 0074 | 0748 c7c6 | d806 0000 | 488b 3c32 
  0x000002b392d0ffac: 488d 7f01 | 4889 3c32 | 0f84 820d | 0000 488b | 9424 a000 | 0000 8b72 | 200f be76 

  0x000002b392d0ffc8: ;   {metadata(method data for {method} {0x000002b3ea69e9d0} 'serviceChanged' '(Lorg/osgi/framework/ServiceEvent;)V' in 'org/eclipse/osgi/internal/serviceregistry/FilteredServiceListener')}
  0x000002b392d0ffc8: 1385 f648 | be00 5c7a | eab3 0200 | 0048 c7c7 | f806 0000 | 7507 48c7 | c7e8 0600 | 0048 8b04 
  0x000002b392d0ffe8: 3e48 8d40 | 0148 8904 | 3e0f 850d | 0000 0048 | 8b84 24f8 | 0000 00e9 | 800c 0000 | 488b da90 
  0x000002b392d10008: ;   {no_reloc}
  0x000002b392d10008: e96b 1300 | 0000 0000 | 0000 498b | 87b8 0100 | 0048 8d78 | 1849 3bbf | c801 0000 | 0f87 5813 
  0x000002b392d10028: 0000 4989 | bfb8 0100 | 0048 c700 | 0100 0000 | 488b ca49 | ba00 0000 | a7b3 0200 | 0049 2bca 
  0x000002b392d10048: 8948 0848 | 33c9 8948 | 0c48 33c9 | 4889 4810 | 4889 8424 | 0001 0000 | 8b53 1448 | 3b02 488b 
  0x000002b392d10068: ;   {metadata(method data for {method} {0x000002b3ea69e9d0} 'serviceChanged' '(Lorg/osgi/framework/ServiceEvent;)V' in 'org/eclipse/osgi/internal/serviceregistry/FilteredServiceListener')}
  0x000002b392d10068: f248 bf00 | 5c7a eab3 | 0200 0048 | 8387 0807 | 0000 018b | 5208 49ba | 0000 00a7 | b302 0000 
  0x000002b392d10088: 4903 d248 | 8b52 7048 | 8b12 483b | 0248 8bf2 

  0x000002b392d10098: ;   {metadata(method data for {method} {0x000002b3ea69e9d0} 'serviceChanged' '(Lorg/osgi/framework/ServiceEvent;)V' in 'org/eclipse/osgi/internal/serviceregistry/FilteredServiceListener')}
  0x000002b392d10098: 48bf 005c | 7aea b302 | 0000 4883 | 8740 0700 

  0x000002b392d100a8: ;   {metadata(method data for {method} {0x000002b3a7469ad8} 'getName' '()Ljava/lang/String;' in 'java/lang/Class')}
  0x000002b392d100a8: 0001 48be | 485f 05ea | b302 0000 | 8bbe cc00 | 0000 83c7 | 0289 becc | 0000 0081 | e7fe ff1f 
  0x000002b392d100c8: 0085 ff0f | 84c8 1200 | 008b 722c 

  0x000002b392d100d4: ;   {metadata(method data for {method} {0x000002b3a7469ad8} 'getName' '()Ljava/lang/String;' in 'java/lang/Class')}
  0x000002b392d100d4: 4885 f648 | bf48 5f05 | eab3 0200 | 0048 c7c1 | 1001 0000 | 7407 48c7 | c120 0100 | 004c 8b04 
  0x000002b392d100f4: 0f4d 8d40 | 014c 8904 | 0f0f 8415 

  0x000002b392d10100: ;   {metadata(method data for {method} {0x000002b3a7469ad8} 'getName' '()Ljava/lang/String;' in 'java/lang/Class')}
  0x000002b392d10100: 0000 0048 | ba48 5f05 | eab3 0200 | 00ff 8230 | 0100 00e9 | 2700 0000 

  0x000002b392d10118: ;   {metadata(method data for {method} {0x000002b3a7469ad8} 'getName' '()Ljava/lang/String;' in 'java/lang/Class')}
  0x000002b392d10118: 488b fa48 | bb48 5f05 | eab3 0200 | 0048 8383 | 4801 0000 

  0x000002b392d1012c: ;   {optimized virtual_call}
  0x000002b392d1012c: 0166 90e8 

  0x000002b392d10130: ; ImmutableOopMap {[160]=Oop [248]=Oop [256]=Oop }
                      ;*invokevirtual initClassName {reexecute=0 rethrow=0 return_oop=0}
                      ; - java.lang.Class::getName@14
                      ; - org.eclipse.osgi.internal.serviceregistry.FilteredServiceListener::serviceChanged@224 (line 129)
  0x000002b392d10130: 4ce6 2207 

  0x000002b392d10134: ;   {other}
  0x000002b392d10134: 0f1f 8400 | 2424 001d 

  0x000002b392d1013c: ;   {metadata(method data for {method} {0x000002b3ea69e9d0} 'serviceChanged' '(Lorg/osgi/framework/ServiceEvent;)V' in 'org/eclipse/osgi/internal/serviceregistry/FilteredServiceListener')}
  0x000002b392d1013c: 488b f048 | ba00 5c7a | eab3 0200 | 0048 8382 | 7807 0000 

  0x000002b392d10150: ;   {metadata(method data for {method} {0x000002b3a7455280} 'valueOf' '(Ljava/lang/Object;)Ljava/lang/String;' in 'java/lang/String')}
  0x000002b392d10150: 0148 ba00 | 050f eab3 | 0200 008b | bacc 0000 | 0083 c702 | 89ba cc00 | 0000 81e7 | feff 1f00 
  0x000002b392d10170: 85ff 0f84 | 4212 0000 

  0x000002b392d10178: ;   {metadata(method data for {method} {0x000002b3a7455280} 'valueOf' '(Ljava/lang/Object;)Ljava/lang/String;' in 'java/lang/String')}
  0x000002b392d10178: 4885 f648 | ba00 050f | eab3 0200 | 0048 c7c7 | 1001 0000 | 7507 48c7 | c720 0100 | 0048 8b1c 
  0x000002b392d10198: 3a48 8d5b | 0148 891c | 3a0f 851f 

  0x000002b392d101a4: ;   {metadata(method data for {method} {0x000002b3a7455280} 'valueOf' '(Ljava/lang/Object;)Ljava/lang/String;' in 'java/lang/String')}
  0x000002b392d101a4: 0000 0048 | ba00 050f | eab3 0200 | 00ff 8230 

  0x000002b392d101b4: ;   {oop("null"{0x0000000080000498})}
  0x000002b392d101b4: 0100 0048 | be98 0400 | 8000 0000 | 00e9 b900 | 0000 483b | 0648 8bd6 

  0x000002b392d101cc: ;   {metadata(method data for {method} {0x000002b3a7455280} 'valueOf' '(Ljava/lang/Object;)Ljava/lang/String;' in 'java/lang/String')}
  0x000002b392d101cc: 48bf 0005 | 0fea b302 | 0000 8b52 | 0849 ba00 | 0000 a7b3 | 0200 0049 | 03d2 483b | 9758 0100 
  0x000002b392d101ec: 0075 0d48 | 8387 6001 | 0000 01e9 | 6000 0000 | 483b 9768 | 0100 0075 | 0d48 8387 | 7001 0000 
  0x000002b392d1020c: 01e9 4a00 | 0000 4883 | bf58 0100 | 0000 7517 | 4889 9758 | 0100 0048 | c787 6001 | 0000 0100 
  0x000002b392d1022c: 0000 e929 | 0000 0048 | 83bf 6801 | 0000 0075 | 1748 8997 | 6801 0000 | 48c7 8770 | 0100 0001 
  0x000002b392d1024c: 0000 00e9 | 0800 0000 | 4883 8748 | 0100 0001 | 488b d666 | 0f1f 4400 | 0048 b8ff | ffff ffff 
  0x000002b392d1026c: ;   {virtual_call}
  0x000002b392d1026c: ffff ffe8 

  0x000002b392d10270: ; ImmutableOopMap {[160]=Oop [248]=Oop [256]=Oop }
                      ;*invokevirtual toString {reexecute=0 rethrow=0 return_oop=0}
                      ; - java.lang.String::valueOf@11
                      ; - org.eclipse.osgi.internal.serviceregistry.FilteredServiceListener::serviceChanged@227 (line 129)
  0x000002b392d10270: 0ce8 2207 

  0x000002b392d10274: ;   {other}
  0x000002b392d10274: 0f1f 8400 | 6425 001e | 488b f048 | 8b84 2400 | 0100 004c 

  0x000002b392d10288: ;   {metadata(method data for {method} {0x000002b3ea69e9d0} 'serviceChanged' '(Lorg/osgi/framework/ServiceEvent;)V' in 'org/eclipse/osgi/internal/serviceregistry/FilteredServiceListener')}
  0x000002b392d10288: 8bc0 48bf | 005c 7aea | b302 0000 | 4883 8788 | 0700 0001 

  0x000002b392d1029c: ;   {metadata(method data for {method} {0x000002b3a7461da8} '<init>' '(Ljava/lang/String;)V' in 'java/lang/StringBuilder')}
  0x000002b392d1029c: 49b8 f020 | 30ea b302 | 0000 418b | b8cc 0000 | 0083 c702 | 4189 b8cc | 0000 0081 | e7fe ff1f 
  0x000002b392d102bc: 0085 ff0f | 841b 1100 | 004c 8bc0 

  0x000002b392d102c8: ;   {metadata(method data for {method} {0x000002b3a7461da8} '<init>' '(Ljava/lang/String;)V' in 'java/lang/StringBuilder')}
  0x000002b392d102c8: 48bf f020 | 30ea b302 | 0000 4883 | 8710 0100 | 0001 4c8b | c648 8bd0 | 0f1f 8000 

  0x000002b392d102e4: ;   {optimized virtual_call}
  0x000002b392d102e4: 0000 00e8 

  0x000002b392d102e8: ; ImmutableOopMap {[160]=Oop [248]=Oop [256]=Oop }
                      ;*invokespecial <init> {reexecute=0 rethrow=0 return_oop=0}
                      ; - java.lang.StringBuilder::<init>@2
                      ; - org.eclipse.osgi.internal.serviceregistry.FilteredServiceListener::serviceChanged@230 (line 129)
  0x000002b392d102e8: 94e4 2207 

  0x000002b392d102ec: ;   {other}
  0x000002b392d102ec: 0f1f 8400 | dc25 001f | 488b 8424 | 0001 0000 

  0x000002b392d102fc: ;   {metadata(method data for {method} {0x000002b3ea69e9d0} 'serviceChanged' '(Lorg/osgi/framework/ServiceEvent;)V' in 'org/eclipse/osgi/internal/serviceregistry/FilteredServiceListener')}
  0x000002b392d102fc: 49b8 005c | 7aea b302 | 0000 4983 | 8098 0700 

  0x000002b392d1030c: ;   {metadata(method data for {method} {0x000002b3a7461ae8} 'append' '(Ljava/lang/String;)Ljava/lang/StringBuilder;' in 'java/lang/StringBuilder')}
  0x000002b392d1030c: 0001 49b8 | 00b2 00ea | b302 0000 | 418b 90cc | 0000 0083 | c202 4189 | 90cc 0000 | 0081 e2fe 
  0x000002b392d1032c: ff1f 0085 | d20f 84ca | 1000 0048 | 8b84 2400 

  0x000002b392d1033c: ;   {metadata(method data for {method} {0x000002b3a7461ae8} 'append' '(Ljava/lang/String;)Ljava/lang/StringBuilder;' in 'java/lang/StringBuilder')}
  0x000002b392d1033c: 0100 0049 | b800 b200 | eab3 0200 | 0049 8380 | 1001 0000 

  0x000002b392d10350: ;   {oop("@"{0x0000000080000000})}
  0x000002b392d10350: 0149 b800 | 0000 8000 | 0000 0048 | 8b94 2400 | 0100 000f 

  0x000002b392d10364: ;   {optimized virtual_call}
  0x000002b392d10364: 1f40 00e8 

  0x000002b392d10368: ; ImmutableOopMap {[160]=Oop [248]=Oop [256]=Oop }
                      ;*invokespecial append {reexecute=0 rethrow=0 return_oop=0}
                      ; - java.lang.StringBuilder::append@2
                      ; - org.eclipse.osgi.internal.serviceregistry.FilteredServiceListener::serviceChanged@235 (line 129)
  0x000002b392d10368: 14e4 2207 

  0x000002b392d1036c: ;   {other}
  0x000002b392d1036c: 0f1f 8400 | 5c26 0020 | 488b 9424 | a000 0000 

  0x000002b392d1037c: ;   {metadata(method data for {method} {0x000002b3ea69e9d0} 'serviceChanged' '(Lorg/osgi/framework/ServiceEvent;)V' in 'org/eclipse/osgi/internal/serviceregistry/FilteredServiceListener')}
  0x000002b392d1037c: 8b72 1448 | bf00 5c7a | eab3 0200 | 0048 8387 | d007 0000 | 0148 8bd6 

  0x000002b392d10394: ;   {static_call}
  0x000002b392d10394: 6666 90e8 

  0x000002b392d10398: ; ImmutableOopMap {[160]=Oop [248]=Oop [256]=Oop }
                      ;*invokestatic identityHashCode {reexecute=0 rethrow=0 return_oop=0}
                      ; - org.eclipse.osgi.internal.serviceregistry.FilteredServiceListener::serviceChanged@242 (line 130)
  0x000002b392d10398: e4e9 2207 

  0x000002b392d1039c: ;   {other}
  0x000002b392d1039c: 0f1f 8400 | 8c26 0021 

  0x000002b392d103a4: ;   {metadata(method data for {method} {0x000002b3ea69e9d0} 'serviceChanged' '(Lorg/osgi/framework/ServiceEvent;)V' in 'org/eclipse/osgi/internal/serviceregistry/FilteredServiceListener')}
  0x000002b392d103a4: 48ba 005c | 7aea b302 | 0000 4883 | 82e0 0700 

  0x000002b392d103b4: ;   {metadata(method data for {method} {0x000002b3a7416620} 'toHexString' '(I)Ljava/lang/String;' in 'java/lang/Integer')}
  0x000002b392d103b4: 0001 48ba | e885 2fea | b302 0000 | 448b 82cc | 0000 0041 | 83c0 0244 | 8982 cc00 | 0000 4181 
  0x000002b392d103d4: e0fe ff1f | 0045 85c0 | 0f84 4010 

  0x000002b392d103e0: ;   {metadata(method data for {method} {0x000002b3a7416620} 'toHexString' '(I)Ljava/lang/String;' in 'java/lang/Integer')}
  0x000002b392d103e0: 0000 48ba | e885 2fea | b302 0000 | 4883 8210 | 0100 0001 | 488b d041 | b804 0000 

  0x000002b392d103fc: ;   {static_call}
  0x000002b392d103fc: 0066 90e8 

  0x000002b392d10400: ; ImmutableOopMap {[160]=Oop [248]=Oop [256]=Oop }
                      ;*invokestatic toUnsignedString0 {reexecute=0 rethrow=0 return_oop=0}
                      ; - java.lang.Integer::toHexString@2
                      ; - org.eclipse.osgi.internal.serviceregistry.FilteredServiceListener::serviceChanged@245 (line 130)
  0x000002b392d10400: 7ce9 2207 

  0x000002b392d10404: ;   {other}
  0x000002b392d10404: 0f1f 8400 | f426 0022 | 4c8b 8424 | 0001 0000 

  0x000002b392d10414: ;   {metadata(method data for {method} {0x000002b3ea69e9d0} 'serviceChanged' '(Lorg/osgi/framework/ServiceEvent;)V' in 'org/eclipse/osgi/internal/serviceregistry/FilteredServiceListener')}
  0x000002b392d10414: 48ba 005c | 7aea b302 | 0000 4883 | 82f0 0700 

  0x000002b392d10424: ;   {metadata(method data for {method} {0x000002b3a7461ae8} 'append' '(Ljava/lang/String;)Ljava/lang/StringBuilder;' in 'java/lang/StringBuilder')}
  0x000002b392d10424: 0001 49b8 | 00b2 00ea | b302 0000 | 418b 90cc | 0000 0083 | c202 4189 | 90cc 0000 | 0081 e2fe 
  0x000002b392d10444: ff1f 0085 | d20f 84f4 | 0f00 004c | 8b84 2400 

  0x000002b392d10454: ;   {metadata(method data for {method} {0x000002b3a7461ae8} 'append' '(Ljava/lang/String;)Ljava/lang/StringBuilder;' in 'java/lang/StringBuilder')}
  0x000002b392d10454: 0100 0048 | ba00 b200 | eab3 0200 | 0048 8382 | 1001 0000 | 014c 8bc0 | 488b 9424 | 0001 0000 
  0x000002b392d10474: ;   {optimized virtual_call}
  0x000002b392d10474: 6666 90e8 

  0x000002b392d10478: ; ImmutableOopMap {[160]=Oop [248]=Oop [256]=Oop }
                      ;*invokespecial append {reexecute=0 rethrow=0 return_oop=0}
                      ; - java.lang.StringBuilder::append@2
                      ; - org.eclipse.osgi.internal.serviceregistry.FilteredServiceListener::serviceChanged@248 (line 130)
  0x000002b392d10478: 04e3 2207 

  0x000002b392d1047c: ;   {other}
  0x000002b392d1047c: 0f1f 8400 | 6c27 0023 | 488b 8424 | 0001 0000 

  0x000002b392d1048c: ;   {metadata(method data for {method} {0x000002b3ea69e9d0} 'serviceChanged' '(Lorg/osgi/framework/ServiceEvent;)V' in 'org/eclipse/osgi/internal/serviceregistry/FilteredServiceListener')}
  0x000002b392d1048c: 48ba 005c | 7aea b302 | 0000 4883 | 8228 0800 

  0x000002b392d1049c: ;   {metadata(method data for {method} {0x000002b3a7008958} 'toString' '()Ljava/lang/String;' in 'java/lang/StringBuilder')}
  0x000002b392d1049c: 0001 48ba | 58b9 00ea | b302 0000 | 8bb2 cc00 | 0000 83c6 | 0289 b2cc | 0000 0081 | e6fe ff1f 
  0x000002b392d104bc: 0085 f60f | 849f 0f00 

  0x000002b392d104c4: ;   {metadata('java/lang/String')}
  0x000002b392d104c4: 0048 ba78 | e800 a7b3 | 0200 0049 | 8b87 b801 | 0000 488d | 7818 493b | bfc8 0100 | 000f 879e 
  0x000002b392d104e4: 0f00 0049 | 89bf b801 | 0000 48c7 | 0001 0000 | 0048 8bca | 49ba 0000 | 00a7 b302 | 0000 492b 
  0x000002b392d10504: ca89 4808 | 4833 c989 | 480c 4833 | c948 8948 | 104c 8bc0 

  0x000002b392d10518: ;   {metadata(method data for {method} {0x000002b3a7008958} 'toString' '()Ljava/lang/String;' in 'java/lang/StringBuilder')}
  0x000002b392d10518: 49b9 58b9 | 00ea b302 | 0000 4983 | 8110 0100 

  0x000002b392d10528: ;   {metadata(method data for {method} {0x000002b3a7455dd8} '<init>' '(Ljava/lang/StringBuilder;)V' in 'java/lang/String')}
  0x000002b392d10528: 0001 49b8 | d0ba 00ea | b302 0000 | 458b 88cc | 0000 0041 | 83c1 0245 | 8988 cc00 | 0000 4181 
  0x000002b392d10548: e1fe ff1f | 0045 85c9 | 0f84 3c0f | 0000 4c8b 

  0x000002b392d10558: ;   {metadata(method data for {method} {0x000002b3a7455dd8} '<init>' '(Ljava/lang/StringBuilder;)V' in 'java/lang/String')}
  0x000002b392d10558: c049 b9d0 | ba00 eab3 | 0200 0049 | 8381 1001 | 0000 014c | 8b84 2400 

  0x000002b392d10570: ;   {oop(nullptr)}
  0x000002b392d10570: 0100 0049 | b900 0000 | 0000 0000 | 0048 8bd0 | 4889 8424 | 0801 0000 | 0f1f 8000 

  0x000002b392d1058c: ;   {optimized virtual_call}
  0x000002b392d1058c: 0000 00e8 

  0x000002b392d10590: ; ImmutableOopMap {[160]=Oop [248]=Oop [264]=Oop }
                      ;*invokespecial <init> {reexecute=0 rethrow=0 return_oop=0}
                      ; - java.lang.String::<init>@3
                      ; - java.lang.StringBuilder::toString@5
                      ; - org.eclipse.osgi.internal.serviceregistry.FilteredServiceListener::serviceChanged@251 (line 129)
  0x000002b392d10590: ece1 2207 

  0x000002b392d10594: ;   {other}
  0x000002b392d10594: 0f1f 8400 | 8428 0024 | 488b 9424 | a000 0000 | 8b5a 2090 

  0x000002b392d105a8: ;   {no_reloc}
  0x000002b392d105a8: e915 0f00 | 0000 0000 | 0000 498b | 87b8 0100 | 0048 8d78 | 1849 3bbf | c801 0000 | 0f87 020f 
  0x000002b392d105c8: 0000 4989 | bfb8 0100 | 0048 c700 | 0100 0000 | 488b ca49 | ba00 0000 | a7b3 0200 | 0049 2bca 
  0x000002b392d105e8: 8948 0848 | 33c9 8948 | 0c48 33c9 | 4889 4810 

  0x000002b392d105f8: ;   {metadata(method data for {method} {0x000002b3ea69e9d0} 'serviceChanged' '(Lorg/osgi/framework/ServiceEvent;)V' in 'org/eclipse/osgi/internal/serviceregistry/FilteredServiceListener')}
  0x000002b392d105f8: 4c8b c048 | ba00 5c7a | eab3 0200 | 0048 8382 | 6008 0000 

  0x000002b392d1060c: ;   {metadata(method data for {method} {0x000002b3a7461da8} '<init>' '(Ljava/lang/String;)V' in 'java/lang/StringBuilder')}
  0x000002b392d1060c: 0149 b8f0 | 2030 eab3 | 0200 0041 | 8b90 cc00 | 0000 83c2 | 0241 8990 | cc00 0000 | 81e2 feff 
  0x000002b392d1062c: 1f00 85d2 | 0f84 a30e | 0000 4c8b 

  0x000002b392d10638: ;   {metadata(method data for {method} {0x000002b3a7461da8} '<init>' '(Ljava/lang/String;)V' in 'java/lang/StringBuilder')}
  0x000002b392d10638: c048 baf0 | 2030 eab3 | 0200 0048 | 8382 1001 

  0x000002b392d10648: ;   {oop("dispatchFilteredServiceEvent("{0x0000000080120ea8})}
  0x000002b392d10648: 0000 0149 | b8a8 0e12 | 8000 0000 | 0048 8bd0 | 4889 9c24 | 1801 0000 | 4889 8424 | 1001 0000 
  0x000002b392d10668: 0f1f 8000 

  0x000002b392d1066c: ;   {optimized virtual_call}
  0x000002b392d1066c: 0000 00e8 

  0x000002b392d10670: ; ImmutableOopMap {[160]=Oop [248]=Oop [264]=Oop [272]=Oop [280]=Oop }
                      ;*invokespecial <init> {reexecute=0 rethrow=0 return_oop=0}
                      ; - java.lang.StringBuilder::<init>@2
                      ; - org.eclipse.osgi.internal.serviceregistry.FilteredServiceListener::serviceChanged@267 (line 131)
  0x000002b392d10670: 0ce1 2207 

  0x000002b392d10674: ;   {other}
  0x000002b392d10674: 0f1f 8400 | 6429 0025 | 488b 8424 | 1001 0000 

  0x000002b392d10684: ;   {metadata(method data for {method} {0x000002b3ea69e9d0} 'serviceChanged' '(Lorg/osgi/framework/ServiceEvent;)V' in 'org/eclipse/osgi/internal/serviceregistry/FilteredServiceListener')}
  0x000002b392d10684: 49b8 005c | 7aea b302 | 0000 4983 | 8070 0800 

  0x000002b392d10694: ;   {metadata(method data for {method} {0x000002b3a7461ae8} 'append' '(Ljava/lang/String;)Ljava/lang/StringBuilder;' in 'java/lang/StringBuilder')}
  0x000002b392d10694: 0001 49b8 | 00b2 00ea | b302 0000 | 418b 90cc | 0000 0083 | c202 4189 | 90cc 0000 | 0081 e2fe 
  0x000002b392d106b4: ff1f 0085 | d20f 843b | 0e00 0048 | 8b84 2410 

  0x000002b392d106c4: ;   {metadata(method data for {method} {0x000002b3a7461ae8} 'append' '(Ljava/lang/String;)Ljava/lang/StringBuilder;' in 'java/lang/StringBuilder')}
  0x000002b392d106c4: 0100 0049 | b800 b200 | eab3 0200 | 0049 8380 | 1001 0000 | 014c 8b84 | 2408 0100 | 0048 8b94 
  0x000002b392d106e4: 2410 0100 | 0066 0f1f 

  0x000002b392d106ec: ;   {optimized virtual_call}
  0x000002b392d106ec: 4400 00e8 

  0x000002b392d106f0: ; ImmutableOopMap {[160]=Oop [248]=Oop [272]=Oop [280]=Oop }
                      ;*invokespecial append {reexecute=0 rethrow=0 return_oop=0}
                      ; - java.lang.StringBuilder::append@2
                      ; - org.eclipse.osgi.internal.serviceregistry.FilteredServiceListener::serviceChanged@271 (line 131)
  0x000002b392d106f0: 8ce0 2207 

  0x000002b392d106f4: ;   {other}
  0x000002b392d106f4: 0f1f 8400 | e429 0026 | 488b 8424 | 1001 0000 

  0x000002b392d10704: ;   {metadata(method data for {method} {0x000002b3ea69e9d0} 'serviceChanged' '(Lorg/osgi/framework/ServiceEvent;)V' in 'org/eclipse/osgi/internal/serviceregistry/FilteredServiceListener')}
  0x000002b392d10704: 49b8 005c | 7aea b302 | 0000 4983 | 80a8 0800 

  0x000002b392d10714: ;   {metadata(method data for {method} {0x000002b3a7461ae8} 'append' '(Ljava/lang/String;)Ljava/lang/StringBuilder;' in 'java/lang/StringBuilder')}
  0x000002b392d10714: 0001 49b8 | 00b2 00ea | b302 0000 | 418b 90cc | 0000 0083 | c202 4189 | 90cc 0000 | 0081 e2fe 
  0x000002b392d10734: ff1f 0085 | d20f 84dc | 0d00 0048 | 8b84 2410 

  0x000002b392d10744: ;   {metadata(method data for {method} {0x000002b3a7461ae8} 'append' '(Ljava/lang/String;)Ljava/lang/StringBuilder;' in 'java/lang/StringBuilder')}
  0x000002b392d10744: 0100 0049 | b800 b200 | eab3 0200 | 0049 8380 | 1001 0000 

  0x000002b392d10758: ;   {oop(")"{0x0000000080000818})}
  0x000002b392d10758: 0149 b818 | 0800 8000 | 0000 0048 | 8b94 2410 | 0100 000f 

  0x000002b392d1076c: ;   {optimized virtual_call}
  0x000002b392d1076c: 1f40 00e8 

  0x000002b392d10770: ; ImmutableOopMap {[160]=Oop [248]=Oop [272]=Oop [280]=Oop }
                      ;*invokespecial append {reexecute=0 rethrow=0 return_oop=0}
                      ; - java.lang.StringBuilder::append@2
                      ; - org.eclipse.osgi.internal.serviceregistry.FilteredServiceListener::serviceChanged@276 (line 131)
  0x000002b392d10770: 0ce0 2207 

  0x000002b392d10774: ;   {other}
  0x000002b392d10774: 0f1f 8400 | 642a 0027 | 488b 8424 | 1001 0000 

  0x000002b392d10784: ;   {metadata(method data for {method} {0x000002b3ea69e9d0} 'serviceChanged' '(Lorg/osgi/framework/ServiceEvent;)V' in 'org/eclipse/osgi/internal/serviceregistry/FilteredServiceListener')}
  0x000002b392d10784: 48ba 005c | 7aea b302 | 0000 4883 | 82e0 0800 

  0x000002b392d10794: ;   {metadata(method data for {method} {0x000002b3a7008958} 'toString' '()Ljava/lang/String;' in 'java/lang/StringBuilder')}
  0x000002b392d10794: 0001 48ba | 58b9 00ea | b302 0000 | 8bb2 cc00 | 0000 83c6 | 0289 b2cc | 0000 0081 | e6fe ff1f 
  0x000002b392d107b4: 0085 f60f | 847f 0d00 

  0x000002b392d107bc: ;   {metadata('java/lang/String')}
  0x000002b392d107bc: 0048 ba78 | e800 a7b3 | 0200 0049 | 8b87 b801 | 0000 488d | 7818 493b | bfc8 0100 | 000f 877e 
  0x000002b392d107dc: 0d00 0049 | 89bf b801 | 0000 48c7 | 0001 0000 | 0048 8bca | 49ba 0000 | 00a7 b302 | 0000 492b 
  0x000002b392d107fc: ca89 4808 | 4833 c989 | 480c 4833 | c948 8948 | 104c 8bc0 

  0x000002b392d10810: ;   {metadata(method data for {method} {0x000002b3a7008958} 'toString' '()Ljava/lang/String;' in 'java/lang/StringBuilder')}
  0x000002b392d10810: 49b9 58b9 | 00ea b302 | 0000 4983 | 8110 0100 

  0x000002b392d10820: ;   {metadata(method data for {method} {0x000002b3a7455dd8} '<init>' '(Ljava/lang/StringBuilder;)V' in 'java/lang/String')}
  0x000002b392d10820: 0001 49b8 | d0ba 00ea | b302 0000 | 458b 88cc | 0000 0041 | 83c1 0245 | 8988 cc00 | 0000 4181 
  0x000002b392d10840: e1fe ff1f | 0045 85c9 | 0f84 1c0d | 0000 4c8b 

  0x000002b392d10850: ;   {metadata(method data for {method} {0x000002b3a7455dd8} '<init>' '(Ljava/lang/StringBuilder;)V' in 'java/lang/String')}
  0x000002b392d10850: c049 b9d0 | ba00 eab3 | 0200 0049 | 8381 1001 | 0000 014c | 8b84 2410 

  0x000002b392d10868: ;   {oop(nullptr)}
  0x000002b392d10868: 0100 0049 | b900 0000 | 0000 0000 | 0048 8bd0 | 4889 8424 | 2001 0000 | 0f1f 8000 

  0x000002b392d10884: ;   {optimized virtual_call}
  0x000002b392d10884: 0000 00e8 

  0x000002b392d10888: ; ImmutableOopMap {[160]=Oop [248]=Oop [280]=Oop [288]=Oop }
                      ;*invokespecial <init> {reexecute=0 rethrow=0 return_oop=0}
                      ; - java.lang.String::<init>@3
                      ; - java.lang.StringBuilder::toString@5
                      ; - org.eclipse.osgi.internal.serviceregistry.FilteredServiceListener::serviceChanged@279 (line 131)
  0x000002b392d10888: f4de 2207 

  0x000002b392d1088c: ;   {other}
  0x000002b392d1088c: 0f1f 8400 | 7c2b 0028 | 488b 9c24 | 1801 0000 

  0x000002b392d1089c: ; implicit exception: dispatches to 0x000002b392d1158b
  0x000002b392d1089c: 483b 034c 

  0x000002b392d108a0: ;   {metadata(method data for {method} {0x000002b3ea69e9d0} 'serviceChanged' '(Lorg/osgi/framework/ServiceEvent;)V' in 'org/eclipse/osgi/internal/serviceregistry/FilteredServiceListener')}
  0x000002b392d108a0: 8bc3 49b9 | 005c 7aea | b302 0000 

  0x000002b392d108ac: ;   {metadata('org/eclipse/osgi/internal/debug/Debug')}
  0x000002b392d108ac: 49ba 8009 | 09a8 b302 | 0000 4d89 | 9128 0900 | 0049 8381 | 3009 0000 

  0x000002b392d108c4: ;   {metadata(method data for {method} {0x000002b3ea4e53d0} 'trace' '(Ljava/lang/String;Ljava/lang/String;)V' in 'org/eclipse/osgi/internal/debug/Debug')}
  0x000002b392d108c4: 0149 b8b0 | 4c78 eab3 | 0200 0045 | 8b88 cc00 | 0000 4183 | c102 4589 | 88cc 0000 | 0041 81e1 
  0x000002b392d108e4: feff 1f00 | 4585 c90f | 849f 0c00 | 008b 5324 

  0x000002b392d108f4: ;   {metadata(method data for {method} {0x000002b3ea4e53d0} 'trace' '(Ljava/lang/String;Ljava/lang/String;)V' in 'org/eclipse/osgi/internal/debug/Debug')}
  0x000002b392d108f4: 4885 d249 | b8b0 4c78 | eab3 0200 | 0049 c7c1 | 1001 0000 | 7407 49c7 | c120 0100 | 004b 8b34 
  0x000002b392d10914: 0848 8d76 | 014b 8934 | 080f 84ff | 0200 0048 | 85d2 0f84 | 2900 0000 

  0x000002b392d1092c: ;   {metadata('org/eclipse/osgi/internal/log/ExtendedLogServiceImpl')}
  0x000002b392d1092c: 48bf 4056 | 09a8 b302 | 0000 8b72 | 0849 ba00 | 0000 a7b3 | 0200 0049 | 03f2 483b | 7e38 0f85 
  0x000002b392d1094c: 610c 0000 | e900 0000 | 004c 8bc2 

  0x000002b392d10958: ; implicit exception: dispatches to 0x000002b392d115b6
  0x000002b392d10958: 483b 024c 

  0x000002b392d1095c: ;   {metadata(method data for {method} {0x000002b3ea4e53d0} 'trace' '(Ljava/lang/String;Ljava/lang/String;)V' in 'org/eclipse/osgi/internal/debug/Debug')}
  0x000002b392d1095c: 8bc2 49b9 | b04c 78ea | b302 0000 

  0x000002b392d10968: ;   {metadata('org/eclipse/osgi/internal/log/ExtendedLogServiceImpl')}
  0x000002b392d10968: 49ba 4056 | 09a8 b302 | 0000 4d89 | 9140 0100 | 0049 8381 | 4801 0000 

  0x000002b392d10980: ;   {metadata(method data for {method} {0x000002b3ea50ca80} 'getLogger' '(Ljava/lang/String;)Lorg/osgi/service/log/Logger;' in 'org/eclipse/osgi/internal/log/ExtendedLogServiceImpl')}
  0x000002b392d10980: 0149 b8f0 | 4e78 eab3 | 0200 0045 | 8b88 cc00 | 0000 4183 | c102 4589 | 88cc 0000 | 0041 81e1 
  0x000002b392d109a0: feff 1f00 | 4585 c90f | 840e 0c00 | 004c 8bc2 

  0x000002b392d109b0: ;   {metadata(method data for {method} {0x000002b3ea50ca80} 'getLogger' '(Ljava/lang/String;)Lorg/osgi/service/log/Logger;' in 'org/eclipse/osgi/internal/log/ExtendedLogServiceImpl')}
  0x000002b392d109b0: 49b9 f04e | 78ea b302 

  0x000002b392d109b8: ;   {metadata('org/eclipse/osgi/internal/log/ExtendedLogServiceImpl')}
  0x000002b392d109b8: 0000 49ba | 4056 09a8 | b302 0000 | 4d89 9120 | 0100 0049 | 8381 2801 

  0x000002b392d109d0: ;   {metadata(method data for {method} {0x000002b3ea50a308} 'getLogger' '(Ljava/lang/String;)Lorg/eclipse/equinox/log/Logger;' in 'org/eclipse/osgi/internal/log/ExtendedLogServiceImpl')}
  0x000002b392d109d0: 0000 0149 | b880 5078 | eab3 0200 | 0045 8b88 | cc00 0000 | 4183 c102 | 4589 88cc | 0000 0041 
  0x000002b392d109f0: 81e1 feff | 1f00 4585 | c90f 84dd | 0b00 004c 

  0x000002b392d10a00: ;   {metadata(method data for {method} {0x000002b3ea50a308} 'getLogger' '(Ljava/lang/String;)Lorg/eclipse/equinox/log/Logger;' in 'org/eclipse/osgi/internal/log/ExtendedLogServiceImpl')}
  0x000002b392d10a00: 8bc2 49b9 | 8050 78ea | b302 0000 

  0x000002b392d10a0c: ;   {metadata('org/eclipse/osgi/internal/log/ExtendedLogServiceImpl')}
  0x000002b392d10a0c: 49ba 4056 | 09a8 b302 | 0000 4d89 | 9120 0100 | 0049 8381 | 2801 0000 

  0x000002b392d10a24: ;   {oop("org.eclipse.osgi/debug/events"{0x00000000800d2d98})}
  0x000002b392d10a24: 0149 b898 | 2d0d 8000 

  0x000002b392d10a2c: ;   {oop(a 'java/lang/Class'{0x00000000802dd908} = 'org/osgi/service/log/Logger')}
  0x000002b392d10a2c: 0000 0049 | b908 d92d | 8000 0000 | 0066 0f1f 

  0x000002b392d10a3c: ;   {optimized virtual_call}
  0x000002b392d10a3c: 4400 00e8 

  0x000002b392d10a40: ; ImmutableOopMap {[160]=Oop [248]=Oop [288]=Oop }
                      ;*invokevirtual getLogger {reexecute=0 rethrow=0 return_oop=0}
                      ; - org.eclipse.osgi.internal.log.ExtendedLogServiceImpl::getLogger@4 (line 73)
                      ; - org.eclipse.osgi.internal.log.ExtendedLogServiceImpl::getLogger@2 (line 1)
                      ; - org.eclipse.osgi.internal.debug.Debug::trace@11 (line 265)
                      ; - org.eclipse.osgi.internal.serviceregistry.FilteredServiceListener::serviceChanged@282 (line 131)
  0x000002b392d10a40: 3cdd 2207 

  0x000002b392d10a44: ;   {other}
  0x000002b392d10a44: 0f1f 8400 | 342d 0029 | 4885 c075 

  0x000002b392d10a50: ;   {metadata(method data for {method} {0x000002b3ea50a308} 'getLogger' '(Ljava/lang/String;)Lorg/eclipse/equinox/log/Logger;' in 'org/eclipse/osgi/internal/log/ExtendedLogServiceImpl')}
  0x000002b392d10a50: 1648 be80 | 5078 eab3 | 0200 0080 | 8e41 0100 | 0001 e9e7 

  0x000002b392d10a64: ;   {metadata('org/eclipse/equinox/log/Logger')}
  0x000002b392d10a64: 0000 0048 | bff8 2909 | a8b3 0200 | 008b 7008 | 49ba 0000 | 00a7 b302 | 0000 4903 | f248 3b7e 
  0x000002b392d10a84: 200f 841a | 0000 0048 | 3bf7 0f84 | 1100 0000 

  0x000002b392d10a94: ;   {runtime_call slow_subtype_check Runtime1 stub}
  0x000002b392d10a94: 5657 e8e5 | f42d 075e | 5e85 f60f | 848d 0000 

  0x000002b392d10aa4: ;   {metadata(method data for {method} {0x000002b3ea50a308} 'getLogger' '(Ljava/lang/String;)Lorg/eclipse/equinox/log/Logger;' in 'org/eclipse/osgi/internal/log/ExtendedLogServiceImpl')}
  0x000002b392d10aa4: 0048 be80 | 5078 eab3 | 0200 008b | 7808 49ba | 0000 00a7 | b302 0000 | 4903 fa48 | 3bbe 5801 
  0x000002b392d10ac4: 0000 750d | 4883 8660 | 0100 0001 | e979 0000 | 0048 3bbe | 6801 0000 | 750d 4883 | 8670 0100 
  0x000002b392d10ae4: 0001 e963 | 0000 0048 | 83be 5801 | 0000 0075 | 1748 89be | 5801 0000 | 48c7 8660 | 0100 0001 
  0x000002b392d10b04: 0000 00e9 | 4200 0000 | 4883 be68 | 0100 0000 | 7517 4889 | be68 0100 | 0048 c786 | 7001 0000 
  0x000002b392d10b24: 0100 0000 | e921 0000 | 00e9 1c00 

  0x000002b392d10b30: ;   {metadata(method data for {method} {0x000002b3ea50a308} 'getLogger' '(Ljava/lang/String;)Lorg/eclipse/equinox/log/Logger;' in 'org/eclipse/osgi/internal/log/ExtendedLogServiceImpl')}
  0x000002b392d10b30: 0000 48be | 8050 78ea | b302 0000 | 4883 ae48 | 0100 0001 | e9b4 0a00 | 00e9 0000 | 0000 488b 
  0x000002b392d10b50: d048 3b02 

  0x000002b392d10b54: ;   {metadata(method data for {method} {0x000002b3ea4e53d0} 'trace' '(Ljava/lang/String;Ljava/lang/String;)V' in 'org/eclipse/osgi/internal/debug/Debug')}
  0x000002b392d10b54: 4c8b c248 | beb0 4c78 | eab3 0200 | 0045 8b40 | 0849 ba00 | 0000 a7b3 | 0200 004d | 03c2 4c3b 
  0x000002b392d10b74: 8678 0100 | 0075 0d48 | 8386 8001 | 0000 01e9 | 6000 0000 | 4c3b 8688 | 0100 0075 | 0d48 8386 
  0x000002b392d10b94: 9001 0000 | 01e9 4a00 | 0000 4883 | be78 0100 | 0000 7517 | 4c89 8678 | 0100 0048 | c786 8001 
  0x000002b392d10bb4: 0000 0100 | 0000 e929 | 0000 0048 | 83be 8801 | 0000 0075 | 174c 8986 | 8801 0000 | 48c7 8690 
  0x000002b392d10bd4: 0100 0001 | 0000 00e9 | 0800 0000 | 4883 8668 | 0100 0001 | 4c8b 8424 | 2001 0000 | 0f1f 4400 
  0x000002b392d10bf4: 0048 b8ff | ffff ffff 

  0x000002b392d10bfc: ;   {virtual_call}
  0x000002b392d10bfc: ffff ffe8 

  0x000002b392d10c00: ; ImmutableOopMap {[160]=Oop [248]=Oop }
                      ;*invokeinterface debug {reexecute=0 rethrow=0 return_oop=0}
                      ; - org.eclipse.osgi.internal.debug.Debug::trace@17 (line 265)
                      ; - org.eclipse.osgi.internal.serviceregistry.FilteredServiceListener::serviceChanged@282 (line 131)
  0x000002b392d10c00: 7cde 2207 

  0x000002b392d10c04: ;   {other}
  0x000002b392d10c04: 0f1f 8400 | f42e 002a 

  0x000002b392d10c0c: ;   {metadata(method data for {method} {0x000002b3ea4e53d0} 'trace' '(Ljava/lang/String;Ljava/lang/String;)V' in 'org/eclipse/osgi/internal/debug/Debug')}
  0x000002b392d10c0c: 49b8 b04c | 78ea b302 | 0000 41ff | 80a0 0100 | 00e9 5200 | 0000 488b | 8424 2001 

  0x000002b392d10c28: ;   {oop(a 'java/lang/Class'{0x00000000802dd980} = 'org/eclipse/osgi/internal/debug/Debug')}
  0x000002b392d10c28: 0000 49b8 | 80d9 2d80 | 0000 0000 | 418b 90d0 | 0000 0048 | 3b02 4c8b 

  0x000002b392d10c40: ;   {metadata(method data for {method} {0x000002b3ea4e53d0} 'trace' '(Ljava/lang/String;Ljava/lang/String;)V' in 'org/eclipse/osgi/internal/debug/Debug')}
  0x000002b392d10c40: c248 beb0 | 4c78 eab3 

  0x000002b392d10c48: ;   {metadata('java/io/PrintStream')}
  0x000002b392d10c48: 0200 0049 | bac8 a300 | a7b3 0200 | 004c 8996 | c801 0000 | 4883 86d0 | 0100 0001 

  0x000002b392d10c64: ;   {optimized virtual_call}
  0x000002b392d10c64: 4c8b c0e8 

  0x000002b392d10c68: ; ImmutableOopMap {[160]=Oop [248]=Oop }
                      ;*invokevirtual println {reexecute=0 rethrow=0 return_oop=0}
                      ; - org.eclipse.osgi.internal.debug.Debug::trace@29 (line 267)
                      ; - org.eclipse.osgi.internal.serviceregistry.FilteredServiceListener::serviceChanged@282 (line 131)
  0x000002b392d10c68: 14db 2207 

  0x000002b392d10c6c: ;   {other}
  0x000002b392d10c6c: 0f1f 8400 | 5c2f 002b | 488b 8424 | f800 0000 | 488b 9424 | a000 0000 | 8b52 1448 | 3b02 4c8b 
  0x000002b392d10c8c: ;   {metadata(method data for {method} {0x000002b3ea69e9d0} 'serviceChanged' '(Lorg/osgi/framework/ServiceEvent;)V' in 'org/eclipse/osgi/internal/serviceregistry/FilteredServiceListener')}
  0x000002b392d10c8c: c248 be00 | 5c7a eab3 | 0200 0045 | 8b40 0849 | ba00 0000 | a7b3 0200 | 004d 03c2 | 4c3b 8660 
  0x000002b392d10cac: 0900 0075 | 0d48 8386 | 6809 0000 | 01e9 6000 | 0000 4c3b | 8670 0900 | 0075 0d48 | 8386 7809 
  0x000002b392d10ccc: 0000 01e9 | 4a00 0000 | 4883 be60 | 0900 0000 | 7517 4c89 | 8660 0900 | 0048 c786 | 6809 0000 
  0x000002b392d10cec: 0100 0000 | e929 0000 | 0048 83be | 7009 0000 | 0075 174c | 8986 7009 | 0000 48c7 | 8678 0900 
  0x000002b392d10d0c: 0001 0000 | 00e9 0800 | 0000 4883 | 8650 0900 | 0001 4c8b | c00f 1f40 | 0048 b8b0 | ad0e eeb3 
  0x000002b392d10d2c: ;   {virtual_call}
  0x000002b392d10d2c: 0200 00e8 

  0x000002b392d10d30: ; ImmutableOopMap {}
                      ;*invokeinterface serviceChanged {reexecute=0 rethrow=0 return_oop=0}
                      ; - org.eclipse.osgi.internal.serviceregistry.FilteredServiceListener::serviceChanged@290 (line 134)
  0x000002b392d10d30: 5ca5 2e07 

  0x000002b392d10d34: ;   {other}
  0x000002b392d10d34: 0f1f 8400 | 2430 002c | 4881 c440 | 0100 005d 

  0x000002b392d10d44: ;   {poll_return}
  0x000002b392d10d44: 493b a750 | 0400 000f | 87c4 0800 | 00c3 4881 | c440 0100 

  0x000002b392d10d58: ;   {poll_return}
  0x000002b392d10d58: 005d 493b | a750 0400 | 000f 87c4 | 0800 00c3 | 4881 c440 | 0100 005d 

  0x000002b392d10d70: ;   {poll_return}
  0x000002b392d10d70: 493b a750 | 0400 000f | 87c4 0800 | 00c3 4881 | c440 0100 

  0x000002b392d10d84: ;   {poll_return}
  0x000002b392d10d84: 005d 493b | a750 0400 | 000f 87c4 | 0800 00c3 | 498b 8700 | 0500 004d | 33d2 4d89 | 9700 0500 
  0x000002b392d10da4: 004d 33d2 | 4d89 9708 | 0500 0048 | 8bf0 488d | 8424 2801 | 0000 488b | 3848 85ff | 0f84 0f00 
  0x000002b392d10dc4: 0000 488b | 5808 f048 | 0fb1 3b0f | 8598 0800 | 0049 ff8f | 5005 0000 | 488b c6e9 | bc08 0000 
  0x000002b392d10de4: ;   {metadata({method} {0x000002b3ea69e9d0} 'serviceChanged' '(Lorg/osgi/framework/ServiceEvent;)V' in 'org/eclipse/osgi/internal/serviceregistry/FilteredServiceListener')}
  0x000002b392d10de4: 49ba c8e9 | 69ea b302 | 0000 4c89 | 5424 0848 | c704 24ff 

  0x000002b392d10df8: ;   {runtime_call counter_overflow Runtime1 stub}
  0x000002b392d10df8: ffff ffe8 

  0x000002b392d10dfc: ; ImmutableOopMap {rdx=Oop r8=Oop [160]=Oop }
                      ;*synchronization entry
                      ; - org.eclipse.osgi.internal.serviceregistry.FilteredServiceListener::serviceChanged@-1 (line 96)
  0x000002b392d10dfc: 804e 2e07 | e989 d6ff 

  0x000002b392d10e04: ;   {runtime_call throw_null_pointer_exception Runtime1 stub}
  0x000002b392d10e04: ffe8 76c7 

  0x000002b392d10e08: ; ImmutableOopMap {rdx=Oop r8=Oop [160]=Oop }
                      ;*invokevirtual getServiceReference {reexecute=0 rethrow=0 return_oop=0}
                      ; - org.eclipse.osgi.internal.serviceregistry.FilteredServiceListener::serviceChanged@1 (line 96)
  0x000002b392d10e08: 2d07 4889 

  0x000002b392d10e0c: ;   {runtime_call throw_class_cast_exception Runtime1 stub}
  0x000002b392d10e0c: 3424 e86d 

  0x000002b392d10e10: ; ImmutableOopMap {rdx=Oop r8=Oop [160]=Oop }
                      ;*checkcast {reexecute=0 rethrow=0 return_oop=0}
                      ; - org.eclipse.osgi.internal.serviceregistry.FilteredServiceListener::serviceChanged@4 (line 96)
                      ;   {runtime_call throw_null_pointer_exception Runtime1 stub}
  0x000002b392d10e10: eb2d 07e8 

  0x000002b392d10e14: ; ImmutableOopMap {rdx=Oop r8=Oop rsi=Oop rdi=Oop [160]=Oop [168]=Oop }
                      ;*invokevirtual getClasses {reexecute=0 rethrow=0 return_oop=0}
                      ; - org.eclipse.osgi.internal.serviceregistry.FilteredServiceListener::serviceChanged@16 (line 101)
  0x000002b392d10e14: 68c7 2d07 

  0x000002b392d10e18: ;   {metadata({method} {0x000002b3ea6ad1e0} 'getClasses' '()[Ljava/lang/String;' in 'org/eclipse/osgi/internal/serviceregistry/ServiceReferenceImpl')}
  0x000002b392d10e18: 49ba d8d1 | 6aea b302 | 0000 4c89 | 5424 0848 | c704 24ff 

  0x000002b392d10e2c: ;   {runtime_call counter_overflow Runtime1 stub}
  0x000002b392d10e2c: ffff ffe8 

  0x000002b392d10e30: ; ImmutableOopMap {rdx=Oop r8=Oop rsi=Oop rdi=Oop [160]=Oop [168]=Oop }
                      ;*synchronization entry
                      ; - org.eclipse.osgi.internal.serviceregistry.ServiceReferenceImpl::getClasses@-1 (line 288)
                      ; - org.eclipse.osgi.internal.serviceregistry.FilteredServiceListener::serviceChanged@16 (line 101)
  0x000002b392d10e30: 4c4e 2e07 | e95f d8ff 

  0x000002b392d10e38: ;   {runtime_call throw_null_pointer_exception Runtime1 stub}
  0x000002b392d10e38: ffe8 42c7 

  0x000002b392d10e3c: ; ImmutableOopMap {rdx=Oop r8=Oop rsi=Oop rdi=Oop rbx=Oop [160]=Oop [168]=Oop }
                      ;*invokevirtual getClasses {reexecute=0 rethrow=0 return_oop=0}
                      ; - org.eclipse.osgi.internal.serviceregistry.ServiceReferenceImpl::getClasses@4 (line 288)
                      ; - org.eclipse.osgi.internal.serviceregistry.FilteredServiceListener::serviceChanged@16 (line 101)
                      ;   {runtime_call throw_null_pointer_exception Runtime1 stub}
  0x000002b392d10e3c: 2d07 e83d 

  0x000002b392d10e40: ; ImmutableOopMap {rdx=Oop r8=Oop rsi=Oop rdi=Oop rbx=Oop [160]=Oop [168]=Oop }
                      ;*arraylength {reexecute=0 rethrow=0 return_oop=0}
                      ; - org.eclipse.osgi.internal.serviceregistry.FilteredServiceListener::serviceChanged@21 (line 102)
                      ;   {metadata({method} {0x000002b3ea69e9d0} 'serviceChanged' '(Lorg/osgi/framework/ServiceEvent;)V' in 'org/eclipse/osgi/internal/serviceregistry/FilteredServiceListener')}
  0x000002b392d10e40: c72d 0749 | bac8 e969 | eab3 0200 | 004c 8954 | 2408 48c7 | 0424 3300 

  0x000002b392d10e58: ;   {runtime_call counter_overflow Runtime1 stub}
  0x000002b392d10e58: 0000 e821 

  0x000002b392d10e5c: ; ImmutableOopMap {rdx=Oop r8=Oop rsi=Oop rdi=Oop rbx=Oop [160]=Oop [168]=Oop }
                      ;*if_icmplt {reexecute=1 rethrow=0 return_oop=0}
                      ; - (reexecute) org.eclipse.osgi.internal.serviceregistry.FilteredServiceListener::serviceChanged@51 (line 103)
  0x000002b392d10e5c: 4e2e 07e9 | 73d9 ffff 

  0x000002b392d10e64: ;   {internal_word}
  0x000002b392d10e64: 49ba 17e8 | d092 b302 | 0000 4d89 | 9768 0400 

  0x000002b392d10e74: ;   {runtime_call SafepointBlob}
  0x000002b392d10e74: 00e9 863c 

  0x000002b392d10e78: ;   {runtime_call throw_null_pointer_exception Runtime1 stub}
  0x000002b392d10e78: 2307 e801 

  0x000002b392d10e7c: ; ImmutableOopMap {rdx=Oop [160]=Oop [168]=Oop [176]=Oop }
                      ;*getfield DEBUG_EVENTS {reexecute=1 rethrow=0 return_oop=0}
                      ; - (reexecute) org.eclipse.osgi.internal.serviceregistry.FilteredServiceListener::serviceChanged@71 (line 117)
                      ;   {metadata(nullptr)}
  0x000002b392d10e7c: c72d 0748 | ba00 0000 | 0000 0000 | 00b8 000f 

  0x000002b392d10e8c: ;   {runtime_call load_klass_patching Runtime1 stub}
  0x000002b392d10e8c: 050a e8ed 

  0x000002b392d10e90: ; ImmutableOopMap {rbx=Oop [160]=Oop [168]=Oop [176]=Oop }
                      ;*new {reexecute=1 rethrow=0 return_oop=0}
                      ; - (reexecute) org.eclipse.osgi.internal.serviceregistry.FilteredServiceListener::serviceChanged@77 (line 118)
  0x000002b392d10e90: 212e 07e9 | 48da ffff 

  0x000002b392d10e98: ;   {runtime_call fast_new_instance Runtime1 stub}
  0x000002b392d10e98: 488b d2e8 

  0x000002b392d10e9c: ; ImmutableOopMap {rbx=Oop [160]=Oop [168]=Oop [176]=Oop }
                      ;*new {reexecute=0 rethrow=0 return_oop=0}
                      ; - org.eclipse.osgi.internal.serviceregistry.FilteredServiceListener::serviceChanged@77 (line 118)
  0x000002b392d10e9c: e0cf 2d07 | e98b daff 

  0x000002b392d10ea4: ;   {runtime_call throw_null_pointer_exception Runtime1 stub}
  0x000002b392d10ea4: ffe8 d6c6 

  0x000002b392d10ea8: ; ImmutableOopMap {rbx=Oop rax=Oop rdx=Oop [160]=Oop [168]=Oop [176]=Oop [184]=Oop }
                      ;*invokevirtual getName {reexecute=0 rethrow=0 return_oop=0}
                      ; - org.eclipse.osgi.internal.serviceregistry.FilteredServiceListener::serviceChanged@85 (line 118)
                      ;   {metadata({method} {0x000002b3a7469ad8} 'getName' '()Ljava/lang/String;' in 'java/lang/Class')}
  0x000002b392d10ea8: 2d07 49ba | d09a 46a7 | b302 0000 | 4c89 5424 | 0848 c704 | 24ff ffff 

  0x000002b392d10ec0: ;   {runtime_call counter_overflow Runtime1 stub}
  0x000002b392d10ec0: ffe8 ba4d 

  0x000002b392d10ec4: ; ImmutableOopMap {rbx=Oop rax=Oop rdx=Oop [160]=Oop [168]=Oop [176]=Oop [184]=Oop }
                      ;*synchronization entry
                      ; - java.lang.Class::getName@-1
                      ; - org.eclipse.osgi.internal.serviceregistry.FilteredServiceListener::serviceChanged@85 (line 118)
  0x000002b392d10ec4: 2e07 e9d8 

  0x000002b392d10ec8: ;   {metadata({method} {0x000002b3a7455280} 'valueOf' '(Ljava/lang/Object;)Ljava/lang/String;' in 'java/lang/String')}
  0x000002b392d10ec8: daff ff49 | ba78 5245 | a7b3 0200 | 004c 8954 | 2408 48c7 | 0424 ffff 

  0x000002b392d10ee0: ;   {runtime_call counter_overflow Runtime1 stub}
  0x000002b392d10ee0: ffff e899 

  0x000002b392d10ee4: ; ImmutableOopMap {rsi=Oop [160]=Oop [168]=Oop [176]=Oop [184]=Oop }
                      ;*synchronization entry
                      ; - java.lang.String::valueOf@-1
                      ; - org.eclipse.osgi.internal.serviceregistry.FilteredServiceListener::serviceChanged@88 (line 118)
  0x000002b392d10ee4: 4d2e 07e9 | 5cdb ffff 

  0x000002b392d10eec: ;   {runtime_call throw_null_pointer_exception Runtime1 stub}
  0x000002b392d10eec: e88f c62d 

  0x000002b392d10ef0: ; ImmutableOopMap {rsi=Oop [160]=Oop [168]=Oop [176]=Oop [184]=Oop }
                      ;*invokevirtual toString {reexecute=0 rethrow=0 return_oop=0}
                      ; - java.lang.String::valueOf@11
                      ; - org.eclipse.osgi.internal.serviceregistry.FilteredServiceListener::serviceChanged@88 (line 118)
                      ;   {metadata({method} {0x000002b3a7461da8} '<init>' '(Ljava/lang/String;)V' in 'java/lang/StringBuilder')}
  0x000002b392d10ef0: 0749 baa0 | 1d46 a7b3 | 0200 004c | 8954 2408 | 48c7 0424 | ffff ffff 

  0x000002b392d10f08: ;   {runtime_call counter_overflow Runtime1 stub}
  0x000002b392d10f08: e873 4d2e 

  0x000002b392d10f0c: ; ImmutableOopMap {rsi=Oop rax=Oop [160]=Oop [168]=Oop [176]=Oop [184]=Oop }
                      ;*synchronization entry
                      ; - java.lang.StringBuilder::<init>@-1
                      ; - org.eclipse.osgi.internal.serviceregistry.FilteredServiceListener::serviceChanged@91 (line 118)
  0x000002b392d10f0c: 07e9 83dc 

  0x000002b392d10f10: ;   {metadata({method} {0x000002b3a7461ae8} 'append' '(Ljava/lang/String;)Ljava/lang/StringBuilder;' in 'java/lang/StringBuilder')}
  0x000002b392d10f10: ffff 49ba | e01a 46a7 | b302 0000 | 4c89 5424 | 0848 c704 | 24ff ffff 

  0x000002b392d10f28: ;   {runtime_call counter_overflow Runtime1 stub}
  0x000002b392d10f28: ffe8 524d 

  0x000002b392d10f2c: ; ImmutableOopMap {[160]=Oop [168]=Oop [176]=Oop [184]=Oop }
                      ;*synchronization entry
                      ; - java.lang.StringBuilder::append@-1
                      ; - org.eclipse.osgi.internal.serviceregistry.FilteredServiceListener::serviceChanged@96 (line 118)
  0x000002b392d10f2c: 2e07 e9d4 

  0x000002b392d10f30: ;   {metadata({method} {0x000002b3a7416620} 'toHexString' '(I)Ljava/lang/String;' in 'java/lang/Integer')}
  0x000002b392d10f30: dcff ff49 | ba18 6641 | a7b3 0200 | 004c 8954 | 2408 48c7 | 0424 ffff 

  0x000002b392d10f48: ;   {runtime_call counter_overflow Runtime1 stub}
  0x000002b392d10f48: ffff e831 

  0x000002b392d10f4c: ; ImmutableOopMap {[160]=Oop [168]=Oop [176]=Oop [184]=Oop }
                      ;*synchronization entry
                      ; - java.lang.Integer::toHexString@-1
                      ; - org.eclipse.osgi.internal.serviceregistry.FilteredServiceListener::serviceChanged@103 (line 118)
  0x000002b392d10f4c: 4d2e 07e9 | 56dd ffff 

  0x000002b392d10f54: ;   {metadata({method} {0x000002b3a7461ae8} 'append' '(Ljava/lang/String;)Ljava/lang/StringBuilder;' in 'java/lang/StringBuilder')}
  0x000002b392d10f54: 49ba e01a | 46a7 b302 | 0000 4c89 | 5424 0848 | c704 24ff 

  0x000002b392d10f68: ;   {runtime_call counter_overflow Runtime1 stub}
  0x000002b392d10f68: ffff ffe8 

  0x000002b392d10f6c: ; ImmutableOopMap {rax=Oop [160]=Oop [168]=Oop [176]=Oop [184]=Oop }
                      ;*synchronization entry
                      ; - java.lang.StringBuilder::append@-1
                      ; - org.eclipse.osgi.internal.serviceregistry.FilteredServiceListener::serviceChanged@106 (line 118)
  0x000002b392d10f6c: 104d 2e07 | e9a2 ddff 

  0x000002b392d10f74: ;   {metadata({method} {0x000002b3a7008958} 'toString' '()Ljava/lang/String;' in 'java/lang/StringBuilder')}
  0x000002b392d10f74: ff49 ba50 | 8900 a7b3 | 0200 004c | 8954 2408 | 48c7 0424 | ffff ffff 

  0x000002b392d10f8c: ;   {runtime_call counter_overflow Runtime1 stub}
  0x000002b392d10f8c: e8ef 4c2e 

  0x000002b392d10f90: ; ImmutableOopMap {[160]=Oop [168]=Oop [176]=Oop [184]=Oop }
                      ;*synchronization entry
                      ; - java.lang.StringBuilder::toString@-1
                      ; - org.eclipse.osgi.internal.serviceregistry.FilteredServiceListener::serviceChanged@109 (line 118)
  0x000002b392d10f90: 07e9 f7dd | ffff 488b 

  0x000002b392d10f98: ;   {runtime_call fast_new_instance Runtime1 stub}
  0x000002b392d10f98: d2e8 e2ce 

  0x000002b392d10f9c: ; ImmutableOopMap {[160]=Oop [168]=Oop [176]=Oop [184]=Oop }
                      ;*new {reexecute=0 rethrow=0 return_oop=0}
                      ; - java.lang.StringBuilder::toString@0
                      ; - org.eclipse.osgi.internal.serviceregistry.FilteredServiceListener::serviceChanged@109 (line 118)
  0x000002b392d10f9c: 2d07 e93a 

  0x000002b392d10fa0: ;   {metadata({method} {0x000002b3a7455dd8} '<init>' '(Ljava/lang/StringBuilder;)V' in 'java/lang/String')}
  0x000002b392d10fa0: deff ff49 | bad0 5d45 | a7b3 0200 | 004c 8954 | 2408 48c7 | 0424 ffff 

  0x000002b392d10fb8: ;   {runtime_call counter_overflow Runtime1 stub}
  0x000002b392d10fb8: ffff e8c1 

  0x000002b392d10fbc: ; ImmutableOopMap {rax=Oop [160]=Oop [168]=Oop [176]=Oop [184]=Oop }
                      ;*synchronization entry
                      ; - java.lang.String::<init>@-1
                      ; - java.lang.StringBuilder::toString@5
                      ; - org.eclipse.osgi.internal.serviceregistry.FilteredServiceListener::serviceChanged@109 (line 118)
  0x000002b392d10fbc: 4c2e 07e9 | 5ade ffff 

  0x000002b392d10fc4: ;   {metadata(nullptr)}
  0x000002b392d10fc4: 48ba 0000 | 0000 0000 | 0000 b800 

  0x000002b392d10fd0: ;   {runtime_call load_klass_patching Runtime1 stub}
  0x000002b392d10fd0: 0f05 0ae8 

  0x000002b392d10fd4: ; ImmutableOopMap {rbx=Oop [160]=Oop [168]=Oop [176]=Oop [192]=Oop [208]=Oop }
                      ;*new {reexecute=1 rethrow=0 return_oop=0}
                      ; - (reexecute) org.eclipse.osgi.internal.serviceregistry.FilteredServiceListener::serviceChanged@119 (line 119)
  0x000002b392d10fd4: a820 2e07 | e99b deff | ff48 8bd2 

  0x000002b392d10fe0: ;   {runtime_call fast_new_instance Runtime1 stub}
  0x000002b392d10fe0: e89b ce2d 

  0x000002b392d10fe4: ; ImmutableOopMap {rbx=Oop [160]=Oop [168]=Oop [176]=Oop [192]=Oop [208]=Oop }
                      ;*new {reexecute=0 rethrow=0 return_oop=0}
                      ; - org.eclipse.osgi.internal.serviceregistry.FilteredServiceListener::serviceChanged@119 (line 119)
  0x000002b392d10fe4: 07e9 dede 

  0x000002b392d10fe8: ;   {metadata({method} {0x000002b3a7461da8} '<init>' '(Ljava/lang/String;)V' in 'java/lang/StringBuilder')}
  0x000002b392d10fe8: ffff 49ba | a01d 46a7 | b302 0000 | 4c89 5424 | 0848 c704 | 24ff ffff 

  0x000002b392d11000: ;   {runtime_call counter_overflow Runtime1 stub}
  0x000002b392d11000: ffe8 7a4c 

  0x000002b392d11004: ; ImmutableOopMap {rbx=Oop rax=Oop [160]=Oop [168]=Oop [176]=Oop [192]=Oop [200]=Oop [208]=Oop }
                      ;*synchronization entry
                      ; - java.lang.StringBuilder::<init>@-1
                      ; - org.eclipse.osgi.internal.serviceregistry.FilteredServiceListener::serviceChanged@125 (line 119)
  0x000002b392d11004: 2e07 e903 

  0x000002b392d11008: ;   {metadata({method} {0x000002b3a7461ae8} 'append' '(Ljava/lang/String;)Ljava/lang/StringBuilder;' in 'java/lang/StringBuilder')}
  0x000002b392d11008: dfff ff49 | bae0 1a46 | a7b3 0200 | 004c 8954 | 2408 48c7 | 0424 ffff 

  0x000002b392d11020: ;   {runtime_call counter_overflow Runtime1 stub}
  0x000002b392d11020: ffff e859 

  0x000002b392d11024: ; ImmutableOopMap {[160]=Oop [168]=Oop [176]=Oop [192]=Oop [200]=Oop [208]=Oop }
                      ;*synchronization entry
                      ; - java.lang.StringBuilder::append@-1
                      ; - org.eclipse.osgi.internal.serviceregistry.FilteredServiceListener::serviceChanged@129 (line 119)
  0x000002b392d11024: 4c2e 07e9 | 5bdf ffff 

  0x000002b392d1102c: ;   {metadata({method} {0x000002b3a7461ae8} 'append' '(Ljava/lang/String;)Ljava/lang/StringBuilder;' in 'java/lang/StringBuilder')}
  0x000002b392d1102c: 49ba e01a | 46a7 b302 | 0000 4c89 | 5424 0848 | c704 24ff 

  0x000002b392d11040: ;   {runtime_call counter_overflow Runtime1 stub}
  0x000002b392d11040: ffff ffe8 

  0x000002b392d11044: ; ImmutableOopMap {[160]=Oop [168]=Oop [176]=Oop [200]=Oop [208]=Oop }
                      ;*synchronization entry
                      ; - java.lang.StringBuilder::append@-1
                      ; - org.eclipse.osgi.internal.serviceregistry.FilteredServiceListener::serviceChanged@134 (line 119)
  0x000002b392d11044: 384c 2e07 | e9ba dfff 

  0x000002b392d1104c: ;   {metadata({method} {0x000002b3ea69ede8} 'getFilter' '()Ljava/lang/String;' in 'org/eclipse/osgi/internal/serviceregistry/FilteredServiceListener')}
  0x000002b392d1104c: ff49 bae0 | ed69 eab3 | 0200 004c | 8954 2408 | 48c7 0424 | ffff ffff 

  0x000002b392d11064: ;   {runtime_call counter_overflow Runtime1 stub}
  0x000002b392d11064: e817 4c2e 

  0x000002b392d11068: ; ImmutableOopMap {[160]=Oop [168]=Oop [176]=Oop [200]=Oop [208]=Oop }
                      ;*synchronization entry
                      ; - org.eclipse.osgi.internal.serviceregistry.FilteredServiceListener::getFilter@-1 (line 202)
                      ; - org.eclipse.osgi.internal.serviceregistry.FilteredServiceListener::serviceChanged@138 (line 119)
  0x000002b392d11068: 07e9 28e0 

  0x000002b392d1106c: ;   {runtime_call throw_null_pointer_exception Runtime1 stub}
  0x000002b392d1106c: ffff e80d 

  0x000002b392d11070: ; ImmutableOopMap {rsi=Oop [160]=Oop [168]=Oop [176]=Oop [200]=Oop [208]=Oop }
                      ;*invokevirtual toString {reexecute=0 rethrow=0 return_oop=0}
                      ; - org.eclipse.osgi.internal.serviceregistry.FilteredServiceListener::getFilter@11 (line 203)
                      ; - org.eclipse.osgi.internal.serviceregistry.FilteredServiceListener::serviceChanged@138 (line 119)
                      ;   {metadata({method} {0x000002b3ea69f018} 'getObjectClassFilterString' '(Ljava/lang/String;)Ljava/lang/String;' in 'org/eclipse/osgi/internal/serviceregistry/FilteredServiceListener')}
  0x000002b392d11070: c52d 0749 | ba10 f069 | eab3 0200 | 004c 8954 | 2408 48c7 | 0424 ffff 

  0x000002b392d11088: ;   {runtime_call counter_overflow Runtime1 stub}
  0x000002b392d11088: ffff e8f1 

  0x000002b392d1108c: ; ImmutableOopMap {rdx=Oop rbx=Oop [160]=Oop [168]=Oop [176]=Oop [200]=Oop [208]=Oop }
                      ;*synchronization entry
                      ; - org.eclipse.osgi.internal.serviceregistry.FilteredServiceListener::getObjectClassFilterString@-1 (line 236)
                      ; - org.eclipse.osgi.internal.serviceregistry.FilteredServiceListener::getFilter@19 (line 205)
                      ; - org.eclipse.osgi.internal.serviceregistry.FilteredServiceListener::serviceChanged@138 (line 119)
  0x000002b392d1108c: 4b2e 07e9 | 29e1 ffff 

  0x000002b392d11094: ;   {metadata(nullptr)}
  0x000002b392d11094: 48ba 0000 | 0000 0000 | 0000 b800 

  0x000002b392d110a0: ;   {runtime_call load_klass_patching Runtime1 stub}
  0x000002b392d110a0: 0f05 0ae8 

  0x000002b392d110a4: ; ImmutableOopMap {[160]=Oop [168]=Oop [176]=Oop [200]=Oop [208]=Oop [224]=Oop }
                      ;*new {reexecute=1 rethrow=0 return_oop=0}
                      ; - (reexecute) org.eclipse.osgi.internal.serviceregistry.FilteredServiceListener::getObjectClassFilterString@6 (line 239)
                      ; - org.eclipse.osgi.internal.serviceregistry.FilteredServiceListener::getFilter@19 (line 205)
                      ; - org.eclipse.osgi.internal.serviceregistry.FilteredServiceListener::serviceChanged@138 (line 119)
  0x000002b392d110a4: d81f 2e07 | e95b e1ff | ff48 8bd2 

  0x000002b392d110b0: ;   {runtime_call fast_new_instance Runtime1 stub}
  0x000002b392d110b0: e8cb cd2d 

  0x000002b392d110b4: ; ImmutableOopMap {[160]=Oop [168]=Oop [176]=Oop [200]=Oop [208]=Oop [224]=Oop }
                      ;*new {reexecute=0 rethrow=0 return_oop=0}
                      ; - org.eclipse.osgi.internal.serviceregistry.FilteredServiceListener::getObjectClassFilterString@6 (line 239)
                      ; - org.eclipse.osgi.internal.serviceregistry.FilteredServiceListener::getFilter@19 (line 205)
                      ; - org.eclipse.osgi.internal.serviceregistry.FilteredServiceListener::serviceChanged@138 (line 119)
  0x000002b392d110b4: 07e9 9ee1 

  0x000002b392d110b8: ;   {metadata({method} {0x000002b3a7461da8} '<init>' '(Ljava/lang/String;)V' in 'java/lang/StringBuilder')}
  0x000002b392d110b8: ffff 49ba | a01d 46a7 | b302 0000 | 4c89 5424 | 0848 c704 | 24ff ffff 

  0x000002b392d110d0: ;   {runtime_call counter_overflow Runtime1 stub}
  0x000002b392d110d0: ffe8 aa4b 

  0x000002b392d110d4: ; ImmutableOopMap {rax=Oop [160]=Oop [168]=Oop [176]=Oop [200]=Oop [208]=Oop [224]=Oop }
                      ;*synchronization entry
                      ; - java.lang.StringBuilder::<init>@-1
                      ; - org.eclipse.osgi.internal.serviceregistry.FilteredServiceListener::getObjectClassFilterString@13 (line 239)
                      ; - org.eclipse.osgi.internal.serviceregistry.FilteredServiceListener::getFilter@19 (line 205)
                      ; - org.eclipse.osgi.internal.serviceregistry.FilteredServiceListener::serviceChanged@138 (line 119)
  0x000002b392d110d4: 2e07 e9bb 

  0x000002b392d110d8: ;   {metadata({method} {0x000002b3a7461ae8} 'append' '(Ljava/lang/String;)Ljava/lang/StringBuilder;' in 'java/lang/StringBuilder')}
  0x000002b392d110d8: e1ff ff49 | bae0 1a46 | a7b3 0200 | 004c 8954 | 2408 48c7 | 0424 ffff 

  0x000002b392d110f0: ;   {runtime_call counter_overflow Runtime1 stub}
  0x000002b392d110f0: ffff e889 

  0x000002b392d110f4: ; ImmutableOopMap {[160]=Oop [168]=Oop [176]=Oop [200]=Oop [208]=Oop [216]=Oop [224]=Oop }
                      ;*synchronization entry
                      ; - java.lang.StringBuilder::append@-1
                      ; - org.eclipse.osgi.internal.serviceregistry.FilteredServiceListener::getObjectClassFilterString@17 (line 239)
                      ; - org.eclipse.osgi.internal.serviceregistry.FilteredServiceListener::getFilter@19 (line 205)
                      ; - org.eclipse.osgi.internal.serviceregistry.FilteredServiceListener::serviceChanged@138 (line 119)
  0x000002b392d110f4: 4b2e 07e9 | 1be2 ffff 

  0x000002b392d110fc: ;   {metadata({method} {0x000002b3a7461ae8} 'append' '(Ljava/lang/String;)Ljava/lang/StringBuilder;' in 'java/lang/StringBuilder')}
  0x000002b392d110fc: 49ba e01a | 46a7 b302 | 0000 4c89 | 5424 0848 | c704 24ff 

  0x000002b392d11110: ;   {runtime_call counter_overflow Runtime1 stub}
  0x000002b392d11110: ffff ffe8 

  0x000002b392d11114: ; ImmutableOopMap {[160]=Oop [168]=Oop [176]=Oop [200]=Oop [208]=Oop [216]=Oop }
                      ;*synchronization entry
                      ; - java.lang.StringBuilder::append@-1
                      ; - org.eclipse.osgi.internal.serviceregistry.FilteredServiceListener::getObjectClassFilterString@22 (line 239)
                      ; - org.eclipse.osgi.internal.serviceregistry.FilteredServiceListener::getFilter@19 (line 205)
                      ; - org.eclipse.osgi.internal.serviceregistry.FilteredServiceListener::serviceChanged@138 (line 119)
  0x000002b392d11114: 684b 2e07 | e97a e2ff 

  0x000002b392d1111c: ;   {metadata({method} {0x000002b3a7008958} 'toString' '()Ljava/lang/String;' in 'java/lang/StringBuilder')}
  0x000002b392d1111c: ff49 ba50 | 8900 a7b3 | 0200 004c | 8954 2408 | 48c7 0424 | ffff ffff 

  0x000002b392d11134: ;   {runtime_call counter_overflow Runtime1 stub}
  0x000002b392d11134: e847 4b2e 

  0x000002b392d11138: ; ImmutableOopMap {[160]=Oop [168]=Oop [176]=Oop [200]=Oop [208]=Oop [216]=Oop }
                      ;*synchronization entry
                      ; - java.lang.StringBuilder::toString@-1
                      ; - org.eclipse.osgi.internal.serviceregistry.FilteredServiceListener::getObjectClassFilterString@25 (line 239)
                      ; - org.eclipse.osgi.internal.serviceregistry.FilteredServiceListener::getFilter@19 (line 205)
                      ; - org.eclipse.osgi.internal.serviceregistry.FilteredServiceListener::serviceChanged@138 (line 119)
  0x000002b392d11138: 07e9 d7e2 | ffff 488b 

  0x000002b392d11140: ;   {runtime_call fast_new_instance Runtime1 stub}
  0x000002b392d11140: d2e8 3acd 

  0x000002b392d11144: ; ImmutableOopMap {[160]=Oop [168]=Oop [176]=Oop [200]=Oop [208]=Oop [216]=Oop }
                      ;*new {reexecute=0 rethrow=0 return_oop=0}
                      ; - java.lang.StringBuilder::toString@0
                      ; - org.eclipse.osgi.internal.serviceregistry.FilteredServiceListener::getObjectClassFilterString@25 (line 239)
                      ; - org.eclipse.osgi.internal.serviceregistry.FilteredServiceListener::getFilter@19 (line 205)
                      ; - org.eclipse.osgi.internal.serviceregistry.FilteredServiceListener::serviceChanged@138 (line 119)
  0x000002b392d11144: 2d07 e91a 

  0x000002b392d11148: ;   {metadata({method} {0x000002b3a7455dd8} '<init>' '(Ljava/lang/StringBuilder;)V' in 'java/lang/String')}
  0x000002b392d11148: e3ff ff49 | bad0 5d45 | a7b3 0200 | 004c 8954 | 2408 48c7 | 0424 ffff 

  0x000002b392d11160: ;   {runtime_call counter_overflow Runtime1 stub}
  0x000002b392d11160: ffff e819 

  0x000002b392d11164: ; ImmutableOopMap {rax=Oop [160]=Oop [168]=Oop [176]=Oop [200]=Oop [208]=Oop [216]=Oop }
                      ;*synchronization entry
                      ; - java.lang.String::<init>@-1
                      ; - java.lang.StringBuilder::toString@5
                      ; - org.eclipse.osgi.internal.serviceregistry.FilteredServiceListener::getObjectClassFilterString@25 (line 239)
                      ; - org.eclipse.osgi.internal.serviceregistry.FilteredServiceListener::getFilter@19 (line 205)
                      ; - org.eclipse.osgi.internal.serviceregistry.FilteredServiceListener::serviceChanged@138 (line 119)
  0x000002b392d11164: 4b2e 07e9 | 3ae3 ffff 

  0x000002b392d1116c: ;   {metadata({method} {0x000002b3a7461ae8} 'append' '(Ljava/lang/String;)Ljava/lang/StringBuilder;' in 'java/lang/StringBuilder')}
  0x000002b392d1116c: 49ba e01a | 46a7 b302 | 0000 4c89 | 5424 0848 | c704 24ff 

  0x000002b392d11180: ;   {runtime_call counter_overflow Runtime1 stub}
  0x000002b392d11180: ffff ffe8 

  0x000002b392d11184: ; ImmutableOopMap {rax=Oop [160]=Oop [168]=Oop [176]=Oop [200]=Oop [208]=Oop }
                      ;*synchronization entry
                      ; - java.lang.StringBuilder::append@-1
                      ; - org.eclipse.osgi.internal.serviceregistry.FilteredServiceListener::serviceChanged@141 (line 119)
  0x000002b392d11184: f84a 2e07 | e9ad e3ff 

  0x000002b392d1118c: ;   {metadata({method} {0x000002b3a7461ae8} 'append' '(Ljava/lang/String;)Ljava/lang/StringBuilder;' in 'java/lang/StringBuilder')}
  0x000002b392d1118c: ff49 bae0 | 1a46 a7b3 | 0200 004c | 8954 2408 | 48c7 0424 | ffff ffff 

  0x000002b392d111a4: ;   {runtime_call counter_overflow Runtime1 stub}
  0x000002b392d111a4: e8d7 4a2e 

  0x000002b392d111a8: ; ImmutableOopMap {[160]=Oop [168]=Oop [176]=Oop [200]=Oop [208]=Oop }
                      ;*synchronization entry
                      ; - java.lang.StringBuilder::append@-1
                      ; - org.eclipse.osgi.internal.serviceregistry.FilteredServiceListener::serviceChanged@146 (line 119)
  0x000002b392d111a8: 07e9 01e4 

  0x000002b392d111ac: ;   {runtime_call throw_null_pointer_exception Runtime1 stub}
  0x000002b392d111ac: ffff e8cd 

  0x000002b392d111b0: ; ImmutableOopMap {rsi=Oop [160]=Oop [168]=Oop [176]=Oop [200]=Oop [208]=Oop }
                      ;*invokevirtual getRegistration {reexecute=0 rethrow=0 return_oop=0}
                      ; - org.eclipse.osgi.internal.serviceregistry.FilteredServiceListener::serviceChanged@150 (line 120)
                      ;   {runtime_call throw_null_pointer_exception Runtime1 stub}
  0x000002b392d111b0: c32d 07e8 

  0x000002b392d111b4: ; ImmutableOopMap {rsi=Oop rdx=Oop [160]=Oop [168]=Oop [176]=Oop [200]=Oop [208]=Oop }
                      ;*invokevirtual getProperties {reexecute=0 rethrow=0 return_oop=0}
                      ; - org.eclipse.osgi.internal.serviceregistry.FilteredServiceListener::serviceChanged@153 (line 120)
  0x000002b392d111b4: c8c3 2d07 

  0x000002b392d111b8: ;   {metadata({method} {0x000002b3ea667608} 'getProperties' '()Ljava/util/Map;' in 'org/eclipse/osgi/internal/serviceregistry/ServiceRegistrationImpl')}
  0x000002b392d111b8: 49ba 0076 | 66ea b302 | 0000 4c89 | 5424 0848 | c704 24ff 

  0x000002b392d111cc: ;   {runtime_call counter_overflow Runtime1 stub}
  0x000002b392d111cc: ffff ffe8 

  0x000002b392d111d0: ; ImmutableOopMap {rsi=Oop rdx=Oop [160]=Oop [168]=Oop [176]=Oop [200]=Oop [208]=Oop }
                      ;*synchronization entry
                      ; - org.eclipse.osgi.internal.serviceregistry.ServiceRegistrationImpl::getProperties@-1 (line 397)
                      ; - org.eclipse.osgi.internal.serviceregistry.FilteredServiceListener::serviceChanged@153 (line 120)
  0x000002b392d111d0: ac4a 2e07 | e904 e5ff 

  0x000002b392d111d8: ;   {runtime_call throw_null_pointer_exception Runtime1 stub}
  0x000002b392d111d8: ffe8 a2c3 

  0x000002b392d111dc: ; ImmutableOopMap {rsi=Oop rdx=Oop rdi=Oop [160]=Oop [168]=Oop [176]=Oop [200]=Oop [208]=Oop }
                      ;*monitorenter {reexecute=0 rethrow=0 return_oop=0}
                      ; - org.eclipse.osgi.internal.serviceregistry.ServiceRegistrationImpl::getProperties@6 (line 397)
                      ; - org.eclipse.osgi.internal.serviceregistry.FilteredServiceListener::serviceChanged@153 (line 120)
  0x000002b392d111dc: 2d07 4889 | 7c24 0848 

  0x000002b392d111e4: ;   {runtime_call monitorenter_nofpu Runtime1 stub}
  0x000002b392d111e4: 891c 24e8 

  0x000002b392d111e8: ; ImmutableOopMap {rsi=Oop rdx=Oop rdi=Oop [160]=Oop [168]=Oop [176]=Oop [200]=Oop [208]=Oop [304]=Oop }
                      ;*monitorenter {reexecute=0 rethrow=0 return_oop=0}
                      ; - org.eclipse.osgi.internal.serviceregistry.ServiceRegistrationImpl::getProperties@6 (line 397)
                      ; - org.eclipse.osgi.internal.serviceregistry.FilteredServiceListener::serviceChanged@153 (line 120)
  0x000002b392d111e8: 94f3 2d07 | e929 e5ff | ff48 8d84 | 2428 0100 | 0048 8904 

  0x000002b392d111fc: ;   {runtime_call monitorexit_nofpu Runtime1 stub}
  0x000002b392d111fc: 24e8 7ef9 | 2d07 e940 

  0x000002b392d11204: ;   {metadata({method} {0x000002b3a7461b40} 'append' '(Ljava/lang/Object;)Ljava/lang/StringBuilder;' in 'java/lang/StringBuilder')}
  0x000002b392d11204: e5ff ff49 | ba38 1b46 | a7b3 0200 | 004c 8954 | 2408 48c7 | 0424 ffff 

  0x000002b392d1121c: ;   {runtime_call counter_overflow Runtime1 stub}
  0x000002b392d1121c: ffff e85d 

  0x000002b392d11220: ; ImmutableOopMap {rsi=Oop rdx=Oop [160]=Oop [168]=Oop [176]=Oop [200]=Oop [208]=Oop }
                      ;*synchronization entry
                      ; - java.lang.StringBuilder::append@-1
                      ; - org.eclipse.osgi.internal.serviceregistry.FilteredServiceListener::serviceChanged@156 (line 120)
  0x000002b392d11220: 4a2e 07e9 | 60e5 ffff 

  0x000002b392d11228: ;   {metadata({method} {0x000002b3a7455280} 'valueOf' '(Ljava/lang/Object;)Ljava/lang/String;' in 'java/lang/String')}
  0x000002b392d11228: 49ba 7852 | 45a7 b302 | 0000 4c89 | 5424 0848 | c704 24ff 

  0x000002b392d1123c: ;   {runtime_call counter_overflow Runtime1 stub}
  0x000002b392d1123c: ffff ffe8 

  0x000002b392d11240: ; ImmutableOopMap {rsi=Oop rdx=Oop [160]=Oop [168]=Oop [176]=Oop [200]=Oop [208]=Oop }
                      ;*synchronization entry
                      ; - java.lang.String::valueOf@-1
                      ; - java.lang.StringBuilder::append@2
                      ; - org.eclipse.osgi.internal.serviceregistry.FilteredServiceListener::serviceChanged@156 (line 120)
  0x000002b392d11240: 3c4a 2e07 | e978 e5ff 

  0x000002b392d11248: ;   {runtime_call throw_null_pointer_exception Runtime1 stub}
  0x000002b392d11248: ffe8 32c3 

  0x000002b392d1124c: ; ImmutableOopMap {rdx=Oop [160]=Oop [168]=Oop [176]=Oop [200]=Oop [208]=Oop }
                      ;*invokevirtual toString {reexecute=0 rethrow=0 return_oop=0}
                      ; - java.lang.String::valueOf@11
                      ; - java.lang.StringBuilder::append@2
                      ; - org.eclipse.osgi.internal.serviceregistry.FilteredServiceListener::serviceChanged@156 (line 120)
                      ;   {metadata({method} {0x000002b3a7461ae8} 'append' '(Ljava/lang/String;)Ljava/lang/StringBuilder;' in 'java/lang/StringBuilder')}
  0x000002b392d1124c: 2d07 49ba | e01a 46a7 | b302 0000 | 4c89 5424 | 0848 c704 | 24ff ffff 

  0x000002b392d11264: ;   {runtime_call counter_overflow Runtime1 stub}
  0x000002b392d11264: ffe8 164a 

  0x000002b392d11268: ; ImmutableOopMap {rdi=Oop [160]=Oop [168]=Oop [176]=Oop [200]=Oop [208]=Oop }
                      ;*synchronization entry
                      ; - java.lang.StringBuilder::append@-1
                      ; - java.lang.StringBuilder::append@5
                      ; - org.eclipse.osgi.internal.serviceregistry.FilteredServiceListener::serviceChanged@156 (line 120)
  0x000002b392d11268: 2e07 e993 

  0x000002b392d1126c: ;   {metadata({method} {0x000002b3a7461ae8} 'append' '(Ljava/lang/String;)Ljava/lang/StringBuilder;' in 'java/lang/StringBuilder')}
  0x000002b392d1126c: e6ff ff49 | bae0 1a46 | a7b3 0200 | 004c 8954 | 2408 48c7 | 0424 ffff 

  0x000002b392d11284: ;   {runtime_call counter_overflow Runtime1 stub}
  0x000002b392d11284: ffff e8f5 

  0x000002b392d11288: ; ImmutableOopMap {rax=Oop [160]=Oop [168]=Oop [176]=Oop [200]=Oop [208]=Oop }
                      ;*synchronization entry
                      ; - java.lang.StringBuilder::append@-1
                      ; - org.eclipse.osgi.internal.serviceregistry.FilteredServiceListener::serviceChanged@161 (line 120)
  0x000002b392d11288: 492e 07e9 | eae6 ffff 

  0x000002b392d11290: ;   {metadata({method} {0x000002b3a7008958} 'toString' '()Ljava/lang/String;' in 'java/lang/StringBuilder')}
  0x000002b392d11290: 49ba 5089 | 00a7 b302 | 0000 4c89 | 5424 0848 | c704 24ff 

  0x000002b392d112a4: ;   {runtime_call counter_overflow Runtime1 stub}
  0x000002b392d112a4: ffff ffe8 

  0x000002b392d112a8: ; ImmutableOopMap {[160]=Oop [168]=Oop [176]=Oop [200]=Oop [208]=Oop }
                      ;*synchronization entry
                      ; - java.lang.StringBuilder::toString@-1
                      ; - org.eclipse.osgi.internal.serviceregistry.FilteredServiceListener::serviceChanged@164 (line 120)
  0x000002b392d112a8: d449 2e07 | e93c e7ff | ff48 8bd2 

  0x000002b392d112b4: ;   {runtime_call fast_new_instance Runtime1 stub}
  0x000002b392d112b4: e8c7 cb2d 

  0x000002b392d112b8: ; ImmutableOopMap {[160]=Oop [168]=Oop [176]=Oop [200]=Oop [208]=Oop }
                      ;*new {reexecute=0 rethrow=0 return_oop=0}
                      ; - java.lang.StringBuilder::toString@0
                      ; - org.eclipse.osgi.internal.serviceregistry.FilteredServiceListener::serviceChanged@164 (line 120)
  0x000002b392d112b8: 07e9 7fe7 

  0x000002b392d112bc: ;   {metadata({method} {0x000002b3a7455dd8} '<init>' '(Ljava/lang/StringBuilder;)V' in 'java/lang/String')}
  0x000002b392d112bc: ffff 49ba | d05d 45a7 | b302 0000 | 4c89 5424 | 0848 c704 | 24ff ffff 

  0x000002b392d112d4: ;   {runtime_call counter_overflow Runtime1 stub}
  0x000002b392d112d4: ffe8 a649 

  0x000002b392d112d8: ; ImmutableOopMap {rax=Oop [160]=Oop [168]=Oop [176]=Oop [200]=Oop [208]=Oop }
                      ;*synchronization entry
                      ; - java.lang.String::<init>@-1
                      ; - java.lang.StringBuilder::toString@5
                      ; - org.eclipse.osgi.internal.serviceregistry.FilteredServiceListener::serviceChanged@164 (line 120)
  0x000002b392d112d8: 2e07 e99f 

  0x000002b392d112dc: ;   {runtime_call throw_null_pointer_exception Runtime1 stub}
  0x000002b392d112dc: e7ff ffe8 

  0x000002b392d112e0: ; ImmutableOopMap {rbx=Oop [160]=Oop [168]=Oop [176]=Oop [208]=Oop [240]=Oop }
                      ;*invokevirtual trace {reexecute=0 rethrow=0 return_oop=0}
                      ; - org.eclipse.osgi.internal.serviceregistry.FilteredServiceListener::serviceChanged@167 (line 119)
  0x000002b392d112e0: 9cc2 2d07 

  0x000002b392d112e4: ;   {metadata({method} {0x000002b3ea4e53d0} 'trace' '(Ljava/lang/String;Ljava/lang/String;)V' in 'org/eclipse/osgi/internal/debug/Debug')}
  0x000002b392d112e4: 49ba c853 | 4eea b302 | 0000 4c89 | 5424 0848 | c704 24ff 

  0x000002b392d112f8: ;   {runtime_call counter_overflow Runtime1 stub}
  0x000002b392d112f8: ffff ffe8 

  0x000002b392d112fc: ; ImmutableOopMap {rbx=Oop [160]=Oop [168]=Oop [176]=Oop [208]=Oop [240]=Oop }
                      ;*synchronization entry
                      ; - org.eclipse.osgi.internal.debug.Debug::trace@-1 (line 256)
                      ; - org.eclipse.osgi.internal.serviceregistry.FilteredServiceListener::serviceChanged@167 (line 119)
  0x000002b392d112fc: 8049 2e07 | e91c e8ff 

  0x000002b392d11304: ;   {runtime_call throw_incompatible_class_change_error Runtime1 stub}
  0x000002b392d11304: ffe8 76e9 

  0x000002b392d11308: ; ImmutableOopMap {rdx=Oop [160]=Oop [168]=Oop [176]=Oop [240]=Oop }
                      ;*invokeinterface getLogger {reexecute=0 rethrow=0 return_oop=0}
                      ; - org.eclipse.osgi.internal.debug.Debug::trace@11 (line 265)
                      ; - org.eclipse.osgi.internal.serviceregistry.FilteredServiceListener::serviceChanged@167 (line 119)
                      ;   {runtime_call throw_null_pointer_exception Runtime1 stub}
  0x000002b392d11308: 2d07 e871 

  0x000002b392d1130c: ; ImmutableOopMap {rdx=Oop [160]=Oop [168]=Oop [176]=Oop [240]=Oop }
                      ;*invokeinterface getLogger {reexecute=0 rethrow=0 return_oop=0}
                      ; - org.eclipse.osgi.internal.debug.Debug::trace@11 (line 265)
                      ; - org.eclipse.osgi.internal.serviceregistry.FilteredServiceListener::serviceChanged@167 (line 119)
                      ;   {metadata({method} {0x000002b3ea50ca80} 'getLogger' '(Ljava/lang/String;)Lorg/osgi/service/log/Logger;' in 'org/eclipse/osgi/internal/log/ExtendedLogServiceImpl')}
  0x000002b392d1130c: c22d 0749 | ba78 ca50 | eab3 0200 | 004c 8954 | 2408 48c7 | 0424 ffff 

  0x000002b392d11324: ;   {runtime_call counter_overflow Runtime1 stub}
  0x000002b392d11324: ffff e855 

  0x000002b392d11328: ; ImmutableOopMap {rdx=Oop [160]=Oop [168]=Oop [176]=Oop [240]=Oop }
                      ;*synchronization entry
                      ; - org.eclipse.osgi.internal.log.ExtendedLogServiceImpl::getLogger@-1 (line 1)
                      ; - org.eclipse.osgi.internal.debug.Debug::trace@11 (line 265)
                      ; - org.eclipse.osgi.internal.serviceregistry.FilteredServiceListener::serviceChanged@167 (line 119)
  0x000002b392d11328: 492e 07e9 | ade8 ffff 

  0x000002b392d11330: ;   {metadata({method} {0x000002b3ea50a308} 'getLogger' '(Ljava/lang/String;)Lorg/eclipse/equinox/log/Logger;' in 'org/eclipse/osgi/internal/log/ExtendedLogServiceImpl')}
  0x000002b392d11330: 49ba 00a3 | 50ea b302 | 0000 4c89 | 5424 0848 | c704 24ff 

  0x000002b392d11344: ;   {runtime_call counter_overflow Runtime1 stub}
  0x000002b392d11344: ffff ffe8 

  0x000002b392d11348: ; ImmutableOopMap {rdx=Oop [160]=Oop [168]=Oop [176]=Oop [240]=Oop }
                      ;*synchronization entry
                      ; - org.eclipse.osgi.internal.log.ExtendedLogServiceImpl::getLogger@-1 (line 73)
                      ; - org.eclipse.osgi.internal.log.ExtendedLogServiceImpl::getLogger@2 (line 1)
                      ; - org.eclipse.osgi.internal.debug.Debug::trace@11 (line 265)
                      ; - org.eclipse.osgi.internal.serviceregistry.FilteredServiceListener::serviceChanged@167 (line 119)
  0x000002b392d11348: 3449 2e07 | e9de e8ff | ff48 8904 

  0x000002b392d11354: ;   {runtime_call throw_class_cast_exception Runtime1 stub}
  0x000002b392d11354: 24e8 26e6 

  0x000002b392d11358: ; ImmutableOopMap {[160]=Oop [168]=Oop [176]=Oop [240]=Oop }
                      ;*checkcast {reexecute=0 rethrow=0 return_oop=0}
                      ; - org.eclipse.osgi.internal.log.ExtendedLogServiceImpl::getLogger@7 (line 73)
                      ; - org.eclipse.osgi.internal.log.ExtendedLogServiceImpl::getLogger@2 (line 1)
                      ; - org.eclipse.osgi.internal.debug.Debug::trace@11 (line 265)
                      ; - org.eclipse.osgi.internal.serviceregistry.FilteredServiceListener::serviceChanged@167 (line 119)
                      ;   {runtime_call throw_null_pointer_exception Runtime1 stub}
  0x000002b392d11358: 2d07 e821 

  0x000002b392d1135c: ; ImmutableOopMap {rdx=Oop [160]=Oop [168]=Oop [176]=Oop [240]=Oop }
                      ;*invokeinterface debug {reexecute=0 rethrow=0 return_oop=0}
                      ; - org.eclipse.osgi.internal.debug.Debug::trace@17 (line 265)
                      ; - org.eclipse.osgi.internal.serviceregistry.FilteredServiceListener::serviceChanged@167 (line 119)
                      ;   {runtime_call throw_null_pointer_exception Runtime1 stub}
  0x000002b392d1135c: c22d 07e8 

  0x000002b392d11360: ; ImmutableOopMap {rax=Oop rdx=Oop [160]=Oop [168]=Oop [176]=Oop }
                      ;*invokevirtual println {reexecute=0 rethrow=0 return_oop=0}
                      ; - org.eclipse.osgi.internal.debug.Debug::trace@29 (line 267)
                      ; - org.eclipse.osgi.internal.serviceregistry.FilteredServiceListener::serviceChanged@167 (line 119)
  0x000002b392d11360: 1cc2 2d07 

  0x000002b392d11364: ;   {runtime_call throw_null_pointer_exception Runtime1 stub}
  0x000002b392d11364: e817 c22d 

  0x000002b392d11368: ; ImmutableOopMap {rdx=Oop [160]=Oop [248]=Oop }
                      ;*getfield DEBUG_EVENTS {reexecute=1 rethrow=0 return_oop=0}
                      ; - (reexecute) org.eclipse.osgi.internal.serviceregistry.FilteredServiceListener::serviceChanged@207 (line 128)
                      ;   {metadata(nullptr)}
  0x000002b392d11368: 0748 ba00 | 0000 0000 | 0000 00b8 | 000f 050a 

  0x000002b392d11378: ;   {runtime_call load_klass_patching Runtime1 stub}
  0x000002b392d11378: e803 1d2e 

  0x000002b392d1137c: ; ImmutableOopMap {rbx=Oop [160]=Oop [248]=Oop }
                      ;*new {reexecute=1 rethrow=0 return_oop=0}
                      ; - (reexecute) org.eclipse.osgi.internal.serviceregistry.FilteredServiceListener::serviceChanged@213 (line 129)
  0x000002b392d1137c: 07e9 86ec | ffff 488b 

  0x000002b392d11384: ;   {runtime_call fast_new_instance Runtime1 stub}
  0x000002b392d11384: d2e8 f6ca 

  0x000002b392d11388: ; ImmutableOopMap {rbx=Oop [160]=Oop [248]=Oop }
                      ;*new {reexecute=0 rethrow=0 return_oop=0}
                      ; - org.eclipse.osgi.internal.serviceregistry.FilteredServiceListener::serviceChanged@213 (line 129)
  0x000002b392d11388: 2d07 e9c9 

  0x000002b392d1138c: ;   {runtime_call throw_null_pointer_exception Runtime1 stub}
  0x000002b392d1138c: ecff ffe8 

  0x000002b392d11390: ; ImmutableOopMap {rbx=Oop rax=Oop rdx=Oop [160]=Oop [248]=Oop [256]=Oop }
                      ;*invokevirtual getClass {reexecute=0 rethrow=0 return_oop=0}
                      ; - org.eclipse.osgi.internal.serviceregistry.FilteredServiceListener::serviceChanged@221 (line 129)
  0x000002b392d11390: ecc1 2d07 

  0x000002b392d11394: ;   {runtime_call throw_null_pointer_exception Runtime1 stub}
  0x000002b392d11394: e8e7 c12d 

  0x000002b392d11398: ; ImmutableOopMap {rbx=Oop rax=Oop rdx=Oop [160]=Oop [248]=Oop [256]=Oop }
                      ;*invokevirtual getName {reexecute=0 rethrow=0 return_oop=0}
                      ; - org.eclipse.osgi.internal.serviceregistry.FilteredServiceListener::serviceChanged@224 (line 129)
                      ;   {metadata({method} {0x000002b3a7469ad8} 'getName' '()Ljava/lang/String;' in 'java/lang/Class')}
  0x000002b392d11398: 0749 bad0 | 9a46 a7b3 | 0200 004c | 8954 2408 | 48c7 0424 | ffff ffff 

  0x000002b392d113b0: ;   {runtime_call counter_overflow Runtime1 stub}
  0x000002b392d113b0: e8cb 482e 

  0x000002b392d113b4: ; ImmutableOopMap {rbx=Oop rax=Oop rdx=Oop [160]=Oop [248]=Oop [256]=Oop }
                      ;*synchronization entry
                      ; - java.lang.Class::getName@-1
                      ; - org.eclipse.osgi.internal.serviceregistry.FilteredServiceListener::serviceChanged@224 (line 129)
  0x000002b392d113b4: 07e9 17ed 

  0x000002b392d113b8: ;   {metadata({method} {0x000002b3a7455280} 'valueOf' '(Ljava/lang/Object;)Ljava/lang/String;' in 'java/lang/String')}
  0x000002b392d113b8: ffff 49ba | 7852 45a7 | b302 0000 | 4c89 5424 | 0848 c704 | 24ff ffff 

  0x000002b392d113d0: ;   {runtime_call counter_overflow Runtime1 stub}
  0x000002b392d113d0: ffe8 aa48 

  0x000002b392d113d4: ; ImmutableOopMap {rsi=Oop [160]=Oop [248]=Oop [256]=Oop }
                      ;*synchronization entry
                      ; - java.lang.String::valueOf@-1
                      ; - org.eclipse.osgi.internal.serviceregistry.FilteredServiceListener::serviceChanged@227 (line 129)
  0x000002b392d113d4: 2e07 e99d 

  0x000002b392d113d8: ;   {runtime_call throw_null_pointer_exception Runtime1 stub}
  0x000002b392d113d8: edff ffe8 

  0x000002b392d113dc: ; ImmutableOopMap {rsi=Oop [160]=Oop [248]=Oop [256]=Oop }
                      ;*invokevirtual toString {reexecute=0 rethrow=0 return_oop=0}
                      ; - java.lang.String::valueOf@11
                      ; - org.eclipse.osgi.internal.serviceregistry.FilteredServiceListener::serviceChanged@227 (line 129)
  0x000002b392d113dc: a0c1 2d07 

  0x000002b392d113e0: ;   {metadata({method} {0x000002b3a7461da8} '<init>' '(Ljava/lang/String;)V' in 'java/lang/StringBuilder')}
  0x000002b392d113e0: 49ba a01d | 46a7 b302 | 0000 4c89 | 5424 0848 | c704 24ff 

  0x000002b392d113f4: ;   {runtime_call counter_overflow Runtime1 stub}
  0x000002b392d113f4: ffff ffe8 

  0x000002b392d113f8: ; ImmutableOopMap {rsi=Oop rax=Oop [160]=Oop [248]=Oop [256]=Oop }
                      ;*synchronization entry
                      ; - java.lang.StringBuilder::<init>@-1
                      ; - org.eclipse.osgi.internal.serviceregistry.FilteredServiceListener::serviceChanged@230 (line 129)
  0x000002b392d113f8: 8448 2e07 | e9c4 eeff 

  0x000002b392d11400: ;   {metadata({method} {0x000002b3a7461ae8} 'append' '(Ljava/lang/String;)Ljava/lang/StringBuilder;' in 'java/lang/StringBuilder')}
  0x000002b392d11400: ff49 bae0 | 1a46 a7b3 | 0200 004c | 8954 2408 | 48c7 0424 | ffff ffff 

  0x000002b392d11418: ;   {runtime_call counter_overflow Runtime1 stub}
  0x000002b392d11418: e863 482e 

  0x000002b392d1141c: ; ImmutableOopMap {[160]=Oop [248]=Oop [256]=Oop }
                      ;*synchronization entry
                      ; - java.lang.StringBuilder::append@-1
                      ; - org.eclipse.osgi.internal.serviceregistry.FilteredServiceListener::serviceChanged@235 (line 129)
  0x000002b392d1141c: 07e9 15ef 

  0x000002b392d11420: ;   {metadata({method} {0x000002b3a7416620} 'toHexString' '(I)Ljava/lang/String;' in 'java/lang/Integer')}
  0x000002b392d11420: ffff 49ba | 1866 41a7 | b302 0000 | 4c89 5424 | 0848 c704 | 24ff ffff 

  0x000002b392d11438: ;   {runtime_call counter_overflow Runtime1 stub}
  0x000002b392d11438: ffe8 4248 

  0x000002b392d1143c: ; ImmutableOopMap {[160]=Oop [248]=Oop [256]=Oop }
                      ;*synchronization entry
                      ; - java.lang.Integer::toHexString@-1
                      ; - org.eclipse.osgi.internal.serviceregistry.FilteredServiceListener::serviceChanged@245 (line 130)
  0x000002b392d1143c: 2e07 e99f 

  0x000002b392d11440: ;   {metadata({method} {0x000002b3a7461ae8} 'append' '(Ljava/lang/String;)Ljava/lang/StringBuilder;' in 'java/lang/StringBuilder')}
  0x000002b392d11440: efff ff49 | bae0 1a46 | a7b3 0200 | 004c 8954 | 2408 48c7 | 0424 ffff 

  0x000002b392d11458: ;   {runtime_call counter_overflow Runtime1 stub}
  0x000002b392d11458: ffff e821 

  0x000002b392d1145c: ; ImmutableOopMap {rax=Oop [160]=Oop [248]=Oop [256]=Oop }
                      ;*synchronization entry
                      ; - java.lang.StringBuilder::append@-1
                      ; - org.eclipse.osgi.internal.serviceregistry.FilteredServiceListener::serviceChanged@248 (line 130)
  0x000002b392d1145c: 482e 07e9 | ebef ffff 

  0x000002b392d11464: ;   {metadata({method} {0x000002b3a7008958} 'toString' '()Ljava/lang/String;' in 'java/lang/StringBuilder')}
  0x000002b392d11464: 49ba 5089 | 00a7 b302 | 0000 4c89 | 5424 0848 | c704 24ff 

  0x000002b392d11478: ;   {runtime_call counter_overflow Runtime1 stub}
  0x000002b392d11478: ffff ffe8 

  0x000002b392d1147c: ; ImmutableOopMap {[160]=Oop [248]=Oop [256]=Oop }
                      ;*synchronization entry
                      ; - java.lang.StringBuilder::toString@-1
                      ; - org.eclipse.osgi.internal.serviceregistry.FilteredServiceListener::serviceChanged@251 (line 129)
  0x000002b392d1147c: 0048 2e07 | e940 f0ff | ff48 8bd2 

  0x000002b392d11488: ;   {runtime_call fast_new_instance Runtime1 stub}
  0x000002b392d11488: e8f3 c92d 

  0x000002b392d1148c: ; ImmutableOopMap {[160]=Oop [248]=Oop [256]=Oop }
                      ;*new {reexecute=0 rethrow=0 return_oop=0}
                      ; - java.lang.StringBuilder::toString@0
                      ; - org.eclipse.osgi.internal.serviceregistry.FilteredServiceListener::serviceChanged@251 (line 129)
  0x000002b392d1148c: 07e9 83f0 

  0x000002b392d11490: ;   {metadata({method} {0x000002b3a7455dd8} '<init>' '(Ljava/lang/StringBuilder;)V' in 'java/lang/String')}
  0x000002b392d11490: ffff 49ba | d05d 45a7 | b302 0000 | 4c89 5424 | 0848 c704 | 24ff ffff 

  0x000002b392d114a8: ;   {runtime_call counter_overflow Runtime1 stub}
  0x000002b392d114a8: ffe8 d247 

  0x000002b392d114ac: ; ImmutableOopMap {rax=Oop [160]=Oop [248]=Oop [256]=Oop }
                      ;*synchronization entry
                      ; - java.lang.String::<init>@-1
                      ; - java.lang.StringBuilder::toString@5
                      ; - org.eclipse.osgi.internal.serviceregistry.FilteredServiceListener::serviceChanged@251 (line 129)
  0x000002b392d114ac: 2e07 e9a3 

  0x000002b392d114b0: ;   {metadata(nullptr)}
  0x000002b392d114b0: f0ff ff48 | ba00 0000 | 0000 0000 | 00b8 000f 

  0x000002b392d114c0: ;   {runtime_call load_klass_patching Runtime1 stub}
  0x000002b392d114c0: 050a e8b9 

  0x000002b392d114c4: ; ImmutableOopMap {rbx=Oop [160]=Oop [248]=Oop [264]=Oop }
                      ;*new {reexecute=1 rethrow=0 return_oop=0}
                      ; - (reexecute) org.eclipse.osgi.internal.serviceregistry.FilteredServiceListener::serviceChanged@261 (line 131)
  0x000002b392d114c4: 1b2e 07e9 | dcf0 ffff 

  0x000002b392d114cc: ;   {runtime_call fast_new_instance Runtime1 stub}
  0x000002b392d114cc: 488b d2e8 

  0x000002b392d114d0: ; ImmutableOopMap {rbx=Oop [160]=Oop [248]=Oop [264]=Oop }
                      ;*new {reexecute=0 rethrow=0 return_oop=0}
                      ; - org.eclipse.osgi.internal.serviceregistry.FilteredServiceListener::serviceChanged@261 (line 131)
  0x000002b392d114d0: acc9 2d07 | e91f f1ff 

  0x000002b392d114d8: ;   {metadata({method} {0x000002b3a7461da8} '<init>' '(Ljava/lang/String;)V' in 'java/lang/StringBuilder')}
  0x000002b392d114d8: ff49 baa0 | 1d46 a7b3 | 0200 004c | 8954 2408 | 48c7 0424 | ffff ffff 

  0x000002b392d114f0: ;   {runtime_call counter_overflow Runtime1 stub}
  0x000002b392d114f0: e88b 472e 

  0x000002b392d114f4: ; ImmutableOopMap {rbx=Oop rax=Oop [160]=Oop [248]=Oop [264]=Oop }
                      ;*synchronization entry
                      ; - java.lang.StringBuilder::<init>@-1
                      ; - org.eclipse.osgi.internal.serviceregistry.FilteredServiceListener::serviceChanged@267 (line 131)
  0x000002b392d114f4: 07e9 3cf1 

  0x000002b392d114f8: ;   {metadata({method} {0x000002b3a7461ae8} 'append' '(Ljava/lang/String;)Ljava/lang/StringBuilder;' in 'java/lang/StringBuilder')}
  0x000002b392d114f8: ffff 49ba | e01a 46a7 | b302 0000 | 4c89 5424 | 0848 c704 | 24ff ffff 

  0x000002b392d11510: ;   {runtime_call counter_overflow Runtime1 stub}
  0x000002b392d11510: ffe8 6a47 

  0x000002b392d11514: ; ImmutableOopMap {[160]=Oop [248]=Oop [264]=Oop [272]=Oop [280]=Oop }
                      ;*synchronization entry
                      ; - java.lang.StringBuilder::append@-1
                      ; - org.eclipse.osgi.internal.serviceregistry.FilteredServiceListener::serviceChanged@271 (line 131)
  0x000002b392d11514: 2e07 e9a4 

  0x000002b392d11518: ;   {metadata({method} {0x000002b3a7461ae8} 'append' '(Ljava/lang/String;)Ljava/lang/StringBuilder;' in 'java/lang/StringBuilder')}
  0x000002b392d11518: f1ff ff49 | bae0 1a46 | a7b3 0200 | 004c 8954 | 2408 48c7 | 0424 ffff 

  0x000002b392d11530: ;   {runtime_call counter_overflow Runtime1 stub}
  0x000002b392d11530: ffff e849 

  0x000002b392d11534: ; ImmutableOopMap {[160]=Oop [248]=Oop [272]=Oop [280]=Oop }
                      ;*synchronization entry
                      ; - java.lang.StringBuilder::append@-1
                      ; - org.eclipse.osgi.internal.serviceregistry.FilteredServiceListener::serviceChanged@276 (line 131)
  0x000002b392d11534: 472e 07e9 | 03f2 ffff 

  0x000002b392d1153c: ;   {metadata({method} {0x000002b3a7008958} 'toString' '()Ljava/lang/String;' in 'java/lang/StringBuilder')}
  0x000002b392d1153c: 49ba 5089 | 00a7 b302 | 0000 4c89 | 5424 0848 | c704 24ff 

  0x000002b392d11550: ;   {runtime_call counter_overflow Runtime1 stub}
  0x000002b392d11550: ffff ffe8 

  0x000002b392d11554: ; ImmutableOopMap {[160]=Oop [248]=Oop [272]=Oop [280]=Oop }
                      ;*synchronization entry
                      ; - java.lang.StringBuilder::toString@-1
                      ; - org.eclipse.osgi.internal.serviceregistry.FilteredServiceListener::serviceChanged@279 (line 131)
  0x000002b392d11554: 2847 2e07 | e960 f2ff | ff48 8bd2 

  0x000002b392d11560: ;   {runtime_call fast_new_instance Runtime1 stub}
  0x000002b392d11560: e81b c92d 

  0x000002b392d11564: ; ImmutableOopMap {[160]=Oop [248]=Oop [272]=Oop [280]=Oop }
                      ;*new {reexecute=0 rethrow=0 return_oop=0}
                      ; - java.lang.StringBuilder::toString@0
                      ; - org.eclipse.osgi.internal.serviceregistry.FilteredServiceListener::serviceChanged@279 (line 131)
  0x000002b392d11564: 07e9 a3f2 

  0x000002b392d11568: ;   {metadata({method} {0x000002b3a7455dd8} '<init>' '(Ljava/lang/StringBuilder;)V' in 'java/lang/String')}
  0x000002b392d11568: ffff 49ba | d05d 45a7 | b302 0000 | 4c89 5424 | 0848 c704 | 24ff ffff 

  0x000002b392d11580: ;   {runtime_call counter_overflow Runtime1 stub}
  0x000002b392d11580: ffe8 fa46 

  0x000002b392d11584: ; ImmutableOopMap {rax=Oop [160]=Oop [248]=Oop [272]=Oop [280]=Oop }
                      ;*synchronization entry
                      ; - java.lang.String::<init>@-1
                      ; - java.lang.StringBuilder::toString@5
                      ; - org.eclipse.osgi.internal.serviceregistry.FilteredServiceListener::serviceChanged@279 (line 131)
  0x000002b392d11584: 2e07 e9c3 

  0x000002b392d11588: ;   {runtime_call throw_null_pointer_exception Runtime1 stub}
  0x000002b392d11588: f2ff ffe8 

  0x000002b392d1158c: ; ImmutableOopMap {rbx=Oop [160]=Oop [248]=Oop [288]=Oop }
                      ;*invokevirtual trace {reexecute=0 rethrow=0 return_oop=0}
                      ; - org.eclipse.osgi.internal.serviceregistry.FilteredServiceListener::serviceChanged@282 (line 131)
  0x000002b392d1158c: f0bf 2d07 

  0x000002b392d11590: ;   {metadata({method} {0x000002b3ea4e53d0} 'trace' '(Ljava/lang/String;Ljava/lang/String;)V' in 'org/eclipse/osgi/internal/debug/Debug')}
  0x000002b392d11590: 49ba c853 | 4eea b302 | 0000 4c89 | 5424 0848 | c704 24ff 

  0x000002b392d115a4: ;   {runtime_call counter_overflow Runtime1 stub}
  0x000002b392d115a4: ffff ffe8 

  0x000002b392d115a8: ; ImmutableOopMap {rbx=Oop [160]=Oop [248]=Oop [288]=Oop }
                      ;*synchronization entry
                      ; - org.eclipse.osgi.internal.debug.Debug::trace@-1 (line 256)
                      ; - org.eclipse.osgi.internal.serviceregistry.FilteredServiceListener::serviceChanged@282 (line 131)
  0x000002b392d115a8: d446 2e07 | e940 f3ff 

  0x000002b392d115b0: ;   {runtime_call throw_incompatible_class_change_error Runtime1 stub}
  0x000002b392d115b0: ffe8 cae6 

  0x000002b392d115b4: ; ImmutableOopMap {rdx=Oop [160]=Oop [248]=Oop [288]=Oop }
                      ;*invokeinterface getLogger {reexecute=0 rethrow=0 return_oop=0}
                      ; - org.eclipse.osgi.internal.debug.Debug::trace@11 (line 265)
                      ; - org.eclipse.osgi.internal.serviceregistry.FilteredServiceListener::serviceChanged@282 (line 131)
                      ;   {runtime_call throw_null_pointer_exception Runtime1 stub}
  0x000002b392d115b4: 2d07 e8c5 

  0x000002b392d115b8: ; ImmutableOopMap {rdx=Oop [160]=Oop [248]=Oop [288]=Oop }
                      ;*invokeinterface getLogger {reexecute=0 rethrow=0 return_oop=0}
                      ; - org.eclipse.osgi.internal.debug.Debug::trace@11 (line 265)
                      ; - org.eclipse.osgi.internal.serviceregistry.FilteredServiceListener::serviceChanged@282 (line 131)
                      ;   {metadata({method} {0x000002b3ea50ca80} 'getLogger' '(Ljava/lang/String;)Lorg/osgi/service/log/Logger;' in 'org/eclipse/osgi/internal/log/ExtendedLogServiceImpl')}
  0x000002b392d115b8: bf2d 0749 | ba78 ca50 | eab3 0200 | 004c 8954 | 2408 48c7 | 0424 ffff 

  0x000002b392d115d0: ;   {runtime_call counter_overflow Runtime1 stub}
  0x000002b392d115d0: ffff e8a9 

  0x000002b392d115d4: ; ImmutableOopMap {rdx=Oop [160]=Oop [248]=Oop [288]=Oop }
                      ;*synchronization entry
                      ; - org.eclipse.osgi.internal.log.ExtendedLogServiceImpl::getLogger@-1 (line 1)
                      ; - org.eclipse.osgi.internal.debug.Debug::trace@11 (line 265)
                      ; - org.eclipse.osgi.internal.serviceregistry.FilteredServiceListener::serviceChanged@282 (line 131)
  0x000002b392d115d4: 462e 07e9 | d1f3 ffff 

  0x000002b392d115dc: ;   {metadata({method} {0x000002b3ea50a308} 'getLogger' '(Ljava/lang/String;)Lorg/eclipse/equinox/log/Logger;' in 'org/eclipse/osgi/internal/log/ExtendedLogServiceImpl')}
  0x000002b392d115dc: 49ba 00a3 | 50ea b302 | 0000 4c89 | 5424 0848 | c704 24ff 

  0x000002b392d115f0: ;   {runtime_call counter_overflow Runtime1 stub}
  0x000002b392d115f0: ffff ffe8 

  0x000002b392d115f4: ; ImmutableOopMap {rdx=Oop [160]=Oop [248]=Oop [288]=Oop }
                      ;*synchronization entry
                      ; - org.eclipse.osgi.internal.log.ExtendedLogServiceImpl::getLogger@-1 (line 73)
                      ; - org.eclipse.osgi.internal.log.ExtendedLogServiceImpl::getLogger@2 (line 1)
                      ; - org.eclipse.osgi.internal.debug.Debug::trace@11 (line 265)
                      ; - org.eclipse.osgi.internal.serviceregistry.FilteredServiceListener::serviceChanged@282 (line 131)
  0x000002b392d115f4: 8846 2e07 | e902 f4ff | ff48 8904 

  0x000002b392d11600: ;   {runtime_call throw_class_cast_exception Runtime1 stub}
  0x000002b392d11600: 24e8 7ae3 

  0x000002b392d11604: ; ImmutableOopMap {[160]=Oop [248]=Oop [288]=Oop }
                      ;*checkcast {reexecute=0 rethrow=0 return_oop=0}
                      ; - org.eclipse.osgi.internal.log.ExtendedLogServiceImpl::getLogger@7 (line 73)
                      ; - org.eclipse.osgi.internal.log.ExtendedLogServiceImpl::getLogger@2 (line 1)
                      ; - org.eclipse.osgi.internal.debug.Debug::trace@11 (line 265)
                      ; - org.eclipse.osgi.internal.serviceregistry.FilteredServiceListener::serviceChanged@282 (line 131)
                      ;   {runtime_call throw_null_pointer_exception Runtime1 stub}
  0x000002b392d11604: 2d07 e875 

  0x000002b392d11608: ; ImmutableOopMap {rdx=Oop [160]=Oop [248]=Oop [288]=Oop }
                      ;*invokeinterface debug {reexecute=0 rethrow=0 return_oop=0}
                      ; - org.eclipse.osgi.internal.debug.Debug::trace@17 (line 265)
                      ; - org.eclipse.osgi.internal.serviceregistry.FilteredServiceListener::serviceChanged@282 (line 131)
                      ;   {runtime_call throw_null_pointer_exception Runtime1 stub}
  0x000002b392d11608: bf2d 07e8 

  0x000002b392d1160c: ; ImmutableOopMap {rax=Oop rdx=Oop [160]=Oop [248]=Oop }
                      ;*invokevirtual println {reexecute=0 rethrow=0 return_oop=0}
                      ; - org.eclipse.osgi.internal.debug.Debug::trace@29 (line 267)
                      ; - org.eclipse.osgi.internal.serviceregistry.FilteredServiceListener::serviceChanged@282 (line 131)
  0x000002b392d1160c: 70bf 2d07 

  0x000002b392d11610: ;   {runtime_call throw_null_pointer_exception Runtime1 stub}
  0x000002b392d11610: e86b bf2d 

  0x000002b392d11614: ; ImmutableOopMap {rax=Oop rdx=Oop }
                      ;*invokeinterface serviceChanged {reexecute=0 rethrow=0 return_oop=0}
                      ; - org.eclipse.osgi.internal.serviceregistry.FilteredServiceListener::serviceChanged@290 (line 134)
                      ;   {internal_word}
  0x000002b392d11614: 0749 ba44 | 0dd1 92b3 | 0200 004d | 8997 6804 

  0x000002b392d11624: ;   {runtime_call SafepointBlob}
  0x000002b392d11624: 0000 e9d5 

  0x000002b392d11628: ;   {internal_word}
  0x000002b392d11628: 3423 0749 | ba5a 0dd1 | 92b3 0200 | 004d 8997 | 6804 0000 

  0x000002b392d1163c: ;   {runtime_call SafepointBlob}
  0x000002b392d1163c: e9bf 3423 

  0x000002b392d11640: ;   {internal_word}
  0x000002b392d11640: 0749 ba70 | 0dd1 92b3 | 0200 004d | 8997 6804 

  0x000002b392d11650: ;   {runtime_call SafepointBlob}
  0x000002b392d11650: 0000 e9a9 

  0x000002b392d11654: ;   {internal_word}
  0x000002b392d11654: 3423 0749 | ba86 0dd1 | 92b3 0200 | 004d 8997 | 6804 0000 

  0x000002b392d11668: ;   {runtime_call SafepointBlob}
  0x000002b392d11668: e993 3423 | 0748 8d84 | 2428 0100 | 0048 8904 

  0x000002b392d11678: ;   {runtime_call monitorexit_nofpu Runtime1 stub}
  0x000002b392d11678: 24e8 02f5 | 2d07 e959 | f7ff ff49 | 8b87 0005 | 0000 49c7 | 8700 0500 | 0000 0000 | 0049 c787 
  0x000002b392d11698: 0805 0000 | 0000 0000 | 4881 c440 | 0100 005d 

  0x000002b392d116a8: ;   {runtime_call unwind_exception Runtime1 stub}
  0x000002b392d116a8: e953 ac2d | 07f4 f4f4 
[Stub Code]
  0x000002b392d116b0: ;   {no_reloc}
  0x000002b392d116b0: 0f1f 4400 

  0x000002b392d116b4: ;   {static_stub}
  0x000002b392d116b4: 0048 bb00 | 0000 0000 

  0x000002b392d116bc: ;   {runtime_call nmethod}
  0x000002b392d116bc: 0000 00e9 | fbff ffff 

  0x000002b392d116c4: ;   {static_stub}
  0x000002b392d116c4: 9048 bb00 | 0000 0000 

  0x000002b392d116cc: ;   {runtime_call nmethod}
  0x000002b392d116cc: 0000 00e9 | fbff ffff 

  0x000002b392d116d4: ;   {static_stub}
  0x000002b392d116d4: 9048 bb00 | 0000 0000 

  0x000002b392d116dc: ;   {runtime_call nmethod}
  0x000002b392d116dc: 0000 00e9 | fbff ffff 

  0x000002b392d116e4: ;   {static_stub}
  0x000002b392d116e4: 9048 bb00 | 0000 0000 

  0x000002b392d116ec: ;   {runtime_call nmethod}
  0x000002b392d116ec: 0000 00e9 | fbff ffff 

  0x000002b392d116f4: ;   {static_stub}
  0x000002b392d116f4: 9048 bb00 | 0000 0000 

  0x000002b392d116fc: ;   {runtime_call nmethod}
  0x000002b392d116fc: 0000 00e9 | fbff ffff 

  0x000002b392d11704: ;   {static_stub}
  0x000002b392d11704: 9048 bb00 | 0000 0000 

  0x000002b392d1170c: ;   {runtime_call nmethod}
  0x000002b392d1170c: 0000 00e9 | fbff ffff 

  0x000002b392d11714: ;   {static_stub}
  0x000002b392d11714: 9048 bb00 | 0000 0000 

  0x000002b392d1171c: ;   {runtime_call nmethod}
  0x000002b392d1171c: 0000 00e9 | fbff ffff 

  0x000002b392d11724: ;   {static_stub}
  0x000002b392d11724: 9048 bb00 | 0000 0000 

  0x000002b392d1172c: ;   {runtime_call nmethod}
  0x000002b392d1172c: 0000 00e9 | fbff ffff 

  0x000002b392d11734: ;   {static_stub}
  0x000002b392d11734: 9048 bb00 | 0000 0000 

  0x000002b392d1173c: ;   {runtime_call nmethod}
  0x000002b392d1173c: 0000 00e9 | fbff ffff 

  0x000002b392d11744: ;   {static_stub}
  0x000002b392d11744: 9048 bb00 | 0000 0000 

  0x000002b392d1174c: ;   {runtime_call nmethod}
  0x000002b392d1174c: 0000 00e9 | fbff ffff 

  0x000002b392d11754: ;   {static_stub}
  0x000002b392d11754: 9048 bb00 | 0000 0000 

  0x000002b392d1175c: ;   {runtime_call nmethod}
  0x000002b392d1175c: 0000 00e9 | fbff ffff 

  0x000002b392d11764: ;   {static_stub}
  0x000002b392d11764: 9048 bb00 | 0000 0000 

  0x000002b392d1176c: ;   {runtime_call nmethod}
  0x000002b392d1176c: 0000 00e9 | fbff ffff 

  0x000002b392d11774: ;   {static_stub}
  0x000002b392d11774: 9048 bb00 | 0000 0000 

  0x000002b392d1177c: ;   {runtime_call nmethod}
  0x000002b392d1177c: 0000 00e9 | fbff ffff 

  0x000002b392d11784: ;   {static_stub}
  0x000002b392d11784: 9048 bb00 | 0000 0000 

  0x000002b392d1178c: ;   {runtime_call nmethod}
  0x000002b392d1178c: 0000 00e9 | fbff ffff 

  0x000002b392d11794: ;   {static_stub}
  0x000002b392d11794: 9048 bb00 | 0000 0000 

  0x000002b392d1179c: ;   {runtime_call nmethod}
  0x000002b392d1179c: 0000 00e9 | fbff ffff 

  0x000002b392d117a4: ;   {static_stub}
  0x000002b392d117a4: 9048 bb00 | 0000 0000 

  0x000002b392d117ac: ;   {runtime_call nmethod}
  0x000002b392d117ac: 0000 00e9 | fbff ffff 

  0x000002b392d117b4: ;   {static_stub}
  0x000002b392d117b4: 9048 bb00 | 0000 0000 

  0x000002b392d117bc: ;   {runtime_call nmethod}
  0x000002b392d117bc: 0000 00e9 | fbff ffff 

  0x000002b392d117c4: ;   {static_stub}
  0x000002b392d117c4: 9048 bb00 | 0000 0000 

  0x000002b392d117cc: ;   {runtime_call nmethod}
  0x000002b392d117cc: 0000 00e9 | fbff ffff 

  0x000002b392d117d4: ;   {static_stub}
  0x000002b392d117d4: 9048 bb00 | 0000 0000 

  0x000002b392d117dc: ;   {runtime_call nmethod}
  0x000002b392d117dc: 0000 00e9 | fbff ffff 

  0x000002b392d117e4: ;   {static_stub}
  0x000002b392d117e4: 9048 bb00 | 0000 0000 

  0x000002b392d117ec: ;   {runtime_call nmethod}
  0x000002b392d117ec: 0000 00e9 | fbff ffff 

  0x000002b392d117f4: ;   {static_stub}
  0x000002b392d117f4: 9048 bb00 | 0000 0000 

  0x000002b392d117fc: ;   {runtime_call nmethod}
  0x000002b392d117fc: 0000 00e9 | fbff ffff 

  0x000002b392d11804: ;   {static_stub}
  0x000002b392d11804: 9048 bb00 | 0000 0000 

  0x000002b392d1180c: ;   {runtime_call nmethod}
  0x000002b392d1180c: 0000 00e9 | fbff ffff 

  0x000002b392d11814: ;   {static_stub}
  0x000002b392d11814: 9048 bb00 | 0000 0000 

  0x000002b392d1181c: ;   {runtime_call nmethod}
  0x000002b392d1181c: 0000 00e9 | fbff ffff 

  0x000002b392d11824: ;   {static_stub}
  0x000002b392d11824: 9048 bb00 | 0000 0000 

  0x000002b392d1182c: ;   {runtime_call nmethod}
  0x000002b392d1182c: 0000 00e9 | fbff ffff 

  0x000002b392d11834: ;   {static_stub}
  0x000002b392d11834: 9048 bb00 | 0000 0000 

  0x000002b392d1183c: ;   {runtime_call nmethod}
  0x000002b392d1183c: 0000 00e9 | fbff ffff 

  0x000002b392d11844: ;   {static_stub}
  0x000002b392d11844: 48bb f80d | 66ea b302 

  0x000002b392d1184c: ;   {runtime_call I2C/C2I adapters}
  0x000002b392d1184c: 0000 e914 

  0x000002b392d11850: ;   {static_stub}
  0x000002b392d11850: 1f23 0748 | bb00 0000 | 0000 0000 

  0x000002b392d1185c: ;   {runtime_call nmethod}
  0x000002b392d1185c: 00e9 fbff 

  0x000002b392d11860: ;   {static_stub}
  0x000002b392d11860: ffff 48bb | 0000 0000 | 0000 0000 

  0x000002b392d1186c: ;   {runtime_call nmethod}
  0x000002b392d1186c: e9fb ffff 

  0x000002b392d11870: ;   {static_stub}
  0x000002b392d11870: ff48 bb00 | 0000 0000 

  0x000002b392d11878: ;   {runtime_call nmethod}
  0x000002b392d11878: 0000 00e9 | fbff ffff 

  0x000002b392d11880: ;   {static_stub}
  0x000002b392d11880: 48bb 0000 | 0000 0000 

  0x000002b392d11888: ;   {runtime_call nmethod}
  0x000002b392d11888: 0000 e9fb 

  0x000002b392d1188c: ;   {static_stub}
  0x000002b392d1188c: ffff ff48 | bb00 0000 | 0000 0000 

  0x000002b392d11898: ;   {runtime_call nmethod}
  0x000002b392d11898: 00e9 fbff 

  0x000002b392d1189c: ;   {static_stub}
  0x000002b392d1189c: ffff 48bb | 48eb 69ea | b302 0000 

  0x000002b392d118a8: ;   {runtime_call I2C/C2I adapters}
  0x000002b392d118a8: e9ba 1e23 

  0x000002b392d118ac: ;   {static_stub}
  0x000002b392d118ac: 0748 bb50 | 1266 eab3 

  0x000002b392d118b4: ;   {runtime_call I2C/C2I adapters}
  0x000002b392d118b4: 0200 00e9 | af97 2207 
[Exception Handler]
  0x000002b392d118bc: ;   {runtime_call handle_exception_from_callee Runtime1 stub}
  0x000002b392d118bc: e8bf da2d 

  0x000002b392d118c0: ;   {external_word}
  0x000002b392d118c0: 0748 b940 | 53c3 08fc | 7f00 0048 

  0x000002b392d118cc: ;   {runtime_call}
  0x000002b392d118cc: 83e4 f048 | b8b0 c385 | 08fc 7f00 | 00ff d0f4 
[Deopt Handler Code]
  0x000002b392d118dc: ;   {section_word}
  0x000002b392d118dc: 49ba dc18 | d192 b302 | 0000 4152 

  0x000002b392d118e8: ;   {runtime_call DeoptimizationBlob}
  0x000002b392d118e8: e9b3 2423 | 07f4 f4f4 
[/MachCode]


Compiled method (c1) 8269 1865   !   3       org.eclipse.osgi.internal.framework.BundleContextImpl::dispatchEvent (577 bytes)
 total in heap  [0x000002b392d03f10,0x000002b392d0d810] = 39168
 relocation     [0x000002b392d04070,0x000002b392d04980] = 2320
 main code      [0x000002b392d04980,0x000002b392d0a0e8] = 22376
 stub code      [0x000002b392d0a0e8,0x000002b392d0a468] = 896
 oops           [0x000002b392d0a468,0x000002b392d0a4b0] = 72
 metadata       [0x000002b392d0a4b0,0x000002b392d0a5c8] = 280
 scopes data    [0x000002b392d0a5c8,0x000002b392d0b400] = 3640
 scopes pcs     [0x000002b392d0b400,0x000002b392d0c280] = 3712
 dependencies   [0x000002b392d0c280,0x000002b392d0c2d8] = 88
 handler table  [0x000002b392d0c2d8,0x000002b392d0d6a0] = 5064
 nul chk table  [0x000002b392d0d6a0,0x000002b392d0d810] = 368

[Constant Pool (empty)]

[MachCode]
[Entry Point]
  # {method} {0x000002b3ea672620} 'dispatchEvent' '(Ljava/lang/Object;Ljava/lang/Object;ILjava/lang/Object;)V' in 'org/eclipse/osgi/internal/framework/BundleContextImpl'
  # this:     rdx:rdx   = 'org/eclipse/osgi/internal/framework/BundleContextImpl'
  # parm0:    r8:r8     = 'java/lang/Object'
  # parm1:    r9:r9     = 'java/lang/Object'
  # parm2:    rdi       = int
  # parm3:    rsi:rsi   = 'java/lang/Object'
  #           [sp+0x1a0]  (sp of caller)
  0x000002b392d04980: 448b 5208 | 49bb 0000 | 00a7 b302 | 0000 4d03 | d34c 3bd0 

  0x000002b392d04994: ;   {runtime_call ic_miss_stub}
  0x000002b392d04994: 0f85 e69a | 2307 660f | 1f44 0000 
[Verified Entry Point]
  0x000002b392d049a0: 8984 2400 | 80ff ff55 | 4881 ec90 | 0100 0090 | 4181 7f20 | 0100 0000 

  0x000002b392d049b8: ;   {runtime_call StubRoutines (final stubs)}
  0x000002b392d049b8: 7405 e821 | 4022 0748 | 8994 2480 | 0000 0089 | bc24 8800 | 0000 4889 | b424 9800 

  0x000002b392d049d4: ;   {metadata(method data for {method} {0x000002b3ea672620} 'dispatchEvent' '(Ljava/lang/Object;Ljava/lang/Object;ILjava/lang/Object;)V' in 'org/eclipse/osgi/internal/framework/BundleContextImpl')}
  0x000002b392d049d4: 0000 48bb | 0040 7aea | b302 0000 | 8b83 cc00 | 0000 83c0 | 0289 83cc | 0000 0025 | fe07 0000 
  0x000002b392d049f4: 85c0 0f84 | 4d4a 0000 | 4c89 8c24 | 9000 0000 

  0x000002b392d04a04: ;   {metadata(method data for {method} {0x000002b3ea672620} 'dispatchEvent' '(Ljava/lang/Object;Ljava/lang/Object;ILjava/lang/Object;)V' in 'org/eclipse/osgi/internal/framework/BundleContextImpl')}
  0x000002b392d04a04: 488b da48 | b800 407a | eab3 0200 

  0x000002b392d04a10: ;   {metadata('org/eclipse/osgi/internal/framework/BundleContextImpl')}
  0x000002b392d04a10: 0049 ba00 | 800b a8b3 | 0200 004c | 8990 2001 | 0000 4883 | 8028 0100 | 0001 488b | da48 8bd3 
  0x000002b392d04a30: 0f1f 8000 

  0x000002b392d04a34: ;   {optimized virtual_call}
  0x000002b392d04a34: 0000 00e8 

  0x000002b392d04a38: ; ImmutableOopMap {[128]=Oop [144]=Oop [152]=Oop }
                      ;*invokevirtual setContextFinder {reexecute=0 rethrow=0 return_oop=0}
                      ; - org.eclipse.osgi.internal.framework.BundleContextImpl::dispatchEvent@1 (line 972)
  0x000002b392d04a38: a4e9 ffff 

  0x000002b392d04a3c: ;   {other}
  0x000002b392d04a3c: 0f1f 8400 | 2c0b 0000 | 4889 8424 | b000 0000 | 488b 9424 | 8000 0000 

  0x000002b392d04a54: ;   {metadata(method data for {method} {0x000002b3ea672620} 'dispatchEvent' '(Ljava/lang/Object;Ljava/lang/Object;ILjava/lang/Object;)V' in 'org/eclipse/osgi/internal/framework/BundleContextImpl')}
  0x000002b392d04a54: 488b f248 | bf00 407a | eab3 0200 

  0x000002b392d04a60: ;   {metadata('org/eclipse/osgi/internal/framework/BundleContextImpl')}
  0x000002b392d04a60: 0049 ba00 | 800b a8b3 | 0200 004c | 8997 5801 | 0000 4883 | 8760 0100 | 0001 0fbe | 720c 83e6 
  0x000002b392d04a80: ;   {metadata(method data for {method} {0x000002b3ea672620} 'dispatchEvent' '(Ljava/lang/Object;Ljava/lang/Object;ILjava/lang/Object;)V' in 'org/eclipse/osgi/internal/framework/BundleContextImpl')}
  0x000002b392d04a80: 0185 f648 | be00 407a | eab3 0200 | 0048 c7c7 | 8001 0000 | 7507 48c7 | c790 0100 | 0048 8b0c 
  0x000002b392d04aa0: 3e48 8d49 | 0148 890c | 3e0f 852a | 0100 008b | 7210 483b | 0648 8bfe 

  0x000002b392d04ab8: ;   {metadata(method data for {method} {0x000002b3ea672620} 'dispatchEvent' '(Ljava/lang/Object;Ljava/lang/Object;ILjava/lang/Object;)V' in 'org/eclipse/osgi/internal/framework/BundleContextImpl')}
  0x000002b392d04ab8: 48b9 0040 | 7aea b302 | 0000 8b7f | 0849 ba00 | 0000 a7b3 | 0200 0049 | 03fa 483b | b9b0 0100 
  0x000002b392d04ad8: 0075 0d48 | 8381 b801 | 0000 01e9 | 6000 0000 | 483b b9c0 | 0100 0075 | 0d48 8381 | c801 0000 
  0x000002b392d04af8: 01e9 4a00 | 0000 4883 | b9b0 0100 | 0000 7517 | 4889 b9b0 | 0100 0048 | c781 b801 | 0000 0100 
  0x000002b392d04b18: 0000 e929 | 0000 0048 | 83b9 c001 | 0000 0075 | 1748 89b9 | c001 0000 | 48c7 81c8 | 0100 0001 
  0x000002b392d04b38: 0000 00e9 | 0800 0000 | 4883 81a0 | 0100 0001 

  0x000002b392d04b48: ;   {metadata(method data for {method} {0x000002b3ea5daea0} 'getBundleId' '()J' in 'org/eclipse/osgi/internal/framework/EquinoxBundle')}
  0x000002b392d04b48: 48bf d87d | 78ea b302 | 0000 8b8f | cc00 0000 | 83c1 0289 | 8fcc 0000 | 0081 e1fe | ff1f 0085 
  0x000002b392d04b68: c90f 8400 | 4900 008b | 7610 483b | 0648 8bfe 

  0x000002b392d04b78: ;   {metadata(method data for {method} {0x000002b3ea5daea0} 'getBundleId' '()J' in 'org/eclipse/osgi/internal/framework/EquinoxBundle')}
  0x000002b392d04b78: 48b9 d87d | 78ea b302 | 0000 4883 | 8110 0100 | 0001 8b76 | 1848 3b06 

  0x000002b392d04b90: ;   {metadata(method data for {method} {0x000002b3ea5daea0} 'getBundleId' '()J' in 'org/eclipse/osgi/internal/framework/EquinoxBundle')}
  0x000002b392d04b90: 488b fe48 | b9d8 7d78 | eab3 0200 | 0048 8381 | 4801 0000 | 0148 8b7e | 1048 83ff 

  0x000002b392d04bac: ;   {metadata(method data for {method} {0x000002b3ea672620} 'dispatchEvent' '(Ljava/lang/Object;Ljava/lang/Object;ILjava/lang/Object;)V' in 'org/eclipse/osgi/internal/framework/BundleContextImpl')}
  0x000002b392d04bac: 0048 be00 | 407a eab3 | 0200 0048 | c7c7 d801 | 0000 7507 | 48c7 c7e8 | 0100 0048 | 8b0c 3e48 
  0x000002b392d04bcc: 8d49 0148 | 890c 3e0f | 859c 3600 | 008b bc24 | 8800 0000 

  0x000002b392d04be0: ;   {metadata(method data for {method} {0x000002b3ea672620} 'dispatchEvent' '(Ljava/lang/Object;Ljava/lang/Object;ILjava/lang/Object;)V' in 'org/eclipse/osgi/internal/framework/BundleContextImpl')}
  0x000002b392d04be0: 48be 0040 | 7aea b302 | 0000 48c7 | c100 0200 | 0083 ff01 | 488b d948 | c7c1 1002 | 0000 480f 
  0x000002b392d04c00: 45cb 83ff | 0248 8bd9 | 48c7 c120 | 0200 0048 | 0f45 cb83 | ff03 488b | d948 c7c1 | 3002 0000 
  0x000002b392d04c20: 480f 45cb | 83ff 0448 | 8bd9 48c7 | c140 0200 | 0048 0f45 | cb48 8b1c | 0e49 c7c2 | 0100 0000 
  0x000002b392d04c40: 4903 da48 | 891c 0e83 | ff01 0f84 | 2000 0000 | 83ff 020f | 8417 0000 | 0083 ff03 | 0f84 ff23 
  0x000002b392d04c60: 0000 83ff | 040f 84fe | 1100 00e9 | 0a38 0000 | 4c8b 8c24 | 9000 0000 | 4d85 c975 

  0x000002b392d04c7c: ;   {metadata(method data for {method} {0x000002b3ea672620} 'dispatchEvent' '(Ljava/lang/Object;Ljava/lang/Object;ILjava/lang/Object;)V' in 'org/eclipse/osgi/internal/framework/BundleContextImpl')}
  0x000002b392d04c7c: 1648 b900 | 407a eab3 | 0200 0080 | 8951 0200 | 0001 e9ea 

  0x000002b392d04c90: ;   {metadata('org/osgi/framework/BundleListener')}
  0x000002b392d04c90: 0000 0049 | b800 8208 | a8b3 0200 | 0041 8b49 | 0849 ba00 | 0000 a7b3 | 0200 0049 | 03ca 4c3b 
  0x000002b392d04cb0: 4120 0f84 | 1b00 0000 | 493b c80f | 8412 0000 | 0051 4150 

  0x000002b392d04cc4: ;   {runtime_call slow_subtype_check Runtime1 stub}
  0x000002b392d04cc4: e8b7 b22e | 0759 5985 | c90f 848e 

  0x000002b392d04cd0: ;   {metadata(method data for {method} {0x000002b3ea672620} 'dispatchEvent' '(Ljava/lang/Object;Ljava/lang/Object;ILjava/lang/Object;)V' in 'org/eclipse/osgi/internal/framework/BundleContextImpl')}
  0x000002b392d04cd0: 0000 0048 | b900 407a | eab3 0200 | 0045 8b41 | 0849 ba00 | 0000 a7b3 | 0200 004d | 03c2 4c3b 
  0x000002b392d04cf0: 8168 0200 | 0075 0d48 | 8381 7002 | 0000 01e9 | 7900 0000 | 4c3b 8178 | 0200 0075 | 0d48 8381 
  0x000002b392d04d10: 8002 0000 | 01e9 6300 | 0000 4883 | b968 0200 | 0000 7517 | 4c89 8168 | 0200 0048 | c781 7002 
  0x000002b392d04d30: 0000 0100 | 0000 e942 | 0000 0048 | 83b9 7802 | 0000 0075 | 174c 8981 | 7802 0000 | 48c7 8180 
  0x000002b392d04d50: 0200 0001 | 0000 00e9 | 2100 0000 | e91c 0000 

  0x000002b392d04d60: ;   {metadata(method data for {method} {0x000002b3ea672620} 'dispatchEvent' '(Ljava/lang/Object;Ljava/lang/Object;ILjava/lang/Object;)V' in 'org/eclipse/osgi/internal/framework/BundleContextImpl')}
  0x000002b392d04d60: 0048 b900 | 407a eab3 | 0200 0048 | 83a9 5802 | 0000 01e9 | 2247 0000 | e900 0000 | 0049 8bd9 
  0x000002b392d04d80: 8b72 180f | be76 1385 

  0x000002b392d04d88: ;   {metadata(method data for {method} {0x000002b3ea672620} 'dispatchEvent' '(Ljava/lang/Object;Ljava/lang/Object;ILjava/lang/Object;)V' in 'org/eclipse/osgi/internal/framework/BundleContextImpl')}
  0x000002b392d04d88: f648 be00 | 407a eab3 | 0200 0048 | c7c1 9002 | 0000 7407 | 48c7 c1a0 | 0200 004c | 8b04 0e4d 
  0x000002b392d04da8: 8d40 014c | 8904 0e0f | 84ef 0e00 | 0066 6690 

  0x000002b392d04db8: ;   {no_reloc}
  0x000002b392d04db8: e9fa 4600 | 0000 0000 | 0000 498b | 87b8 0100 | 0048 8d78 | 1849 3bbf | c801 0000 | 0f87 e746 
  0x000002b392d04dd8: 0000 4989 | bfb8 0100 | 0048 c700 | 0100 0000 | 488b ca49 | ba00 0000 | a7b3 0200 | 0049 2bca 
  0x000002b392d04df8: 8948 0848 | 33c9 8948 | 0c48 33c9 | 4889 4810 | 4889 8424 | a000 0000 

  0x000002b392d04e10: ; implicit exception: dispatches to 0x000002b392d094ce
  0x000002b392d04e10: 483b 0348 

  0x000002b392d04e14: ;   {metadata(method data for {method} {0x000002b3ea672620} 'dispatchEvent' '(Ljava/lang/Object;Ljava/lang/Object;ILjava/lang/Object;)V' in 'org/eclipse/osgi/internal/framework/BundleContextImpl')}
  0x000002b392d04e14: 8bd3 48be | 0040 7aea | b302 0000 | 4883 86b0 | 0200 0001 | 8b53 0849 | ba00 0000 | a7b3 0200 
  0x000002b392d04e34: 0049 03d2 | 488b 5270 | 488b 1248 | 3b02 488b 

  0x000002b392d04e44: ;   {metadata(method data for {method} {0x000002b3ea672620} 'dispatchEvent' '(Ljava/lang/Object;Ljava/lang/Object;ILjava/lang/Object;)V' in 'org/eclipse/osgi/internal/framework/BundleContextImpl')}
  0x000002b392d04e44: f248 bf00 | 407a eab3 | 0200 0048 | 8387 e802 

  0x000002b392d04e54: ;   {metadata(method data for {method} {0x000002b3a7469ad8} 'getName' '()Ljava/lang/String;' in 'java/lang/Class')}
  0x000002b392d04e54: 0000 0148 | be48 5f05 | eab3 0200 | 008b becc | 0000 0083 | c702 89be | cc00 0000 | 81e7 feff 
  0x000002b392d04e74: 1f00 85ff | 0f84 5a46 | 0000 8b72 | 2c48 85f6 

  0x000002b392d04e84: ;   {metadata(method data for {method} {0x000002b3a7469ad8} 'getName' '()Ljava/lang/String;' in 'java/lang/Class')}
  0x000002b392d04e84: 48bf 485f | 05ea b302 | 0000 48c7 | c110 0100 | 0074 0748 | c7c1 2001 | 0000 4c8b | 2c0f 4d8d 
  0x000002b392d04ea4: 6d01 4c89 | 2c0f 0f84 | 1d00 0000 

  0x000002b392d04eb0: ;   {metadata(method data for {method} {0x000002b3a7469ad8} 'getName' '()Ljava/lang/String;' in 'java/lang/Class')}
  0x000002b392d04eb0: 48ba 485f | 05ea b302 | 0000 ff82 | 3001 0000 | 4889 9c24 | a800 0000 | e932 0000 | 0048 899c 
  0x000002b392d04ed0: 24a8 0000 | 004c 8bc2 

  0x000002b392d04ed8: ;   {metadata(method data for {method} {0x000002b3a7469ad8} 'getName' '()Ljava/lang/String;' in 'java/lang/Class')}
  0x000002b392d04ed8: 49b9 485f | 05ea b302 | 0000 4983 | 8148 0100 | 0001 0f1f 

  0x000002b392d04eec: ;   {optimized virtual_call}
  0x000002b392d04eec: 4400 00e8 

  0x000002b392d04ef0: ; ImmutableOopMap {[128]=Oop [152]=Oop [160]=Oop [168]=Oop [176]=Oop }
                      ;*invokevirtual initClassName {reexecute=0 rethrow=0 return_oop=0}
                      ; - java.lang.Class::getName@14
                      ; - org.eclipse.osgi.internal.framework.BundleContextImpl::dispatchEvent@81 (line 982)
  0x000002b392d04ef0: 8c98 2307 

  0x000002b392d04ef4: ;   {other}
  0x000002b392d04ef4: 0f1f 8400 | e40f 0001 

  0x000002b392d04efc: ;   {metadata(method data for {method} {0x000002b3ea672620} 'dispatchEvent' '(Ljava/lang/Object;Ljava/lang/Object;ILjava/lang/Object;)V' in 'org/eclipse/osgi/internal/framework/BundleContextImpl')}
  0x000002b392d04efc: 488b f048 | ba00 407a | eab3 0200 | 0048 8382 | 2003 0000 

  0x000002b392d04f10: ;   {metadata(method data for {method} {0x000002b3a7455280} 'valueOf' '(Ljava/lang/Object;)Ljava/lang/String;' in 'java/lang/String')}
  0x000002b392d04f10: 0148 ba00 | 050f eab3 | 0200 008b | bacc 0000 | 0083 c702 | 89ba cc00 | 0000 81e7 | feff 1f00 
  0x000002b392d04f30: 85ff 0f84 | c145 0000 

  0x000002b392d04f38: ;   {metadata(method data for {method} {0x000002b3a7455280} 'valueOf' '(Ljava/lang/Object;)Ljava/lang/String;' in 'java/lang/String')}
  0x000002b392d04f38: 4885 f648 | ba00 050f | eab3 0200 | 0048 c7c7 | 1001 0000 | 7507 48c7 | c720 0100 | 0048 8b1c 
  0x000002b392d04f58: 3a48 8d5b | 0148 891c | 3a0f 851f 

  0x000002b392d04f64: ;   {metadata(method data for {method} {0x000002b3a7455280} 'valueOf' '(Ljava/lang/Object;)Ljava/lang/String;' in 'java/lang/String')}
  0x000002b392d04f64: 0000 0048 | ba00 050f | eab3 0200 | 00ff 8230 

  0x000002b392d04f74: ;   {oop("null"{0x0000000080000498})}
  0x000002b392d04f74: 0100 0048 | be98 0400 | 8000 0000 | 00e9 b900 | 0000 483b | 0648 8bd6 

  0x000002b392d04f8c: ;   {metadata(method data for {method} {0x000002b3a7455280} 'valueOf' '(Ljava/lang/Object;)Ljava/lang/String;' in 'java/lang/String')}
  0x000002b392d04f8c: 48bf 0005 | 0fea b302 | 0000 8b52 | 0849 ba00 | 0000 a7b3 | 0200 0049 | 03d2 483b | 9758 0100 
  0x000002b392d04fac: 0075 0d48 | 8387 6001 | 0000 01e9 | 6000 0000 | 483b 9768 | 0100 0075 | 0d48 8387 | 7001 0000 
  0x000002b392d04fcc: 01e9 4a00 | 0000 4883 | bf58 0100 | 0000 7517 | 4889 9758 | 0100 0048 | c787 6001 | 0000 0100 
  0x000002b392d04fec: 0000 e929 | 0000 0048 | 83bf 6801 | 0000 0075 | 1748 8997 | 6801 0000 | 48c7 8770 | 0100 0001 
  0x000002b392d0500c: 0000 00e9 | 0800 0000 | 4883 8748 | 0100 0001 | 488b d666 | 0f1f 4400 | 0048 b8ff | ffff ffff 
  0x000002b392d0502c: ;   {virtual_call}
  0x000002b392d0502c: ffff ffe8 

  0x000002b392d05030: ; ImmutableOopMap {[128]=Oop [152]=Oop [160]=Oop [168]=Oop [176]=Oop }
                      ;*invokevirtual toString {reexecute=0 rethrow=0 return_oop=0}
                      ; - java.lang.String::valueOf@11
                      ; - org.eclipse.osgi.internal.framework.BundleContextImpl::dispatchEvent@84 (line 982)
  0x000002b392d05030: 4c9a 2307 

  0x000002b392d05034: ;   {other}
  0x000002b392d05034: 0f1f 8400 | 2411 0002 | 488b f048 | 8b84 24a0 | 0000 004c 

  0x000002b392d05048: ;   {metadata(method data for {method} {0x000002b3ea672620} 'dispatchEvent' '(Ljava/lang/Object;Ljava/lang/Object;ILjava/lang/Object;)V' in 'org/eclipse/osgi/internal/framework/BundleContextImpl')}
  0x000002b392d05048: 8bc0 48bf | 0040 7aea | b302 0000 | 4883 8730 | 0300 0001 

  0x000002b392d0505c: ;   {metadata(method data for {method} {0x000002b3a7461da8} '<init>' '(Ljava/lang/String;)V' in 'java/lang/StringBuilder')}
  0x000002b392d0505c: 49b8 f020 | 30ea b302 | 0000 418b | b8cc 0000 | 0083 c702 | 4189 b8cc | 0000 0081 | e7fe ff1f 
  0x000002b392d0507c: 0085 ff0f | 849a 4400 | 004c 8bc0 

  0x000002b392d05088: ;   {metadata(method data for {method} {0x000002b3a7461da8} '<init>' '(Ljava/lang/String;)V' in 'java/lang/StringBuilder')}
  0x000002b392d05088: 48bf f020 | 30ea b302 | 0000 4883 | 8710 0100 | 0001 4c8b | c648 8bd0 | 0f1f 8000 

  0x000002b392d050a4: ;   {optimized virtual_call}
  0x000002b392d050a4: 0000 00e8 

  0x000002b392d050a8: ; ImmutableOopMap {[128]=Oop [152]=Oop [160]=Oop [168]=Oop [176]=Oop }
                      ;*invokespecial <init> {reexecute=0 rethrow=0 return_oop=0}
                      ; - java.lang.StringBuilder::<init>@2
                      ; - org.eclipse.osgi.internal.framework.BundleContextImpl::dispatchEvent@87 (line 982)
  0x000002b392d050a8: d496 2307 

  0x000002b392d050ac: ;   {other}
  0x000002b392d050ac: 0f1f 8400 | 9c11 0003 | 488b 8424 | a000 0000 

  0x000002b392d050bc: ;   {metadata(method data for {method} {0x000002b3ea672620} 'dispatchEvent' '(Ljava/lang/Object;Ljava/lang/Object;ILjava/lang/Object;)V' in 'org/eclipse/osgi/internal/framework/BundleContextImpl')}
  0x000002b392d050bc: 49b8 0040 | 7aea b302 | 0000 4983 | 8040 0300 

  0x000002b392d050cc: ;   {metadata(method data for {method} {0x000002b3a7461ae8} 'append' '(Ljava/lang/String;)Ljava/lang/StringBuilder;' in 'java/lang/StringBuilder')}
  0x000002b392d050cc: 0001 49b8 | 00b2 00ea | b302 0000 | 418b 90cc | 0000 0083 | c202 4189 | 90cc 0000 | 0081 e2fe 
  0x000002b392d050ec: ff1f 0085 | d20f 8449 | 4400 0048 | 8b84 24a0 

  0x000002b392d050fc: ;   {metadata(method data for {method} {0x000002b3a7461ae8} 'append' '(Ljava/lang/String;)Ljava/lang/StringBuilder;' in 'java/lang/StringBuilder')}
  0x000002b392d050fc: 0000 0049 | b800 b200 | eab3 0200 | 0049 8380 | 1001 0000 

  0x000002b392d05110: ;   {oop("@"{0x0000000080000000})}
  0x000002b392d05110: 0149 b800 | 0000 8000 | 0000 0048 | 8b94 24a0 | 0000 000f 

  0x000002b392d05124: ;   {optimized virtual_call}
  0x000002b392d05124: 1f40 00e8 

  0x000002b392d05128: ; ImmutableOopMap {[128]=Oop [152]=Oop [160]=Oop [168]=Oop [176]=Oop }
                      ;*invokespecial append {reexecute=0 rethrow=0 return_oop=0}
                      ; - java.lang.StringBuilder::append@2
                      ; - org.eclipse.osgi.internal.framework.BundleContextImpl::dispatchEvent@93 (line 982)
  0x000002b392d05128: 5496 2307 

  0x000002b392d0512c: ;   {other}
  0x000002b392d0512c: 0f1f 8400 | 1c12 0004 

  0x000002b392d05134: ;   {metadata(method data for {method} {0x000002b3ea672620} 'dispatchEvent' '(Ljava/lang/Object;Ljava/lang/Object;ILjava/lang/Object;)V' in 'org/eclipse/osgi/internal/framework/BundleContextImpl')}
  0x000002b392d05134: 48ba 0040 | 7aea b302 | 0000 4883 | 8278 0300 | 0001 488b | 9424 a800 

  0x000002b392d0514c: ;   {static_call}
  0x000002b392d0514c: 0000 90e8 

  0x000002b392d05150: ; ImmutableOopMap {[128]=Oop [152]=Oop [160]=Oop [168]=Oop [176]=Oop }
                      ;*invokestatic identityHashCode {reexecute=0 rethrow=0 return_oop=0}
                      ; - org.eclipse.osgi.internal.framework.BundleContextImpl::dispatchEvent@98 (line 983)
  0x000002b392d05150: 2c9c 2307 

  0x000002b392d05154: ;   {other}
  0x000002b392d05154: 0f1f 8400 | 4412 0005 

  0x000002b392d0515c: ;   {metadata(method data for {method} {0x000002b3ea672620} 'dispatchEvent' '(Ljava/lang/Object;Ljava/lang/Object;ILjava/lang/Object;)V' in 'org/eclipse/osgi/internal/framework/BundleContextImpl')}
  0x000002b392d0515c: 48ba 0040 | 7aea b302 | 0000 4883 | 8288 0300 

  0x000002b392d0516c: ;   {metadata(method data for {method} {0x000002b3a7416620} 'toHexString' '(I)Ljava/lang/String;' in 'java/lang/Integer')}
  0x000002b392d0516c: 0001 48ba | e885 2fea | b302 0000 | 448b 82cc | 0000 0041 | 83c0 0244 | 8982 cc00 | 0000 4181 
  0x000002b392d0518c: e0fe ff1f | 0045 85c0 | 0f84 c743 

  0x000002b392d05198: ;   {metadata(method data for {method} {0x000002b3a7416620} 'toHexString' '(I)Ljava/lang/String;' in 'java/lang/Integer')}
  0x000002b392d05198: 0000 48ba | e885 2fea | b302 0000 | 4883 8210 | 0100 0001 | 488b d041 | b804 0000 

  0x000002b392d051b4: ;   {static_call}
  0x000002b392d051b4: 0066 90e8 

  0x000002b392d051b8: ; ImmutableOopMap {[128]=Oop [152]=Oop [160]=Oop [168]=Oop [176]=Oop }
                      ;*invokestatic toUnsignedString0 {reexecute=0 rethrow=0 return_oop=0}
                      ; - java.lang.Integer::toHexString@2
                      ; - org.eclipse.osgi.internal.framework.BundleContextImpl::dispatchEvent@101 (line 983)
  0x000002b392d051b8: c49b 2307 

  0x000002b392d051bc: ;   {other}
  0x000002b392d051bc: 0f1f 8400 | ac12 0006 | 4c8b 8424 | a000 0000 

  0x000002b392d051cc: ;   {metadata(method data for {method} {0x000002b3ea672620} 'dispatchEvent' '(Ljava/lang/Object;Ljava/lang/Object;ILjava/lang/Object;)V' in 'org/eclipse/osgi/internal/framework/BundleContextImpl')}
  0x000002b392d051cc: 48ba 0040 | 7aea b302 | 0000 4883 | 8298 0300 

  0x000002b392d051dc: ;   {metadata(method data for {method} {0x000002b3a7461ae8} 'append' '(Ljava/lang/String;)Ljava/lang/StringBuilder;' in 'java/lang/StringBuilder')}
  0x000002b392d051dc: 0001 49b8 | 00b2 00ea | b302 0000 | 418b 90cc | 0000 0083 | c202 4189 | 90cc 0000 | 0081 e2fe 
  0x000002b392d051fc: ff1f 0085 | d20f 847b | 4300 004c | 8b84 24a0 

  0x000002b392d0520c: ;   {metadata(method data for {method} {0x000002b3a7461ae8} 'append' '(Ljava/lang/String;)Ljava/lang/StringBuilder;' in 'java/lang/StringBuilder')}
  0x000002b392d0520c: 0000 0048 | ba00 b200 | eab3 0200 | 0048 8382 | 1001 0000 | 014c 8bc0 | 488b 9424 | a000 0000 
  0x000002b392d0522c: ;   {optimized virtual_call}
  0x000002b392d0522c: 6666 90e8 

  0x000002b392d05230: ; ImmutableOopMap {[128]=Oop [152]=Oop [160]=Oop [168]=Oop [176]=Oop }
                      ;*invokespecial append {reexecute=0 rethrow=0 return_oop=0}
                      ; - java.lang.StringBuilder::append@2
                      ; - org.eclipse.osgi.internal.framework.BundleContextImpl::dispatchEvent@104 (line 983)
  0x000002b392d05230: 4c95 2307 

  0x000002b392d05234: ;   {other}
  0x000002b392d05234: 0f1f 8400 | 2413 0007 | 488b 8424 | a000 0000 

  0x000002b392d05244: ;   {metadata(method data for {method} {0x000002b3ea672620} 'dispatchEvent' '(Ljava/lang/Object;Ljava/lang/Object;ILjava/lang/Object;)V' in 'org/eclipse/osgi/internal/framework/BundleContextImpl')}
  0x000002b392d05244: 48ba 0040 | 7aea b302 | 0000 4883 | 82d0 0300 

  0x000002b392d05254: ;   {metadata(method data for {method} {0x000002b3a7008958} 'toString' '()Ljava/lang/String;' in 'java/lang/StringBuilder')}
  0x000002b392d05254: 0001 48ba | 58b9 00ea | b302 0000 | 8bb2 cc00 | 0000 83c6 | 0289 b2cc | 0000 0081 | e6fe ff1f 
  0x000002b392d05274: 0085 f60f | 8426 4300 

  0x000002b392d0527c: ;   {metadata('java/lang/String')}
  0x000002b392d0527c: 0048 ba78 | e800 a7b3 | 0200 0049 | 8b87 b801 | 0000 488d | 7818 493b | bfc8 0100 | 000f 8725 
  0x000002b392d0529c: 4300 0049 | 89bf b801 | 0000 48c7 | 0001 0000 | 0048 8bca | 49ba 0000 | 00a7 b302 | 0000 492b 
  0x000002b392d052bc: ca89 4808 | 4833 c989 | 480c 4833 | c948 8948 | 1048 8984 | 24b8 0000 | 004c 8bc0 

  0x000002b392d052d8: ;   {metadata(method data for {method} {0x000002b3a7008958} 'toString' '()Ljava/lang/String;' in 'java/lang/StringBuilder')}
  0x000002b392d052d8: 49b9 58b9 | 00ea b302 | 0000 4983 | 8110 0100 

  0x000002b392d052e8: ;   {metadata(method data for {method} {0x000002b3a7455dd8} '<init>' '(Ljava/lang/StringBuilder;)V' in 'java/lang/String')}
  0x000002b392d052e8: 0001 49b8 | d0ba 00ea | b302 0000 | 458b 88cc | 0000 0041 | 83c1 0245 | 8988 cc00 | 0000 4181 
  0x000002b392d05308: e1fe ff1f | 0045 85c9 | 0f84 bb42 | 0000 4c8b 

  0x000002b392d05318: ;   {metadata(method data for {method} {0x000002b3a7455dd8} '<init>' '(Ljava/lang/StringBuilder;)V' in 'java/lang/String')}
  0x000002b392d05318: c049 b9d0 | ba00 eab3 | 0200 0049 | 8381 1001 | 0000 014c | 8b84 24a0 

  0x000002b392d05330: ;   {oop(nullptr)}
  0x000002b392d05330: 0000 0049 | b900 0000 | 0000 0000 | 0048 8bd0 | 0f1f 8000 

  0x000002b392d05344: ;   {optimized virtual_call}
  0x000002b392d05344: 0000 00e8 

  0x000002b392d05348: ; ImmutableOopMap {[128]=Oop [152]=Oop [168]=Oop [176]=Oop [184]=Oop }
                      ;*invokespecial <init> {reexecute=0 rethrow=0 return_oop=0}
                      ; - java.lang.String::<init>@3
                      ; - java.lang.StringBuilder::toString@5
                      ; - org.eclipse.osgi.internal.framework.BundleContextImpl::dispatchEvent@107 (line 982)
  0x000002b392d05348: 3494 2307 

  0x000002b392d0534c: ;   {other}
  0x000002b392d0534c: 0f1f 8400 | 3c14 0008 | 488b 9424 | 8000 0000 | 8b5a 1848 | 899c 24c8 | 0000 0090 

  0x000002b392d05368: ;   {no_reloc}
  0x000002b392d05368: e994 4200 | 0000 0000 | 0000 498b | 87b8 0100 | 0048 8d78 | 1849 3bbf | c801 0000 | 0f87 8142 
  0x000002b392d05388: 0000 4989 | bfb8 0100 | 0048 c700 | 0100 0000 | 488b ca49 | ba00 0000 | a7b3 0200 | 0049 2bca 
  0x000002b392d053a8: 8948 0848 | 33c9 8948 | 0c48 33c9 | 4889 4810 | 4889 8424 | c000 0000 

  0x000002b392d053c0: ;   {metadata(method data for {method} {0x000002b3ea672620} 'dispatchEvent' '(Ljava/lang/Object;Ljava/lang/Object;ILjava/lang/Object;)V' in 'org/eclipse/osgi/internal/framework/BundleContextImpl')}
  0x000002b392d053c0: 4c8b c048 | ba00 407a | eab3 0200 | 0048 8382 | 0804 0000 

  0x000002b392d053d4: ;   {metadata(method data for {method} {0x000002b3a7461da8} '<init>' '(Ljava/lang/String;)V' in 'java/lang/StringBuilder')}
  0x000002b392d053d4: 0149 b8f0 | 2030 eab3 | 0200 0041 | 8b90 cc00 | 0000 83c2 | 0241 8990 | cc00 0000 | 81e2 feff 
  0x000002b392d053f4: 1f00 85d2 | 0f84 1a42 | 0000 4c8b 

  0x000002b392d05400: ;   {metadata(method data for {method} {0x000002b3a7461da8} '<init>' '(Ljava/lang/String;)V' in 'java/lang/StringBuilder')}
  0x000002b392d05400: c048 baf0 | 2030 eab3 | 0200 0048 | 8382 1001 

  0x000002b392d05410: ;   {oop("dispatchBundleEvent["{0x0000000080120ec0})}
  0x000002b392d05410: 0000 0149 | b8c0 0e12 | 8000 0000 | 0048 8bd0 | 0f1f 8000 

  0x000002b392d05424: ;   {optimized virtual_call}
  0x000002b392d05424: 0000 00e8 

  0x000002b392d05428: ; ImmutableOopMap {[128]=Oop [152]=Oop [168]=Oop [176]=Oop [184]=Oop [192]=Oop [200]=Oop }
                      ;*invokespecial <init> {reexecute=0 rethrow=0 return_oop=0}
                      ; - java.lang.StringBuilder::<init>@2
                      ; - org.eclipse.osgi.internal.framework.BundleContextImpl::dispatchEvent@126 (line 984)
  0x000002b392d05428: 5493 2307 

  0x000002b392d0542c: ;   {other}
  0x000002b392d0542c: 0f1f 8400 | 1c15 0009 | 488b 9424 | 8000 0000 | 8b72 1048 | 8b84 24c0 

  0x000002b392d05444: ;   {metadata(method data for {method} {0x000002b3ea672620} 'dispatchEvent' '(Ljava/lang/Object;Ljava/lang/Object;ILjava/lang/Object;)V' in 'org/eclipse/osgi/internal/framework/BundleContextImpl')}
  0x000002b392d05444: 0000 0048 | bf00 407a | eab3 0200 | 0048 8387 | 1804 0000 

  0x000002b392d05458: ;   {metadata(method data for {method} {0x000002b3a7461b40} 'append' '(Ljava/lang/Object;)Ljava/lang/StringBuilder;' in 'java/lang/StringBuilder')}
  0x000002b392d05458: 0148 bf60 | 030f eab3 | 0200 008b | 9fcc 0000 | 0083 c302 | 899f cc00 | 0000 81e3 | feff 1f00 
  0x000002b392d05478: 85db 0f84 | b941 0000 

  0x000002b392d05480: ;   {metadata(method data for {method} {0x000002b3a7461b40} 'append' '(Ljava/lang/Object;)Ljava/lang/StringBuilder;' in 'java/lang/StringBuilder')}
  0x000002b392d05480: 48bf 6003 | 0fea b302 | 0000 4883 | 8710 0100 

  0x000002b392d05490: ;   {metadata(method data for {method} {0x000002b3a7455280} 'valueOf' '(Ljava/lang/Object;)Ljava/lang/String;' in 'java/lang/String')}
  0x000002b392d05490: 0001 48bf | 0005 0fea | b302 0000 | 8b9f cc00 | 0000 83c3 | 0289 9fcc | 0000 0081 | e3fe ff1f 
  0x000002b392d054b0: 0085 db0f | 84a1 4100 | 0048 85f6 

  0x000002b392d054bc: ;   {metadata(method data for {method} {0x000002b3a7455280} 'valueOf' '(Ljava/lang/Object;)Ljava/lang/String;' in 'java/lang/String')}
  0x000002b392d054bc: 48bf 0005 | 0fea b302 | 0000 48c7 | c310 0100 | 0075 0748 | c7c3 2001 | 0000 488b | 041f 488d 
  0x000002b392d054dc: 4001 4889 | 041f 0f85 | 1f00 0000 

  0x000002b392d054e8: ;   {metadata(method data for {method} {0x000002b3a7455280} 'valueOf' '(Ljava/lang/Object;)Ljava/lang/String;' in 'java/lang/String')}
  0x000002b392d054e8: 48be 0005 | 0fea b302 | 0000 ff86 | 3001 0000 

  0x000002b392d054f8: ;   {oop("null"{0x0000000080000498})}
  0x000002b392d054f8: 48be 9804 | 0080 0000 | 0000 e9b0 | 0000 0048 | 3b06 488b 

  0x000002b392d0550c: ;   {metadata(method data for {method} {0x000002b3a7455280} 'valueOf' '(Ljava/lang/Object;)Ljava/lang/String;' in 'java/lang/String')}
  0x000002b392d0550c: fe48 bb00 | 050f eab3 | 0200 008b | 7f08 49ba | 0000 00a7 | b302 0000 | 4903 fa48 | 3bbb 5801 
  0x000002b392d0552c: 0000 750d | 4883 8360 | 0100 0001 | e960 0000 | 0048 3bbb | 6801 0000 | 750d 4883 | 8370 0100 
  0x000002b392d0554c: 0001 e94a | 0000 0048 | 83bb 5801 | 0000 0075 | 1748 89bb | 5801 0000 | 48c7 8360 | 0100 0001 
  0x000002b392d0556c: 0000 00e9 | 2900 0000 | 4883 bb68 | 0100 0000 | 7517 4889 | bb68 0100 | 0048 c783 | 7001 0000 
  0x000002b392d0558c: 0100 0000 | e908 0000 | 0048 8383 | 4801 0000 | 0148 8bd6 | 0f1f 8000 

  0x000002b392d055a4: ;   {optimized virtual_call}
  0x000002b392d055a4: 0000 00e8 

  0x000002b392d055a8: ; ImmutableOopMap {[128]=Oop [152]=Oop [168]=Oop [176]=Oop [184]=Oop [192]=Oop [200]=Oop }
                      ;*invokevirtual toString {reexecute=0 rethrow=0 return_oop=0}
                      ; - java.lang.String::valueOf@11
                      ; - java.lang.StringBuilder::append@2
                      ; - org.eclipse.osgi.internal.framework.BundleContextImpl::dispatchEvent@133 (line 984)
  0x000002b392d055a8: d491 2307 

  0x000002b392d055ac: ;   {other}
  0x000002b392d055ac: 0f1f 8400 | 9c16 000a | 488b f048 | 8b84 24c0 

  0x000002b392d055bc: ;   {metadata(method data for {method} {0x000002b3a7461b40} 'append' '(Ljava/lang/Object;)Ljava/lang/StringBuilder;' in 'java/lang/StringBuilder')}
  0x000002b392d055bc: 0000 0049 | b860 030f | eab3 0200 | 0049 8380 | 2001 0000 

  0x000002b392d055d0: ;   {metadata(method data for {method} {0x000002b3a7461ae8} 'append' '(Ljava/lang/String;)Ljava/lang/StringBuilder;' in 'java/lang/StringBuilder')}
  0x000002b392d055d0: 0149 b800 | b200 eab3 | 0200 0041 | 8b90 cc00 | 0000 83c2 | 0241 8990 | cc00 0000 | 81e2 feff 
  0x000002b392d055f0: 1f00 85d2 | 0f84 8640 | 0000 488b | 8424 c000 

  0x000002b392d05600: ;   {metadata(method data for {method} {0x000002b3a7461ae8} 'append' '(Ljava/lang/String;)Ljava/lang/StringBuilder;' in 'java/lang/StringBuilder')}
  0x000002b392d05600: 0000 49b8 | 00b2 00ea | b302 0000 | 4983 8010 | 0100 0001 | 4c8b c648 | 8b94 24c0 

  0x000002b392d0561c: ;   {optimized virtual_call}
  0x000002b392d0561c: 0000 00e8 

  0x000002b392d05620: ; ImmutableOopMap {[128]=Oop [152]=Oop [168]=Oop [176]=Oop [184]=Oop [192]=Oop [200]=Oop }
                      ;*invokespecial append {reexecute=0 rethrow=0 return_oop=0}
                      ; - java.lang.StringBuilder::append@2
                      ; - java.lang.StringBuilder::append@5
                      ; - org.eclipse.osgi.internal.framework.BundleContextImpl::dispatchEvent@133 (line 984)
  0x000002b392d05620: 5c91 2307 

  0x000002b392d05624: ;   {other}
  0x000002b392d05624: 0f1f 8400 | 1417 000b | 488b 8424 | c000 0000 

  0x000002b392d05634: ;   {metadata(method data for {method} {0x000002b3ea672620} 'dispatchEvent' '(Ljava/lang/Object;Ljava/lang/Object;ILjava/lang/Object;)V' in 'org/eclipse/osgi/internal/framework/BundleContextImpl')}
  0x000002b392d05634: 4c8b c048 | ba00 407a | eab3 0200 | 0048 8382 | 5004 0000 

  0x000002b392d05648: ;   {metadata(method data for {method} {0x000002b3a7461ae8} 'append' '(Ljava/lang/String;)Ljava/lang/StringBuilder;' in 'java/lang/StringBuilder')}
  0x000002b392d05648: 0149 b800 | b200 eab3 | 0200 0041 | 8b90 cc00 | 0000 83c2 | 0241 8990 | cc00 0000 | 81e2 feff 
  0x000002b392d05668: 1f00 85d2 | 0f84 2f40 | 0000 4c8b 

  0x000002b392d05674: ;   {metadata(method data for {method} {0x000002b3a7461ae8} 'append' '(Ljava/lang/String;)Ljava/lang/StringBuilder;' in 'java/lang/StringBuilder')}
  0x000002b392d05674: c048 ba00 | b200 eab3 | 0200 0048 | 8382 1001 

  0x000002b392d05684: ;   {oop("]("{0x0000000080120ed8})}
  0x000002b392d05684: 0000 0149 | b8d8 0e12 | 8000 0000 | 0048 8bd0 

  0x000002b392d05694: ;   {optimized virtual_call}
  0x000002b392d05694: 6666 90e8 

  0x000002b392d05698: ; ImmutableOopMap {[128]=Oop [152]=Oop [168]=Oop [176]=Oop [184]=Oop [192]=Oop [200]=Oop }
                      ;*invokespecial append {reexecute=0 rethrow=0 return_oop=0}
                      ; - java.lang.StringBuilder::append@2
                      ; - org.eclipse.osgi.internal.framework.BundleContextImpl::dispatchEvent@139 (line 984)
  0x000002b392d05698: e490 2307 

  0x000002b392d0569c: ;   {other}
  0x000002b392d0569c: 0f1f 8400 | 8c17 000c | 488b 8424 | c000 0000 

  0x000002b392d056ac: ;   {metadata(method data for {method} {0x000002b3ea672620} 'dispatchEvent' '(Ljava/lang/Object;Ljava/lang/Object;ILjava/lang/Object;)V' in 'org/eclipse/osgi/internal/framework/BundleContextImpl')}
  0x000002b392d056ac: 49b8 0040 | 7aea b302 | 0000 4983 | 8088 0400 

  0x000002b392d056bc: ;   {metadata(method data for {method} {0x000002b3a7461ae8} 'append' '(Ljava/lang/String;)Ljava/lang/StringBuilder;' in 'java/lang/StringBuilder')}
  0x000002b392d056bc: 0001 49b8 | 00b2 00ea | b302 0000 | 418b 90cc | 0000 0083 | c202 4189 | 90cc 0000 | 0081 e2fe 
  0x000002b392d056dc: ff1f 0085 | d20f 84db | 3f00 0048 | 8b84 24c0 

  0x000002b392d056ec: ;   {metadata(method data for {method} {0x000002b3a7461ae8} 'append' '(Ljava/lang/String;)Ljava/lang/StringBuilder;' in 'java/lang/StringBuilder')}
  0x000002b392d056ec: 0000 0049 | b800 b200 | eab3 0200 | 0049 8380 | 1001 0000 | 014c 8b84 | 24b8 0000 | 0048 8b94 
  0x000002b392d0570c: 24c0 0000 | 0066 0f1f 

  0x000002b392d05714: ;   {optimized virtual_call}
  0x000002b392d05714: 4400 00e8 

  0x000002b392d05718: ; ImmutableOopMap {[128]=Oop [152]=Oop [168]=Oop [176]=Oop [192]=Oop [200]=Oop }
                      ;*invokespecial append {reexecute=0 rethrow=0 return_oop=0}
                      ; - java.lang.StringBuilder::append@2
                      ; - org.eclipse.osgi.internal.framework.BundleContextImpl::dispatchEvent@144 (line 984)
  0x000002b392d05718: 6490 2307 

  0x000002b392d0571c: ;   {other}
  0x000002b392d0571c: 0f1f 8400 | 0c18 000d | 488b 8424 | c000 0000 

  0x000002b392d0572c: ;   {metadata(method data for {method} {0x000002b3ea672620} 'dispatchEvent' '(Ljava/lang/Object;Ljava/lang/Object;ILjava/lang/Object;)V' in 'org/eclipse/osgi/internal/framework/BundleContextImpl')}
  0x000002b392d0572c: 49b8 0040 | 7aea b302 | 0000 4983 | 80c0 0400 

  0x000002b392d0573c: ;   {metadata(method data for {method} {0x000002b3a7461ae8} 'append' '(Ljava/lang/String;)Ljava/lang/StringBuilder;' in 'java/lang/StringBuilder')}
  0x000002b392d0573c: 0001 49b8 | 00b2 00ea | b302 0000 | 418b 90cc | 0000 0083 | c202 4189 | 90cc 0000 | 0081 e2fe 
  0x000002b392d0575c: ff1f 0085 | d20f 847c | 3f00 0048 | 8b84 24c0 

  0x000002b392d0576c: ;   {metadata(method data for {method} {0x000002b3a7461ae8} 'append' '(Ljava/lang/String;)Ljava/lang/StringBuilder;' in 'java/lang/StringBuilder')}
  0x000002b392d0576c: 0000 0049 | b800 b200 | eab3 0200 | 0049 8380 | 1001 0000 

  0x000002b392d05780: ;   {oop(")"{0x0000000080000818})}
  0x000002b392d05780: 0149 b818 | 0800 8000 | 0000 0048 | 8b94 24c0 | 0000 000f 

  0x000002b392d05794: ;   {optimized virtual_call}
  0x000002b392d05794: 1f40 00e8 

  0x000002b392d05798: ; ImmutableOopMap {[128]=Oop [152]=Oop [168]=Oop [176]=Oop [192]=Oop [200]=Oop }
                      ;*invokespecial append {reexecute=0 rethrow=0 return_oop=0}
                      ; - java.lang.StringBuilder::append@2
                      ; - org.eclipse.osgi.internal.framework.BundleContextImpl::dispatchEvent@150 (line 984)
  0x000002b392d05798: e48f 2307 

  0x000002b392d0579c: ;   {other}
  0x000002b392d0579c: 0f1f 8400 | 8c18 000e | 488b 8424 | c000 0000 

  0x000002b392d057ac: ;   {metadata(method data for {method} {0x000002b3ea672620} 'dispatchEvent' '(Ljava/lang/Object;Ljava/lang/Object;ILjava/lang/Object;)V' in 'org/eclipse/osgi/internal/framework/BundleContextImpl')}
  0x000002b392d057ac: 48ba 0040 | 7aea b302 | 0000 4883 | 82f8 0400 

  0x000002b392d057bc: ;   {metadata(method data for {method} {0x000002b3a7008958} 'toString' '()Ljava/lang/String;' in 'java/lang/StringBuilder')}
  0x000002b392d057bc: 0001 48ba | 58b9 00ea | b302 0000 | 8bb2 cc00 | 0000 83c6 | 0289 b2cc | 0000 0081 | e6fe ff1f 
  0x000002b392d057dc: 0085 f60f | 841f 3f00 

  0x000002b392d057e4: ;   {metadata('java/lang/String')}
  0x000002b392d057e4: 0048 ba78 | e800 a7b3 | 0200 0049 | 8b87 b801 | 0000 488d | 7818 493b | bfc8 0100 | 000f 871e 
  0x000002b392d05804: 3f00 0049 | 89bf b801 | 0000 48c7 | 0001 0000 | 0048 8bca | 49ba 0000 | 00a7 b302 | 0000 492b 
  0x000002b392d05824: ca89 4808 | 4833 c989 | 480c 4833 | c948 8948 | 104c 8bc0 

  0x000002b392d05838: ;   {metadata(method data for {method} {0x000002b3a7008958} 'toString' '()Ljava/lang/String;' in 'java/lang/StringBuilder')}
  0x000002b392d05838: 49b9 58b9 | 00ea b302 | 0000 4983 | 8110 0100 

  0x000002b392d05848: ;   {metadata(method data for {method} {0x000002b3a7455dd8} '<init>' '(Ljava/lang/StringBuilder;)V' in 'java/lang/String')}
  0x000002b392d05848: 0001 49b8 | d0ba 00ea | b302 0000 | 458b 88cc | 0000 0041 | 83c1 0245 | 8988 cc00 | 0000 4181 
  0x000002b392d05868: e1fe ff1f | 0045 85c9 | 0f84 bc3e | 0000 4c8b 

  0x000002b392d05878: ;   {metadata(method data for {method} {0x000002b3a7455dd8} '<init>' '(Ljava/lang/StringBuilder;)V' in 'java/lang/String')}
  0x000002b392d05878: c049 b9d0 | ba00 eab3 | 0200 0049 | 8381 1001 | 0000 014c | 8b84 24c0 

  0x000002b392d05890: ;   {oop(nullptr)}
  0x000002b392d05890: 0000 0049 | b900 0000 | 0000 0000 | 0048 8bd0 | 4889 8424 | d000 0000 | 0f1f 8000 

  0x000002b392d058ac: ;   {optimized virtual_call}
  0x000002b392d058ac: 0000 00e8 

  0x000002b392d058b0: ; ImmutableOopMap {[128]=Oop [152]=Oop [168]=Oop [176]=Oop [200]=Oop [208]=Oop }
                      ;*invokespecial <init> {reexecute=0 rethrow=0 return_oop=0}
                      ; - java.lang.String::<init>@3
                      ; - java.lang.StringBuilder::toString@5
                      ; - org.eclipse.osgi.internal.framework.BundleContextImpl::dispatchEvent@153 (line 984)
  0x000002b392d058b0: cc8e 2307 

  0x000002b392d058b4: ;   {other}
  0x000002b392d058b4: 0f1f 8400 | a419 000f | 488b 9c24 | c800 0000 

  0x000002b392d058c4: ; implicit exception: dispatches to 0x000002b392d09753
  0x000002b392d058c4: 483b 034c 

  0x000002b392d058c8: ;   {metadata(method data for {method} {0x000002b3ea672620} 'dispatchEvent' '(Ljava/lang/Object;Ljava/lang/Object;ILjava/lang/Object;)V' in 'org/eclipse/osgi/internal/framework/BundleContextImpl')}
  0x000002b392d058c8: 8bc3 49b9 | 0040 7aea | b302 0000 

  0x000002b392d058d4: ;   {metadata('org/eclipse/osgi/internal/debug/Debug')}
  0x000002b392d058d4: 49ba 8009 | 09a8 b302 | 0000 4d89 | 9140 0500 | 0049 8381 | 4805 0000 

  0x000002b392d058ec: ;   {metadata(method data for {method} {0x000002b3ea4e53d0} 'trace' '(Ljava/lang/String;Ljava/lang/String;)V' in 'org/eclipse/osgi/internal/debug/Debug')}
  0x000002b392d058ec: 0149 b8b0 | 4c78 eab3 | 0200 0045 | 8b88 cc00 | 0000 4183 | c102 4589 | 88cc 0000 | 0041 81e1 
  0x000002b392d0590c: feff 1f00 | 4585 c90f | 843f 3e00 | 008b 5324 

  0x000002b392d0591c: ;   {metadata(method data for {method} {0x000002b3ea4e53d0} 'trace' '(Ljava/lang/String;Ljava/lang/String;)V' in 'org/eclipse/osgi/internal/debug/Debug')}
  0x000002b392d0591c: 4885 d249 | b8b0 4c78 | eab3 0200 | 0049 c7c1 | 1001 0000 | 7407 49c7 | c120 0100 | 004b 8b34 
  0x000002b392d0593c: 0848 8d76 | 014b 8934 | 080f 84ff | 0200 0048 | 85d2 0f84 | 2900 0000 

  0x000002b392d05954: ;   {metadata('org/eclipse/osgi/internal/log/ExtendedLogServiceImpl')}
  0x000002b392d05954: 48bf 4056 | 09a8 b302 | 0000 8b72 | 0849 ba00 | 0000 a7b3 | 0200 0049 | 03f2 483b | 7e38 0f85 
  0x000002b392d05974: 013e 0000 | e900 0000 | 004c 8bc2 

  0x000002b392d05980: ; implicit exception: dispatches to 0x000002b392d0977e
  0x000002b392d05980: 483b 024c 

  0x000002b392d05984: ;   {metadata(method data for {method} {0x000002b3ea4e53d0} 'trace' '(Ljava/lang/String;Ljava/lang/String;)V' in 'org/eclipse/osgi/internal/debug/Debug')}
  0x000002b392d05984: 8bc2 49b9 | b04c 78ea | b302 0000 

  0x000002b392d05990: ;   {metadata('org/eclipse/osgi/internal/log/ExtendedLogServiceImpl')}
  0x000002b392d05990: 49ba 4056 | 09a8 b302 | 0000 4d89 | 9140 0100 | 0049 8381 | 4801 0000 

  0x000002b392d059a8: ;   {metadata(method data for {method} {0x000002b3ea50ca80} 'getLogger' '(Ljava/lang/String;)Lorg/osgi/service/log/Logger;' in 'org/eclipse/osgi/internal/log/ExtendedLogServiceImpl')}
  0x000002b392d059a8: 0149 b8f0 | 4e78 eab3 | 0200 0045 | 8b88 cc00 | 0000 4183 | c102 4589 | 88cc 0000 | 0041 81e1 
  0x000002b392d059c8: feff 1f00 | 4585 c90f | 84ae 3d00 | 004c 8bc2 

  0x000002b392d059d8: ;   {metadata(method data for {method} {0x000002b3ea50ca80} 'getLogger' '(Ljava/lang/String;)Lorg/osgi/service/log/Logger;' in 'org/eclipse/osgi/internal/log/ExtendedLogServiceImpl')}
  0x000002b392d059d8: 49b9 f04e | 78ea b302 

  0x000002b392d059e0: ;   {metadata('org/eclipse/osgi/internal/log/ExtendedLogServiceImpl')}
  0x000002b392d059e0: 0000 49ba | 4056 09a8 | b302 0000 | 4d89 9120 | 0100 0049 | 8381 2801 

  0x000002b392d059f8: ;   {metadata(method data for {method} {0x000002b3ea50a308} 'getLogger' '(Ljava/lang/String;)Lorg/eclipse/equinox/log/Logger;' in 'org/eclipse/osgi/internal/log/ExtendedLogServiceImpl')}
  0x000002b392d059f8: 0000 0149 | b880 5078 | eab3 0200 | 0045 8b88 | cc00 0000 | 4183 c102 | 4589 88cc | 0000 0041 
  0x000002b392d05a18: 81e1 feff | 1f00 4585 | c90f 847d | 3d00 004c 

  0x000002b392d05a28: ;   {metadata(method data for {method} {0x000002b3ea50a308} 'getLogger' '(Ljava/lang/String;)Lorg/eclipse/equinox/log/Logger;' in 'org/eclipse/osgi/internal/log/ExtendedLogServiceImpl')}
  0x000002b392d05a28: 8bc2 49b9 | 8050 78ea | b302 0000 

  0x000002b392d05a34: ;   {metadata('org/eclipse/osgi/internal/log/ExtendedLogServiceImpl')}
  0x000002b392d05a34: 49ba 4056 | 09a8 b302 | 0000 4d89 | 9120 0100 | 0049 8381 | 2801 0000 

  0x000002b392d05a4c: ;   {oop("org.eclipse.osgi/debug/events"{0x00000000800d2d98})}
  0x000002b392d05a4c: 0149 b898 | 2d0d 8000 

  0x000002b392d05a54: ;   {oop(a 'java/lang/Class'{0x00000000802dd908} = 'org/osgi/service/log/Logger')}
  0x000002b392d05a54: 0000 0049 | b908 d92d | 8000 0000 | 0066 0f1f 

  0x000002b392d05a64: ;   {optimized virtual_call}
  0x000002b392d05a64: 4400 00e8 

  0x000002b392d05a68: ; ImmutableOopMap {[128]=Oop [152]=Oop [168]=Oop [176]=Oop [208]=Oop }
                      ;*invokevirtual getLogger {reexecute=0 rethrow=0 return_oop=0}
                      ; - org.eclipse.osgi.internal.log.ExtendedLogServiceImpl::getLogger@4 (line 73)
                      ; - org.eclipse.osgi.internal.log.ExtendedLogServiceImpl::getLogger@2 (line 1)
                      ; - org.eclipse.osgi.internal.debug.Debug::trace@11 (line 265)
                      ; - org.eclipse.osgi.internal.framework.BundleContextImpl::dispatchEvent@156 (line 984)
  0x000002b392d05a68: 148d 2307 

  0x000002b392d05a6c: ;   {other}
  0x000002b392d05a6c: 0f1f 8400 | 5c1b 0010 | 4885 c075 

  0x000002b392d05a78: ;   {metadata(method data for {method} {0x000002b3ea50a308} 'getLogger' '(Ljava/lang/String;)Lorg/eclipse/equinox/log/Logger;' in 'org/eclipse/osgi/internal/log/ExtendedLogServiceImpl')}
  0x000002b392d05a78: 1648 be80 | 5078 eab3 | 0200 0080 | 8e41 0100 | 0001 e9e7 

  0x000002b392d05a8c: ;   {metadata('org/eclipse/equinox/log/Logger')}
  0x000002b392d05a8c: 0000 0048 | bff8 2909 | a8b3 0200 | 008b 7008 | 49ba 0000 | 00a7 b302 | 0000 4903 | f248 3b7e 
  0x000002b392d05aac: 200f 841a | 0000 0048 | 3bf7 0f84 | 1100 0000 

  0x000002b392d05abc: ;   {runtime_call slow_subtype_check Runtime1 stub}
  0x000002b392d05abc: 5657 e8bd | a42e 075e | 5e85 f60f | 848d 0000 

  0x000002b392d05acc: ;   {metadata(method data for {method} {0x000002b3ea50a308} 'getLogger' '(Ljava/lang/String;)Lorg/eclipse/equinox/log/Logger;' in 'org/eclipse/osgi/internal/log/ExtendedLogServiceImpl')}
  0x000002b392d05acc: 0048 be80 | 5078 eab3 | 0200 008b | 7808 49ba | 0000 00a7 | b302 0000 | 4903 fa48 | 3bbe 5801 
  0x000002b392d05aec: 0000 750d | 4883 8660 | 0100 0001 | e979 0000 | 0048 3bbe | 6801 0000 | 750d 4883 | 8670 0100 
  0x000002b392d05b0c: 0001 e963 | 0000 0048 | 83be 5801 | 0000 0075 | 1748 89be | 5801 0000 | 48c7 8660 | 0100 0001 
  0x000002b392d05b2c: 0000 00e9 | 4200 0000 | 4883 be68 | 0100 0000 | 7517 4889 | be68 0100 | 0048 c786 | 7001 0000 
  0x000002b392d05b4c: 0100 0000 | e921 0000 | 00e9 1c00 

  0x000002b392d05b58: ;   {metadata(method data for {method} {0x000002b3ea50a308} 'getLogger' '(Ljava/lang/String;)Lorg/eclipse/equinox/log/Logger;' in 'org/eclipse/osgi/internal/log/ExtendedLogServiceImpl')}
  0x000002b392d05b58: 0000 48be | 8050 78ea | b302 0000 | 4883 ae48 | 0100 0001 | e954 3c00 | 00e9 0000 | 0000 488b 
  0x000002b392d05b78: d048 3b02 

  0x000002b392d05b7c: ;   {metadata(method data for {method} {0x000002b3ea4e53d0} 'trace' '(Ljava/lang/String;Ljava/lang/String;)V' in 'org/eclipse/osgi/internal/debug/Debug')}
  0x000002b392d05b7c: 4c8b c248 | beb0 4c78 | eab3 0200 | 0045 8b40 | 0849 ba00 | 0000 a7b3 | 0200 004d | 03c2 4c3b 
  0x000002b392d05b9c: 8678 0100 | 0075 0d48 | 8386 8001 | 0000 01e9 | 6000 0000 | 4c3b 8688 | 0100 0075 | 0d48 8386 
  0x000002b392d05bbc: 9001 0000 | 01e9 4a00 | 0000 4883 | be78 0100 | 0000 7517 | 4c89 8678 | 0100 0048 | c786 8001 
  0x000002b392d05bdc: 0000 0100 | 0000 e929 | 0000 0048 | 83be 8801 | 0000 0075 | 174c 8986 | 8801 0000 | 48c7 8690 
  0x000002b392d05bfc: 0100 0001 | 0000 00e9 | 0800 0000 | 4883 8668 | 0100 0001 | 4c8b 8424 | d000 0000 | 0f1f 4400 
  0x000002b392d05c1c: 0048 b8ff | ffff ffff 

  0x000002b392d05c24: ;   {virtual_call}
  0x000002b392d05c24: ffff ffe8 

  0x000002b392d05c28: ; ImmutableOopMap {[128]=Oop [152]=Oop [168]=Oop [176]=Oop }
                      ;*invokeinterface debug {reexecute=0 rethrow=0 return_oop=0}
                      ; - org.eclipse.osgi.internal.debug.Debug::trace@17 (line 265)
                      ; - org.eclipse.osgi.internal.framework.BundleContextImpl::dispatchEvent@156 (line 984)
  0x000002b392d05c28: 548e 2307 

  0x000002b392d05c2c: ;   {other}
  0x000002b392d05c2c: 0f1f 8400 | 1c1d 0011 

  0x000002b392d05c34: ;   {metadata(method data for {method} {0x000002b3ea4e53d0} 'trace' '(Ljava/lang/String;Ljava/lang/String;)V' in 'org/eclipse/osgi/internal/debug/Debug')}
  0x000002b392d05c34: 49b8 b04c | 78ea b302 | 0000 41ff | 80a0 0100 | 00e9 5200 | 0000 488b | 8424 d000 

  0x000002b392d05c50: ;   {oop(a 'java/lang/Class'{0x00000000802dd980} = 'org/eclipse/osgi/internal/debug/Debug')}
  0x000002b392d05c50: 0000 49b8 | 80d9 2d80 | 0000 0000 | 418b 90d0 | 0000 0048 | 3b02 4c8b 

  0x000002b392d05c68: ;   {metadata(method data for {method} {0x000002b3ea4e53d0} 'trace' '(Ljava/lang/String;Ljava/lang/String;)V' in 'org/eclipse/osgi/internal/debug/Debug')}
  0x000002b392d05c68: c248 beb0 | 4c78 eab3 

  0x000002b392d05c70: ;   {metadata('java/io/PrintStream')}
  0x000002b392d05c70: 0200 0049 | bac8 a300 | a7b3 0200 | 004c 8996 | c801 0000 | 4883 86d0 | 0100 0001 

  0x000002b392d05c8c: ;   {optimized virtual_call}
  0x000002b392d05c8c: 4c8b c0e8 

  0x000002b392d05c90: ; ImmutableOopMap {[128]=Oop [152]=Oop [168]=Oop [176]=Oop }
                      ;*invokevirtual println {reexecute=0 rethrow=0 return_oop=0}
                      ; - org.eclipse.osgi.internal.debug.Debug::trace@29 (line 267)
                      ; - org.eclipse.osgi.internal.framework.BundleContextImpl::dispatchEvent@156 (line 984)
  0x000002b392d05c90: ec8a 2307 

  0x000002b392d05c94: ;   {other}
  0x000002b392d05c94: 0f1f 8400 | 841d 0012 | 488b 9c24 | a800 0000 | 488b b424 | 9800 0000 | 4885 f675 

  0x000002b392d05cb0: ;   {metadata(method data for {method} {0x000002b3ea672620} 'dispatchEvent' '(Ljava/lang/Object;Ljava/lang/Object;ILjava/lang/Object;)V' in 'org/eclipse/osgi/internal/framework/BundleContextImpl')}
  0x000002b392d05cb0: 1648 bf00 | 407a eab3 | 0200 0080 | 8f61 0500 | 0001 e9cc 

  0x000002b392d05cc4: ;   {metadata('org/osgi/framework/BundleEvent')}
  0x000002b392d05cc4: 0000 0048 | b860 8c08 | a8b3 0200 | 008b 5608 | 49ba 0000 | 00a7 b302 | 0000 4903 | d248 3bc2 
  0x000002b392d05ce4: 0f85 8d00 

  0x000002b392d05ce8: ;   {metadata(method data for {method} {0x000002b3ea672620} 'dispatchEvent' '(Ljava/lang/Object;Ljava/lang/Object;ILjava/lang/Object;)V' in 'org/eclipse/osgi/internal/framework/BundleContextImpl')}
  0x000002b392d05ce8: 0000 48bf | 0040 7aea | b302 0000 | 8b46 0849 | ba00 0000 | a7b3 0200 | 0049 03c2 | 483b 8778 
  0x000002b392d05d08: 0500 0075 | 0d48 8387 | 8005 0000 | 01e9 7900 | 0000 483b | 8788 0500 | 0075 0d48 | 8387 9005 
  0x000002b392d05d28: 0000 01e9 | 6300 0000 | 4883 bf78 | 0500 0000 | 7517 4889 | 8778 0500 | 0048 c787 | 8005 0000 
  0x000002b392d05d48: 0100 0000 | e942 0000 | 0048 83bf | 8805 0000 | 0075 1748 | 8987 8805 | 0000 48c7 | 8790 0500 
  0x000002b392d05d68: 0001 0000 | 00e9 2100 | 0000 e91c 

  0x000002b392d05d74: ;   {metadata(method data for {method} {0x000002b3ea672620} 'dispatchEvent' '(Ljava/lang/Object;Ljava/lang/Object;ILjava/lang/Object;)V' in 'org/eclipse/osgi/internal/framework/BundleContextImpl')}
  0x000002b392d05d74: 0000 0048 | bf00 407a | eab3 0200 | 0048 83af | 6805 0000 | 01e9 4a3a | 0000 e900 | 0000 004c 
  0x000002b392d05d94: 8bc6 483b | 0348 8bd3 

  0x000002b392d05d9c: ;   {metadata(method data for {method} {0x000002b3ea672620} 'dispatchEvent' '(Ljava/lang/Object;Ljava/lang/Object;ILjava/lang/Object;)V' in 'org/eclipse/osgi/internal/framework/BundleContextImpl')}
  0x000002b392d05d9c: 48bf 0040 | 7aea b302 | 0000 8b52 | 0849 ba00 | 0000 a7b3 | 0200 0049 | 03d2 483b | 97b0 0500 
  0x000002b392d05dbc: 0075 0d48 | 8387 b805 | 0000 01e9 | 6000 0000 | 483b 97c0 | 0500 0075 | 0d48 8387 | c805 0000 
  0x000002b392d05ddc: 01e9 4a00 | 0000 4883 | bfb0 0500 | 0000 7517 | 4889 97b0 | 0500 0048 | c787 b805 | 0000 0100 
  0x000002b392d05dfc: 0000 e929 | 0000 0048 | 83bf c005 | 0000 0075 | 1748 8997 | c005 0000 | 48c7 87c8 | 0500 0001 
  0x000002b392d05e1c: 0000 00e9 | 0800 0000 | 4883 87a0 | 0500 0001 | 488b d366 | 0f1f 4400 | 0048 b8b0 | a70e eeb3 
  0x000002b392d05e3c: ;   {virtual_call}
  0x000002b392d05e3c: 0200 00e8 

  0x000002b392d05e40: ; ImmutableOopMap {[128]=Oop [152]=Oop [176]=Oop }
                      ;*invokeinterface bundleChanged {reexecute=0 rethrow=0 return_oop=0}
                      ; - org.eclipse.osgi.internal.framework.BundleContextImpl::dispatchEvent@166 (line 987)
  0x000002b392d05e40: 4c54 2f07 

  0x000002b392d05e44: ;   {other}
  0x000002b392d05e44: 0f1f 8400 | 341f 0013 

  0x000002b392d05e4c: ;   {metadata(method data for {method} {0x000002b3ea672620} 'dispatchEvent' '(Ljava/lang/Object;Ljava/lang/Object;ILjava/lang/Object;)V' in 'org/eclipse/osgi/internal/framework/BundleContextImpl')}
  0x000002b392d05e4c: 48ba 0040 | 7aea b302 | 0000 ff82 | d805 0000 | 488b 8424 | b000 0000 | e90c 2400 | 004c 8b8c 
  0x000002b392d05e6c: 2490 0000 | 004d 85c9 

  0x000002b392d05e74: ;   {metadata(method data for {method} {0x000002b3ea672620} 'dispatchEvent' '(Ljava/lang/Object;Ljava/lang/Object;ILjava/lang/Object;)V' in 'org/eclipse/osgi/internal/framework/BundleContextImpl')}
  0x000002b392d05e74: 7516 48bf | 0040 7aea | b302 0000 | 808f 8109 | 0000 01e9 | e900 0000 

  0x000002b392d05e8c: ;   {metadata('org/osgi/framework/FrameworkListener')}
  0x000002b392d05e8c: 48b8 9890 | 08a8 b302 | 0000 418b | 7908 49ba | 0000 00a7 | b302 0000 | 4903 fa48 | 3b47 200f 
  0x000002b392d05eac: 841a 0000 | 0048 3bf8 | 0f84 1100 | 0000 5750 

  0x000002b392d05ebc: ;   {runtime_call slow_subtype_check Runtime1 stub}
  0x000002b392d05ebc: e8bf a02e | 075f 5f85 | ff0f 848e 

  0x000002b392d05ec8: ;   {metadata(method data for {method} {0x000002b3ea672620} 'dispatchEvent' '(Ljava/lang/Object;Ljava/lang/Object;ILjava/lang/Object;)V' in 'org/eclipse/osgi/internal/framework/BundleContextImpl')}
  0x000002b392d05ec8: 0000 0048 | bf00 407a | eab3 0200 | 0041 8b41 | 0849 ba00 | 0000 a7b3 | 0200 0049 | 03c2 483b 
  0x000002b392d05ee8: 8798 0900 | 0075 0d48 | 8387 a009 | 0000 01e9 | 7900 0000 | 483b 87a8 | 0900 0075 | 0d48 8387 
  0x000002b392d05f08: b009 0000 | 01e9 6300 | 0000 4883 | bf98 0900 | 0000 7517 | 4889 8798 | 0900 0048 | c787 a009 
  0x000002b392d05f28: 0000 0100 | 0000 e942 | 0000 0048 | 83bf a809 | 0000 0075 | 1748 8987 | a809 0000 | 48c7 87b0 
  0x000002b392d05f48: 0900 0001 | 0000 00e9 | 2100 0000 | e91c 0000 

  0x000002b392d05f58: ;   {metadata(method data for {method} {0x000002b3ea672620} 'dispatchEvent' '(Ljava/lang/Object;Ljava/lang/Object;ILjava/lang/Object;)V' in 'org/eclipse/osgi/internal/framework/BundleContextImpl')}
  0x000002b392d05f58: 0048 bf00 | 407a eab3 | 0200 0048 | 83af 8809 | 0000 01e9 | 7638 0000 | e900 0000 | 0049 8bd9 
  0x000002b392d05f78: 8b72 180f | be76 1385 

  0x000002b392d05f80: ;   {metadata(method data for {method} {0x000002b3ea672620} 'dispatchEvent' '(Ljava/lang/Object;Ljava/lang/Object;ILjava/lang/Object;)V' in 'org/eclipse/osgi/internal/framework/BundleContextImpl')}
  0x000002b392d05f80: f648 be00 | 407a eab3 | 0200 0048 | c7c7 c009 | 0000 7407 | 48c7 c7d0 | 0900 0048 | 8b04 3e48 
  0x000002b392d05fa0: 8d40 0148 | 8904 3e0f | 84ef 0e00 | 0066 6690 

  0x000002b392d05fb0: ;   {no_reloc}
  0x000002b392d05fb0: e94e 3800 | 0000 0000 | 0000 498b | 87b8 0100 | 0048 8d78 | 1849 3bbf | c801 0000 | 0f87 3b38 
  0x000002b392d05fd0: 0000 4989 | bfb8 0100 | 0048 c700 | 0100 0000 | 488b ca49 | ba00 0000 | a7b3 0200 | 0049 2bca 
  0x000002b392d05ff0: 8948 0848 | 33c9 8948 | 0c48 33c9 | 4889 4810 | 4889 8424 | d800 0000 

  0x000002b392d06008: ; implicit exception: dispatches to 0x000002b392d0981a
  0x000002b392d06008: 483b 0348 

  0x000002b392d0600c: ;   {metadata(method data for {method} {0x000002b3ea672620} 'dispatchEvent' '(Ljava/lang/Object;Ljava/lang/Object;ILjava/lang/Object;)V' in 'org/eclipse/osgi/internal/framework/BundleContextImpl')}
  0x000002b392d0600c: 8bd3 48be | 0040 7aea | b302 0000 | 4883 86e0 | 0900 0001 | 8b53 0849 | ba00 0000 | a7b3 0200 
  0x000002b392d0602c: 0049 03d2 | 488b 5270 | 488b 1248 | 3b02 488b 

  0x000002b392d0603c: ;   {metadata(method data for {method} {0x000002b3ea672620} 'dispatchEvent' '(Ljava/lang/Object;Ljava/lang/Object;ILjava/lang/Object;)V' in 'org/eclipse/osgi/internal/framework/BundleContextImpl')}
  0x000002b392d0603c: f248 bf00 | 407a eab3 | 0200 0048 | 8387 180a 

  0x000002b392d0604c: ;   {metadata(method data for {method} {0x000002b3a7469ad8} 'getName' '()Ljava/lang/String;' in 'java/lang/Class')}
  0x000002b392d0604c: 0000 0148 | be48 5f05 | eab3 0200 | 008b becc | 0000 0083 | c702 89be | cc00 0000 | 81e7 feff 
  0x000002b392d0606c: 1f00 85ff | 0f84 ae37 | 0000 8b72 | 2c48 85f6 

  0x000002b392d0607c: ;   {metadata(method data for {method} {0x000002b3a7469ad8} 'getName' '()Ljava/lang/String;' in 'java/lang/Class')}
  0x000002b392d0607c: 48bf 485f | 05ea b302 | 0000 48c7 | c110 0100 | 0074 0748 | c7c1 2001 | 0000 4c8b | 0c0f 4d8d 
  0x000002b392d0609c: 4901 4c89 | 0c0f 0f84 | 1d00 0000 

  0x000002b392d060a8: ;   {metadata(method data for {method} {0x000002b3a7469ad8} 'getName' '()Ljava/lang/String;' in 'java/lang/Class')}
  0x000002b392d060a8: 48ba 485f | 05ea b302 | 0000 ff82 | 3001 0000 | 4889 9c24 | e000 0000 | e932 0000 | 0048 899c 
  0x000002b392d060c8: 24e0 0000 | 0048 8bfa 

  0x000002b392d060d0: ;   {metadata(method data for {method} {0x000002b3a7469ad8} 'getName' '()Ljava/lang/String;' in 'java/lang/Class')}
  0x000002b392d060d0: 48b9 485f | 05ea b302 | 0000 4883 | 8148 0100 | 0001 0f1f 

  0x000002b392d060e4: ;   {optimized virtual_call}
  0x000002b392d060e4: 4400 00e8 

  0x000002b392d060e8: ; ImmutableOopMap {[128]=Oop [152]=Oop [176]=Oop [216]=Oop [224]=Oop }
                      ;*invokevirtual initClassName {reexecute=0 rethrow=0 return_oop=0}
                      ; - java.lang.Class::getName@14
                      ; - org.eclipse.osgi.internal.framework.BundleContextImpl::dispatchEvent@321 (line 1008)
  0x000002b392d060e8: 9486 2307 

  0x000002b392d060ec: ;   {other}
  0x000002b392d060ec: 0f1f 8400 | dc21 0014 

  0x000002b392d060f4: ;   {metadata(method data for {method} {0x000002b3ea672620} 'dispatchEvent' '(Ljava/lang/Object;Ljava/lang/Object;ILjava/lang/Object;)V' in 'org/eclipse/osgi/internal/framework/BundleContextImpl')}
  0x000002b392d060f4: 488b f048 | ba00 407a | eab3 0200 | 0048 8382 | 500a 0000 

  0x000002b392d06108: ;   {metadata(method data for {method} {0x000002b3a7455280} 'valueOf' '(Ljava/lang/Object;)Ljava/lang/String;' in 'java/lang/String')}
  0x000002b392d06108: 0148 ba00 | 050f eab3 | 0200 008b | bacc 0000 | 0083 c702 | 89ba cc00 | 0000 81e7 | feff 1f00 
  0x000002b392d06128: 85ff 0f84 | 1537 0000 

  0x000002b392d06130: ;   {metadata(method data for {method} {0x000002b3a7455280} 'valueOf' '(Ljava/lang/Object;)Ljava/lang/String;' in 'java/lang/String')}
  0x000002b392d06130: 4885 f648 | ba00 050f | eab3 0200 | 0048 c7c7 | 1001 0000 | 7507 48c7 | c720 0100 | 0048 8b1c 
  0x000002b392d06150: 3a48 8d5b | 0148 891c | 3a0f 851f 

  0x000002b392d0615c: ;   {metadata(method data for {method} {0x000002b3a7455280} 'valueOf' '(Ljava/lang/Object;)Ljava/lang/String;' in 'java/lang/String')}
  0x000002b392d0615c: 0000 0048 | ba00 050f | eab3 0200 | 00ff 8230 

  0x000002b392d0616c: ;   {oop("null"{0x0000000080000498})}
  0x000002b392d0616c: 0100 0048 | be98 0400 | 8000 0000 | 00e9 b900 | 0000 483b | 0648 8bd6 

  0x000002b392d06184: ;   {metadata(method data for {method} {0x000002b3a7455280} 'valueOf' '(Ljava/lang/Object;)Ljava/lang/String;' in 'java/lang/String')}
  0x000002b392d06184: 48bf 0005 | 0fea b302 | 0000 8b52 | 0849 ba00 | 0000 a7b3 | 0200 0049 | 03d2 483b | 9758 0100 
  0x000002b392d061a4: 0075 0d48 | 8387 6001 | 0000 01e9 | 6000 0000 | 483b 9768 | 0100 0075 | 0d48 8387 | 7001 0000 
  0x000002b392d061c4: 01e9 4a00 | 0000 4883 | bf58 0100 | 0000 7517 | 4889 9758 | 0100 0048 | c787 6001 | 0000 0100 
  0x000002b392d061e4: 0000 e929 | 0000 0048 | 83bf 6801 | 0000 0075 | 1748 8997 | 6801 0000 | 48c7 8770 | 0100 0001 
  0x000002b392d06204: 0000 00e9 | 0800 0000 | 4883 8748 | 0100 0001 | 488b d666 | 0f1f 4400 | 0048 b8ff | ffff ffff 
  0x000002b392d06224: ;   {virtual_call}
  0x000002b392d06224: ffff ffe8 

  0x000002b392d06228: ; ImmutableOopMap {[128]=Oop [152]=Oop [176]=Oop [216]=Oop [224]=Oop }
                      ;*invokevirtual toString {reexecute=0 rethrow=0 return_oop=0}
                      ; - java.lang.String::valueOf@11
                      ; - org.eclipse.osgi.internal.framework.BundleContextImpl::dispatchEvent@324 (line 1008)
  0x000002b392d06228: 5488 2307 

  0x000002b392d0622c: ;   {other}
  0x000002b392d0622c: 0f1f 8400 | 1c23 0015 | 488b f048 | 8b84 24d8 | 0000 004c 

  0x000002b392d06240: ;   {metadata(method data for {method} {0x000002b3ea672620} 'dispatchEvent' '(Ljava/lang/Object;Ljava/lang/Object;ILjava/lang/Object;)V' in 'org/eclipse/osgi/internal/framework/BundleContextImpl')}
  0x000002b392d06240: 8bc0 48bf | 0040 7aea | b302 0000 | 4883 8760 | 0a00 0001 

  0x000002b392d06254: ;   {metadata(method data for {method} {0x000002b3a7461da8} '<init>' '(Ljava/lang/String;)V' in 'java/lang/StringBuilder')}
  0x000002b392d06254: 49b8 f020 | 30ea b302 | 0000 418b | b8cc 0000 | 0083 c702 | 4189 b8cc | 0000 0081 | e7fe ff1f 
  0x000002b392d06274: 0085 ff0f | 84ee 3500 | 004c 8bc0 

  0x000002b392d06280: ;   {metadata(method data for {method} {0x000002b3a7461da8} '<init>' '(Ljava/lang/String;)V' in 'java/lang/StringBuilder')}
  0x000002b392d06280: 48bf f020 | 30ea b302 | 0000 4883 | 8710 0100 | 0001 4c8b | c648 8bd0 | 0f1f 8000 

  0x000002b392d0629c: ;   {optimized virtual_call}
  0x000002b392d0629c: 0000 00e8 

  0x000002b392d062a0: ; ImmutableOopMap {[128]=Oop [152]=Oop [176]=Oop [216]=Oop [224]=Oop }
                      ;*invokespecial <init> {reexecute=0 rethrow=0 return_oop=0}
                      ; - java.lang.StringBuilder::<init>@2
                      ; - org.eclipse.osgi.internal.framework.BundleContextImpl::dispatchEvent@327 (line 1008)
  0x000002b392d062a0: dc84 2307 

  0x000002b392d062a4: ;   {other}
  0x000002b392d062a4: 0f1f 8400 | 9423 0016 | 488b 8424 | d800 0000 

  0x000002b392d062b4: ;   {metadata(method data for {method} {0x000002b3ea672620} 'dispatchEvent' '(Ljava/lang/Object;Ljava/lang/Object;ILjava/lang/Object;)V' in 'org/eclipse/osgi/internal/framework/BundleContextImpl')}
  0x000002b392d062b4: 49b8 0040 | 7aea b302 | 0000 4983 | 8070 0a00 

  0x000002b392d062c4: ;   {metadata(method data for {method} {0x000002b3a7461ae8} 'append' '(Ljava/lang/String;)Ljava/lang/StringBuilder;' in 'java/lang/StringBuilder')}
  0x000002b392d062c4: 0001 49b8 | 00b2 00ea | b302 0000 | 418b 90cc | 0000 0083 | c202 4189 | 90cc 0000 | 0081 e2fe 
  0x000002b392d062e4: ff1f 0085 | d20f 849d | 3500 0048 | 8b84 24d8 

  0x000002b392d062f4: ;   {metadata(method data for {method} {0x000002b3a7461ae8} 'append' '(Ljava/lang/String;)Ljava/lang/StringBuilder;' in 'java/lang/StringBuilder')}
  0x000002b392d062f4: 0000 0049 | b800 b200 | eab3 0200 | 0049 8380 | 1001 0000 

  0x000002b392d06308: ;   {oop("@"{0x0000000080000000})}
  0x000002b392d06308: 0149 b800 | 0000 8000 | 0000 0048 | 8b94 24d8 | 0000 000f 

  0x000002b392d0631c: ;   {optimized virtual_call}
  0x000002b392d0631c: 1f40 00e8 

  0x000002b392d06320: ; ImmutableOopMap {[128]=Oop [152]=Oop [176]=Oop [216]=Oop [224]=Oop }
                      ;*invokespecial append {reexecute=0 rethrow=0 return_oop=0}
                      ; - java.lang.StringBuilder::append@2
                      ; - org.eclipse.osgi.internal.framework.BundleContextImpl::dispatchEvent@333 (line 1008)
  0x000002b392d06320: 5c84 2307 

  0x000002b392d06324: ;   {other}
  0x000002b392d06324: 0f1f 8400 | 1424 0017 

  0x000002b392d0632c: ;   {metadata(method data for {method} {0x000002b3ea672620} 'dispatchEvent' '(Ljava/lang/Object;Ljava/lang/Object;ILjava/lang/Object;)V' in 'org/eclipse/osgi/internal/framework/BundleContextImpl')}
  0x000002b392d0632c: 48ba 0040 | 7aea b302 | 0000 4883 | 82a8 0a00 | 0001 488b | 9424 e000 

  0x000002b392d06344: ;   {static_call}
  0x000002b392d06344: 0000 90e8 

  0x000002b392d06348: ; ImmutableOopMap {[128]=Oop [152]=Oop [176]=Oop [216]=Oop [224]=Oop }
                      ;*invokestatic identityHashCode {reexecute=0 rethrow=0 return_oop=0}
                      ; - org.eclipse.osgi.internal.framework.BundleContextImpl::dispatchEvent@338 (line 1009)
  0x000002b392d06348: 348a 2307 

  0x000002b392d0634c: ;   {other}
  0x000002b392d0634c: 0f1f 8400 | 3c24 0018 

  0x000002b392d06354: ;   {metadata(method data for {method} {0x000002b3ea672620} 'dispatchEvent' '(Ljava/lang/Object;Ljava/lang/Object;ILjava/lang/Object;)V' in 'org/eclipse/osgi/internal/framework/BundleContextImpl')}
  0x000002b392d06354: 48ba 0040 | 7aea b302 | 0000 4883 | 82b8 0a00 

  0x000002b392d06364: ;   {metadata(method data for {method} {0x000002b3a7416620} 'toHexString' '(I)Ljava/lang/String;' in 'java/lang/Integer')}
  0x000002b392d06364: 0001 48ba | e885 2fea | b302 0000 | 448b 82cc | 0000 0041 | 83c0 0244 | 8982 cc00 | 0000 4181 
  0x000002b392d06384: e0fe ff1f | 0045 85c0 | 0f84 1b35 

  0x000002b392d06390: ;   {metadata(method data for {method} {0x000002b3a7416620} 'toHexString' '(I)Ljava/lang/String;' in 'java/lang/Integer')}
  0x000002b392d06390: 0000 48ba | e885 2fea | b302 0000 | 4883 8210 | 0100 0001 | 488b d041 | b804 0000 

  0x000002b392d063ac: ;   {static_call}
  0x000002b392d063ac: 0066 90e8 

  0x000002b392d063b0: ; ImmutableOopMap {[128]=Oop [152]=Oop [176]=Oop [216]=Oop [224]=Oop }
                      ;*invokestatic toUnsignedString0 {reexecute=0 rethrow=0 return_oop=0}
                      ; - java.lang.Integer::toHexString@2
                      ; - org.eclipse.osgi.internal.framework.BundleContextImpl::dispatchEvent@341 (line 1009)
  0x000002b392d063b0: cc89 2307 

  0x000002b392d063b4: ;   {other}
  0x000002b392d063b4: 0f1f 8400 | a424 0019 | 4c8b 8424 | d800 0000 

  0x000002b392d063c4: ;   {metadata(method data for {method} {0x000002b3ea672620} 'dispatchEvent' '(Ljava/lang/Object;Ljava/lang/Object;ILjava/lang/Object;)V' in 'org/eclipse/osgi/internal/framework/BundleContextImpl')}
  0x000002b392d063c4: 48ba 0040 | 7aea b302 | 0000 4883 | 82c8 0a00 

  0x000002b392d063d4: ;   {metadata(method data for {method} {0x000002b3a7461ae8} 'append' '(Ljava/lang/String;)Ljava/lang/StringBuilder;' in 'java/lang/StringBuilder')}
  0x000002b392d063d4: 0001 49b8 | 00b2 00ea | b302 0000 | 418b 90cc | 0000 0083 | c202 4189 | 90cc 0000 | 0081 e2fe 
  0x000002b392d063f4: ff1f 0085 | d20f 84cf | 3400 004c | 8b84 24d8 

  0x000002b392d06404: ;   {metadata(method data for {method} {0x000002b3a7461ae8} 'append' '(Ljava/lang/String;)Ljava/lang/StringBuilder;' in 'java/lang/StringBuilder')}
  0x000002b392d06404: 0000 0048 | ba00 b200 | eab3 0200 | 0048 8382 | 1001 0000 | 014c 8bc0 | 488b 9424 | d800 0000 
  0x000002b392d06424: ;   {optimized virtual_call}
  0x000002b392d06424: 6666 90e8 

  0x000002b392d06428: ; ImmutableOopMap {[128]=Oop [152]=Oop [176]=Oop [216]=Oop [224]=Oop }
                      ;*invokespecial append {reexecute=0 rethrow=0 return_oop=0}
                      ; - java.lang.StringBuilder::append@2
                      ; - org.eclipse.osgi.internal.framework.BundleContextImpl::dispatchEvent@344 (line 1009)
  0x000002b392d06428: 5483 2307 

  0x000002b392d0642c: ;   {other}
  0x000002b392d0642c: 0f1f 8400 | 1c25 001a | 488b 8424 | d800 0000 

  0x000002b392d0643c: ;   {metadata(method data for {method} {0x000002b3ea672620} 'dispatchEvent' '(Ljava/lang/Object;Ljava/lang/Object;ILjava/lang/Object;)V' in 'org/eclipse/osgi/internal/framework/BundleContextImpl')}
  0x000002b392d0643c: 48ba 0040 | 7aea b302 | 0000 4883 | 8200 0b00 

  0x000002b392d0644c: ;   {metadata(method data for {method} {0x000002b3a7008958} 'toString' '()Ljava/lang/String;' in 'java/lang/StringBuilder')}
  0x000002b392d0644c: 0001 48ba | 58b9 00ea | b302 0000 | 8bb2 cc00 | 0000 83c6 | 0289 b2cc | 0000 0081 | e6fe ff1f 
  0x000002b392d0646c: 0085 f60f | 847a 3400 

  0x000002b392d06474: ;   {metadata('java/lang/String')}
  0x000002b392d06474: 0048 ba78 | e800 a7b3 | 0200 0049 | 8b87 b801 | 0000 488d | 7818 493b | bfc8 0100 | 000f 8779 
  0x000002b392d06494: 3400 0049 | 89bf b801 | 0000 48c7 | 0001 0000 | 0048 8bca | 49ba 0000 | 00a7 b302 | 0000 492b 
  0x000002b392d064b4: ca89 4808 | 4833 c989 | 480c 4833 | c948 8948 | 1048 8984 | 24e8 0000 | 004c 8bc0 

  0x000002b392d064d0: ;   {metadata(method data for {method} {0x000002b3a7008958} 'toString' '()Ljava/lang/String;' in 'java/lang/StringBuilder')}
  0x000002b392d064d0: 49b9 58b9 | 00ea b302 | 0000 4983 | 8110 0100 

  0x000002b392d064e0: ;   {metadata(method data for {method} {0x000002b3a7455dd8} '<init>' '(Ljava/lang/StringBuilder;)V' in 'java/lang/String')}
  0x000002b392d064e0: 0001 49b8 | d0ba 00ea | b302 0000 | 458b 88cc | 0000 0041 | 83c1 0245 | 8988 cc00 | 0000 4181 
  0x000002b392d06500: e1fe ff1f | 0045 85c9 | 0f84 0f34 | 0000 4c8b 

  0x000002b392d06510: ;   {metadata(method data for {method} {0x000002b3a7455dd8} '<init>' '(Ljava/lang/StringBuilder;)V' in 'java/lang/String')}
  0x000002b392d06510: c049 b9d0 | ba00 eab3 | 0200 0049 | 8381 1001 | 0000 014c | 8b84 24d8 

  0x000002b392d06528: ;   {oop(nullptr)}
  0x000002b392d06528: 0000 0049 | b900 0000 | 0000 0000 | 0048 8bd0 | 0f1f 8000 

  0x000002b392d0653c: ;   {optimized virtual_call}
  0x000002b392d0653c: 0000 00e8 

  0x000002b392d06540: ; ImmutableOopMap {[128]=Oop [152]=Oop [176]=Oop [224]=Oop [232]=Oop }
                      ;*invokespecial <init> {reexecute=0 rethrow=0 return_oop=0}
                      ; - java.lang.String::<init>@3
                      ; - java.lang.StringBuilder::toString@5
                      ; - org.eclipse.osgi.internal.framework.BundleContextImpl::dispatchEvent@347 (line 1008)
  0x000002b392d06540: 3c82 2307 

  0x000002b392d06544: ;   {other}
  0x000002b392d06544: 0f1f 8400 | 3426 001b | 488b 9424 | 8000 0000 | 8b5a 1848 | 899c 24f8 | 0000 0090 

  0x000002b392d06560: ;   {no_reloc}
  0x000002b392d06560: e9e8 3300 | 0000 0000 | 0000 498b | 87b8 0100 | 0048 8d78 | 1849 3bbf | c801 0000 | 0f87 d533 
  0x000002b392d06580: 0000 4989 | bfb8 0100 | 0048 c700 | 0100 0000 | 488b ca49 | ba00 0000 | a7b3 0200 | 0049 2bca 
  0x000002b392d065a0: 8948 0848 | 33c9 8948 | 0c48 33c9 | 4889 4810 | 4889 8424 | f000 0000 

  0x000002b392d065b8: ;   {metadata(method data for {method} {0x000002b3ea672620} 'dispatchEvent' '(Ljava/lang/Object;Ljava/lang/Object;ILjava/lang/Object;)V' in 'org/eclipse/osgi/internal/framework/BundleContextImpl')}
  0x000002b392d065b8: 4c8b c048 | ba00 407a | eab3 0200 | 0048 8382 | 380b 0000 

  0x000002b392d065cc: ;   {metadata(method data for {method} {0x000002b3a7461da8} '<init>' '(Ljava/lang/String;)V' in 'java/lang/StringBuilder')}
  0x000002b392d065cc: 0149 b8f0 | 2030 eab3 | 0200 0041 | 8b90 cc00 | 0000 83c2 | 0241 8990 | cc00 0000 | 81e2 feff 
  0x000002b392d065ec: 1f00 85d2 | 0f84 6e33 | 0000 4c8b 

  0x000002b392d065f8: ;   {metadata(method data for {method} {0x000002b3a7461da8} '<init>' '(Ljava/lang/String;)V' in 'java/lang/StringBuilder')}
  0x000002b392d065f8: c048 baf0 | 2030 eab3 | 0200 0048 | 8382 1001 

  0x000002b392d06608: ;   {oop("dispatchFrameworkEvent["{0x0000000080120ef0})}
  0x000002b392d06608: 0000 0149 | b8f0 0e12 | 8000 0000 | 0048 8bd0 | 0f1f 8000 

  0x000002b392d0661c: ;   {optimized virtual_call}
  0x000002b392d0661c: 0000 00e8 

  0x000002b392d06620: ; ImmutableOopMap {[128]=Oop [152]=Oop [176]=Oop [224]=Oop [232]=Oop [240]=Oop [248]=Oop }
                      ;*invokespecial <init> {reexecute=0 rethrow=0 return_oop=0}
                      ; - java.lang.StringBuilder::<init>@2
                      ; - org.eclipse.osgi.internal.framework.BundleContextImpl::dispatchEvent@366 (line 1011)
  0x000002b392d06620: 5c81 2307 

  0x000002b392d06624: ;   {other}
  0x000002b392d06624: 0f1f 8400 | 1427 001c | 488b 9424 | 8000 0000 | 8b72 1048 | 8b84 24f0 

  0x000002b392d0663c: ;   {metadata(method data for {method} {0x000002b3ea672620} 'dispatchEvent' '(Ljava/lang/Object;Ljava/lang/Object;ILjava/lang/Object;)V' in 'org/eclipse/osgi/internal/framework/BundleContextImpl')}
  0x000002b392d0663c: 0000 0048 | bf00 407a | eab3 0200 | 0048 8387 | 480b 0000 

  0x000002b392d06650: ;   {metadata(method data for {method} {0x000002b3a7461b40} 'append' '(Ljava/lang/Object;)Ljava/lang/StringBuilder;' in 'java/lang/StringBuilder')}
  0x000002b392d06650: 0148 bf60 | 030f eab3 | 0200 008b | 9fcc 0000 | 0083 c302 | 899f cc00 | 0000 81e3 | feff 1f00 
  0x000002b392d06670: 85db 0f84 | 0d33 0000 

  0x000002b392d06678: ;   {metadata(method data for {method} {0x000002b3a7461b40} 'append' '(Ljava/lang/Object;)Ljava/lang/StringBuilder;' in 'java/lang/StringBuilder')}
  0x000002b392d06678: 48bf 6003 | 0fea b302 | 0000 4883 | 8710 0100 

  0x000002b392d06688: ;   {metadata(method data for {method} {0x000002b3a7455280} 'valueOf' '(Ljava/lang/Object;)Ljava/lang/String;' in 'java/lang/String')}
  0x000002b392d06688: 0001 48bf | 0005 0fea | b302 0000 | 8b9f cc00 | 0000 83c3 | 0289 9fcc | 0000 0081 | e3fe ff1f 
  0x000002b392d066a8: 0085 db0f | 84f5 3200 | 0048 85f6 

  0x000002b392d066b4: ;   {metadata(method data for {method} {0x000002b3a7455280} 'valueOf' '(Ljava/lang/Object;)Ljava/lang/String;' in 'java/lang/String')}
  0x000002b392d066b4: 48bf 0005 | 0fea b302 | 0000 48c7 | c310 0100 | 0075 0748 | c7c3 2001 | 0000 488b | 041f 488d 
  0x000002b392d066d4: 4001 4889 | 041f 0f85 | 1f00 0000 

  0x000002b392d066e0: ;   {metadata(method data for {method} {0x000002b3a7455280} 'valueOf' '(Ljava/lang/Object;)Ljava/lang/String;' in 'java/lang/String')}
  0x000002b392d066e0: 48be 0005 | 0fea b302 | 0000 ff86 | 3001 0000 

  0x000002b392d066f0: ;   {oop("null"{0x0000000080000498})}
  0x000002b392d066f0: 48be 9804 | 0080 0000 | 0000 e9b0 | 0000 0048 | 3b06 488b 

  0x000002b392d06704: ;   {metadata(method data for {method} {0x000002b3a7455280} 'valueOf' '(Ljava/lang/Object;)Ljava/lang/String;' in 'java/lang/String')}
  0x000002b392d06704: fe48 bb00 | 050f eab3 | 0200 008b | 7f08 49ba | 0000 00a7 | b302 0000 | 4903 fa48 | 3bbb 5801 
  0x000002b392d06724: 0000 750d | 4883 8360 | 0100 0001 | e960 0000 | 0048 3bbb | 6801 0000 | 750d 4883 | 8370 0100 
  0x000002b392d06744: 0001 e94a | 0000 0048 | 83bb 5801 | 0000 0075 | 1748 89bb | 5801 0000 | 48c7 8360 | 0100 0001 
  0x000002b392d06764: 0000 00e9 | 2900 0000 | 4883 bb68 | 0100 0000 | 7517 4889 | bb68 0100 | 0048 c783 | 7001 0000 
  0x000002b392d06784: 0100 0000 | e908 0000 | 0048 8383 | 4801 0000 | 0148 8bd6 | 0f1f 8000 

  0x000002b392d0679c: ;   {optimized virtual_call}
  0x000002b392d0679c: 0000 00e8 

  0x000002b392d067a0: ; ImmutableOopMap {[128]=Oop [152]=Oop [176]=Oop [224]=Oop [232]=Oop [240]=Oop [248]=Oop }
                      ;*invokevirtual toString {reexecute=0 rethrow=0 return_oop=0}
                      ; - java.lang.String::valueOf@11
                      ; - java.lang.StringBuilder::append@2
                      ; - org.eclipse.osgi.internal.framework.BundleContextImpl::dispatchEvent@373 (line 1011)
  0x000002b392d067a0: dc7f 2307 

  0x000002b392d067a4: ;   {other}
  0x000002b392d067a4: 0f1f 8400 | 9428 001d | 488b f048 | 8b84 24f0 

  0x000002b392d067b4: ;   {metadata(method data for {method} {0x000002b3a7461b40} 'append' '(Ljava/lang/Object;)Ljava/lang/StringBuilder;' in 'java/lang/StringBuilder')}
  0x000002b392d067b4: 0000 0049 | b860 030f | eab3 0200 | 0049 8380 | 2001 0000 

  0x000002b392d067c8: ;   {metadata(method data for {method} {0x000002b3a7461ae8} 'append' '(Ljava/lang/String;)Ljava/lang/StringBuilder;' in 'java/lang/StringBuilder')}
  0x000002b392d067c8: 0149 b800 | b200 eab3 | 0200 0041 | 8b90 cc00 | 0000 83c2 | 0241 8990 | cc00 0000 | 81e2 feff 
  0x000002b392d067e8: 1f00 85d2 | 0f84 da31 | 0000 488b | 8424 f000 

  0x000002b392d067f8: ;   {metadata(method data for {method} {0x000002b3a7461ae8} 'append' '(Ljava/lang/String;)Ljava/lang/StringBuilder;' in 'java/lang/StringBuilder')}
  0x000002b392d067f8: 0000 49b8 | 00b2 00ea | b302 0000 | 4983 8010 | 0100 0001 | 4c8b c648 | 8b94 24f0 

  0x000002b392d06814: ;   {optimized virtual_call}
  0x000002b392d06814: 0000 00e8 

  0x000002b392d06818: ; ImmutableOopMap {[128]=Oop [152]=Oop [176]=Oop [224]=Oop [232]=Oop [240]=Oop [248]=Oop }
                      ;*invokespecial append {reexecute=0 rethrow=0 return_oop=0}
                      ; - java.lang.StringBuilder::append@2
                      ; - java.lang.StringBuilder::append@5
                      ; - org.eclipse.osgi.internal.framework.BundleContextImpl::dispatchEvent@373 (line 1011)
  0x000002b392d06818: 647f 2307 

  0x000002b392d0681c: ;   {other}
  0x000002b392d0681c: 0f1f 8400 | 0c29 001e | 488b 8424 | f000 0000 

  0x000002b392d0682c: ;   {metadata(method data for {method} {0x000002b3ea672620} 'dispatchEvent' '(Ljava/lang/Object;Ljava/lang/Object;ILjava/lang/Object;)V' in 'org/eclipse/osgi/internal/framework/BundleContextImpl')}
  0x000002b392d0682c: 4c8b c048 | ba00 407a | eab3 0200 | 0048 8382 | 800b 0000 

  0x000002b392d06840: ;   {metadata(method data for {method} {0x000002b3a7461ae8} 'append' '(Ljava/lang/String;)Ljava/lang/StringBuilder;' in 'java/lang/StringBuilder')}
  0x000002b392d06840: 0149 b800 | b200 eab3 | 0200 0041 | 8b90 cc00 | 0000 83c2 | 0241 8990 | cc00 0000 | 81e2 feff 
  0x000002b392d06860: 1f00 85d2 | 0f84 8331 | 0000 4c8b 

  0x000002b392d0686c: ;   {metadata(method data for {method} {0x000002b3a7461ae8} 'append' '(Ljava/lang/String;)Ljava/lang/StringBuilder;' in 'java/lang/StringBuilder')}
  0x000002b392d0686c: c048 ba00 | b200 eab3 | 0200 0048 | 8382 1001 

  0x000002b392d0687c: ;   {oop("]("{0x0000000080120ed8})}
  0x000002b392d0687c: 0000 0149 | b8d8 0e12 | 8000 0000 | 0048 8bd0 

  0x000002b392d0688c: ;   {optimized virtual_call}
  0x000002b392d0688c: 6666 90e8 

  0x000002b392d06890: ; ImmutableOopMap {[128]=Oop [152]=Oop [176]=Oop [224]=Oop [232]=Oop [240]=Oop [248]=Oop }
                      ;*invokespecial append {reexecute=0 rethrow=0 return_oop=0}
                      ; - java.lang.StringBuilder::append@2
                      ; - org.eclipse.osgi.internal.framework.BundleContextImpl::dispatchEvent@379 (line 1011)
  0x000002b392d06890: ec7e 2307 

  0x000002b392d06894: ;   {other}
  0x000002b392d06894: 0f1f 8400 | 8429 001f | 488b 8424 | f000 0000 

  0x000002b392d068a4: ;   {metadata(method data for {method} {0x000002b3ea672620} 'dispatchEvent' '(Ljava/lang/Object;Ljava/lang/Object;ILjava/lang/Object;)V' in 'org/eclipse/osgi/internal/framework/BundleContextImpl')}
  0x000002b392d068a4: 49b8 0040 | 7aea b302 | 0000 4983 | 80b8 0b00 

  0x000002b392d068b4: ;   {metadata(method data for {method} {0x000002b3a7461ae8} 'append' '(Ljava/lang/String;)Ljava/lang/StringBuilder;' in 'java/lang/StringBuilder')}
  0x000002b392d068b4: 0001 49b8 | 00b2 00ea | b302 0000 | 418b 90cc | 0000 0083 | c202 4189 | 90cc 0000 | 0081 e2fe 
  0x000002b392d068d4: ff1f 0085 | d20f 842f | 3100 0048 | 8b84 24f0 

  0x000002b392d068e4: ;   {metadata(method data for {method} {0x000002b3a7461ae8} 'append' '(Ljava/lang/String;)Ljava/lang/StringBuilder;' in 'java/lang/StringBuilder')}
  0x000002b392d068e4: 0000 0049 | b800 b200 | eab3 0200 | 0049 8380 | 1001 0000 | 014c 8b84 | 24e8 0000 | 0048 8b94 
  0x000002b392d06904: 24f0 0000 | 0066 0f1f 

  0x000002b392d0690c: ;   {optimized virtual_call}
  0x000002b392d0690c: 4400 00e8 

  0x000002b392d06910: ; ImmutableOopMap {[128]=Oop [152]=Oop [176]=Oop [224]=Oop [240]=Oop [248]=Oop }
                      ;*invokespecial append {reexecute=0 rethrow=0 return_oop=0}
                      ; - java.lang.StringBuilder::append@2
                      ; - org.eclipse.osgi.internal.framework.BundleContextImpl::dispatchEvent@384 (line 1011)
  0x000002b392d06910: 6c7e 2307 

  0x000002b392d06914: ;   {other}
  0x000002b392d06914: 0f1f 8400 | 042a 0020 | 488b 8424 | f000 0000 

  0x000002b392d06924: ;   {metadata(method data for {method} {0x000002b3ea672620} 'dispatchEvent' '(Ljava/lang/Object;Ljava/lang/Object;ILjava/lang/Object;)V' in 'org/eclipse/osgi/internal/framework/BundleContextImpl')}
  0x000002b392d06924: 49b8 0040 | 7aea b302 | 0000 4983 | 80f0 0b00 

  0x000002b392d06934: ;   {metadata(method data for {method} {0x000002b3a7461ae8} 'append' '(Ljava/lang/String;)Ljava/lang/StringBuilder;' in 'java/lang/StringBuilder')}
  0x000002b392d06934: 0001 49b8 | 00b2 00ea | b302 0000 | 418b 90cc | 0000 0083 | c202 4189 | 90cc 0000 | 0081 e2fe 
  0x000002b392d06954: ff1f 0085 | d20f 84d0 | 3000 0048 | 8b84 24f0 

  0x000002b392d06964: ;   {metadata(method data for {method} {0x000002b3a7461ae8} 'append' '(Ljava/lang/String;)Ljava/lang/StringBuilder;' in 'java/lang/StringBuilder')}
  0x000002b392d06964: 0000 0049 | b800 b200 | eab3 0200 | 0049 8380 | 1001 0000 

  0x000002b392d06978: ;   {oop(")"{0x0000000080000818})}
  0x000002b392d06978: 0149 b818 | 0800 8000 | 0000 0048 | 8b94 24f0 | 0000 000f 

  0x000002b392d0698c: ;   {optimized virtual_call}
  0x000002b392d0698c: 1f40 00e8 

  0x000002b392d06990: ; ImmutableOopMap {[128]=Oop [152]=Oop [176]=Oop [224]=Oop [240]=Oop [248]=Oop }
                      ;*invokespecial append {reexecute=0 rethrow=0 return_oop=0}
                      ; - java.lang.StringBuilder::append@2
                      ; - org.eclipse.osgi.internal.framework.BundleContextImpl::dispatchEvent@390 (line 1011)
  0x000002b392d06990: ec7d 2307 

  0x000002b392d06994: ;   {other}
  0x000002b392d06994: 0f1f 8400 | 842a 0021 | 488b 8424 | f000 0000 

  0x000002b392d069a4: ;   {metadata(method data for {method} {0x000002b3ea672620} 'dispatchEvent' '(Ljava/lang/Object;Ljava/lang/Object;ILjava/lang/Object;)V' in 'org/eclipse/osgi/internal/framework/BundleContextImpl')}
  0x000002b392d069a4: 48ba 0040 | 7aea b302 | 0000 4883 | 8228 0c00 

  0x000002b392d069b4: ;   {metadata(method data for {method} {0x000002b3a7008958} 'toString' '()Ljava/lang/String;' in 'java/lang/StringBuilder')}
  0x000002b392d069b4: 0001 48ba | 58b9 00ea | b302 0000 | 8bb2 cc00 | 0000 83c6 | 0289 b2cc | 0000 0081 | e6fe ff1f 
  0x000002b392d069d4: 0085 f60f | 8473 3000 

  0x000002b392d069dc: ;   {metadata('java/lang/String')}
  0x000002b392d069dc: 0048 ba78 | e800 a7b3 | 0200 0049 | 8b87 b801 | 0000 488d | 7818 493b | bfc8 0100 | 000f 8772 
  0x000002b392d069fc: 3000 0049 | 89bf b801 | 0000 48c7 | 0001 0000 | 0048 8bca | 49ba 0000 | 00a7 b302 | 0000 492b 
  0x000002b392d06a1c: ca89 4808 | 4833 c989 | 480c 4833 | c948 8948 | 104c 8bc0 

  0x000002b392d06a30: ;   {metadata(method data for {method} {0x000002b3a7008958} 'toString' '()Ljava/lang/String;' in 'java/lang/StringBuilder')}
  0x000002b392d06a30: 49b9 58b9 | 00ea b302 | 0000 4983 | 8110 0100 

  0x000002b392d06a40: ;   {metadata(method data for {method} {0x000002b3a7455dd8} '<init>' '(Ljava/lang/StringBuilder;)V' in 'java/lang/String')}
  0x000002b392d06a40: 0001 49b8 | d0ba 00ea | b302 0000 | 458b 88cc | 0000 0041 | 83c1 0245 | 8988 cc00 | 0000 4181 
  0x000002b392d06a60: e1fe ff1f | 0045 85c9 | 0f84 1030 | 0000 4c8b 

  0x000002b392d06a70: ;   {metadata(method data for {method} {0x000002b3a7455dd8} '<init>' '(Ljava/lang/StringBuilder;)V' in 'java/lang/String')}
  0x000002b392d06a70: c049 b9d0 | ba00 eab3 | 0200 0049 | 8381 1001 | 0000 014c | 8b84 24f0 

  0x000002b392d06a88: ;   {oop(nullptr)}
  0x000002b392d06a88: 0000 0049 | b900 0000 | 0000 0000 | 0048 8bd0 | 4889 8424 | 0001 0000 | 0f1f 8000 

  0x000002b392d06aa4: ;   {optimized virtual_call}
  0x000002b392d06aa4: 0000 00e8 

  0x000002b392d06aa8: ; ImmutableOopMap {[128]=Oop [152]=Oop [176]=Oop [224]=Oop [248]=Oop [256]=Oop }
                      ;*invokespecial <init> {reexecute=0 rethrow=0 return_oop=0}
                      ; - java.lang.String::<init>@3
                      ; - java.lang.StringBuilder::toString@5
                      ; - org.eclipse.osgi.internal.framework.BundleContextImpl::dispatchEvent@393 (line 1011)
  0x000002b392d06aa8: d47c 2307 

  0x000002b392d06aac: ;   {other}
  0x000002b392d06aac: 0f1f 8400 | 9c2b 0022 | 488b 9c24 | f800 0000 

  0x000002b392d06abc: ; implicit exception: dispatches to 0x000002b392d09a9f
  0x000002b392d06abc: 483b 034c 

  0x000002b392d06ac0: ;   {metadata(method data for {method} {0x000002b3ea672620} 'dispatchEvent' '(Ljava/lang/Object;Ljava/lang/Object;ILjava/lang/Object;)V' in 'org/eclipse/osgi/internal/framework/BundleContextImpl')}
  0x000002b392d06ac0: 8bc3 49b9 | 0040 7aea | b302 0000 

  0x000002b392d06acc: ;   {metadata('org/eclipse/osgi/internal/debug/Debug')}
  0x000002b392d06acc: 49ba 8009 | 09a8 b302 | 0000 4d89 | 9170 0c00 | 0049 8381 | 780c 0000 

  0x000002b392d06ae4: ;   {metadata(method data for {method} {0x000002b3ea4e53d0} 'trace' '(Ljava/lang/String;Ljava/lang/String;)V' in 'org/eclipse/osgi/internal/debug/Debug')}
  0x000002b392d06ae4: 0149 b8b0 | 4c78 eab3 | 0200 0045 | 8b88 cc00 | 0000 4183 | c102 4589 | 88cc 0000 | 0041 81e1 
  0x000002b392d06b04: feff 1f00 | 4585 c90f | 8493 2f00 | 008b 5324 

  0x000002b392d06b14: ;   {metadata(method data for {method} {0x000002b3ea4e53d0} 'trace' '(Ljava/lang/String;Ljava/lang/String;)V' in 'org/eclipse/osgi/internal/debug/Debug')}
  0x000002b392d06b14: 4885 d249 | b8b0 4c78 | eab3 0200 | 0049 c7c1 | 1001 0000 | 7407 49c7 | c120 0100 | 004b 8b34 
  0x000002b392d06b34: 0848 8d76 | 014b 8934 | 080f 84ff | 0200 0048 | 85d2 0f84 | 2900 0000 

  0x000002b392d06b4c: ;   {metadata('org/eclipse/osgi/internal/log/ExtendedLogServiceImpl')}
  0x000002b392d06b4c: 48bf 4056 | 09a8 b302 | 0000 8b72 | 0849 ba00 | 0000 a7b3 | 0200 0049 | 03f2 483b | 7e38 0f85 
  0x000002b392d06b6c: 552f 0000 | e900 0000 | 004c 8bc2 

  0x000002b392d06b78: ; implicit exception: dispatches to 0x000002b392d09aca
  0x000002b392d06b78: 483b 024c 

  0x000002b392d06b7c: ;   {metadata(method data for {method} {0x000002b3ea4e53d0} 'trace' '(Ljava/lang/String;Ljava/lang/String;)V' in 'org/eclipse/osgi/internal/debug/Debug')}
  0x000002b392d06b7c: 8bc2 49b9 | b04c 78ea | b302 0000 

  0x000002b392d06b88: ;   {metadata('org/eclipse/osgi/internal/log/ExtendedLogServiceImpl')}
  0x000002b392d06b88: 49ba 4056 | 09a8 b302 | 0000 4d89 | 9140 0100 | 0049 8381 | 4801 0000 

  0x000002b392d06ba0: ;   {metadata(method data for {method} {0x000002b3ea50ca80} 'getLogger' '(Ljava/lang/String;)Lorg/osgi/service/log/Logger;' in 'org/eclipse/osgi/internal/log/ExtendedLogServiceImpl')}
  0x000002b392d06ba0: 0149 b8f0 | 4e78 eab3 | 0200 0045 | 8b88 cc00 | 0000 4183 | c102 4589 | 88cc 0000 | 0041 81e1 
  0x000002b392d06bc0: feff 1f00 | 4585 c90f | 8402 2f00 | 004c 8bc2 

  0x000002b392d06bd0: ;   {metadata(method data for {method} {0x000002b3ea50ca80} 'getLogger' '(Ljava/lang/String;)Lorg/osgi/service/log/Logger;' in 'org/eclipse/osgi/internal/log/ExtendedLogServiceImpl')}
  0x000002b392d06bd0: 49b9 f04e | 78ea b302 

  0x000002b392d06bd8: ;   {metadata('org/eclipse/osgi/internal/log/ExtendedLogServiceImpl')}
  0x000002b392d06bd8: 0000 49ba | 4056 09a8 | b302 0000 | 4d89 9120 | 0100 0049 | 8381 2801 

  0x000002b392d06bf0: ;   {metadata(method data for {method} {0x000002b3ea50a308} 'getLogger' '(Ljava/lang/String;)Lorg/eclipse/equinox/log/Logger;' in 'org/eclipse/osgi/internal/log/ExtendedLogServiceImpl')}
  0x000002b392d06bf0: 0000 0149 | b880 5078 | eab3 0200 | 0045 8b88 | cc00 0000 | 4183 c102 | 4589 88cc | 0000 0041 
  0x000002b392d06c10: 81e1 feff | 1f00 4585 | c90f 84d1 | 2e00 004c 

  0x000002b392d06c20: ;   {metadata(method data for {method} {0x000002b3ea50a308} 'getLogger' '(Ljava/lang/String;)Lorg/eclipse/equinox/log/Logger;' in 'org/eclipse/osgi/internal/log/ExtendedLogServiceImpl')}
  0x000002b392d06c20: 8bc2 49b9 | 8050 78ea | b302 0000 

  0x000002b392d06c2c: ;   {metadata('org/eclipse/osgi/internal/log/ExtendedLogServiceImpl')}
  0x000002b392d06c2c: 49ba 4056 | 09a8 b302 | 0000 4d89 | 9120 0100 | 0049 8381 | 2801 0000 

  0x000002b392d06c44: ;   {oop("org.eclipse.osgi/debug/events"{0x00000000800d2d98})}
  0x000002b392d06c44: 0149 b898 | 2d0d 8000 

  0x000002b392d06c4c: ;   {oop(a 'java/lang/Class'{0x00000000802dd908} = 'org/osgi/service/log/Logger')}
  0x000002b392d06c4c: 0000 0049 | b908 d92d | 8000 0000 | 0066 0f1f 

  0x000002b392d06c5c: ;   {optimized virtual_call}
  0x000002b392d06c5c: 4400 00e8 

  0x000002b392d06c60: ; ImmutableOopMap {[128]=Oop [152]=Oop [176]=Oop [224]=Oop [256]=Oop }
                      ;*invokevirtual getLogger {reexecute=0 rethrow=0 return_oop=0}
                      ; - org.eclipse.osgi.internal.log.ExtendedLogServiceImpl::getLogger@4 (line 73)
                      ; - org.eclipse.osgi.internal.log.ExtendedLogServiceImpl::getLogger@2 (line 1)
                      ; - org.eclipse.osgi.internal.debug.Debug::trace@11 (line 265)
                      ; - org.eclipse.osgi.internal.framework.BundleContextImpl::dispatchEvent@396 (line 1010)
  0x000002b392d06c60: 1c7b 2307 

  0x000002b392d06c64: ;   {other}
  0x000002b392d06c64: 0f1f 8400 | 542d 0023 | 4885 c075 

  0x000002b392d06c70: ;   {metadata(method data for {method} {0x000002b3ea50a308} 'getLogger' '(Ljava/lang/String;)Lorg/eclipse/equinox/log/Logger;' in 'org/eclipse/osgi/internal/log/ExtendedLogServiceImpl')}
  0x000002b392d06c70: 1648 be80 | 5078 eab3 | 0200 0080 | 8e41 0100 | 0001 e9e7 

  0x000002b392d06c84: ;   {metadata('org/eclipse/equinox/log/Logger')}
  0x000002b392d06c84: 0000 0048 | bff8 2909 | a8b3 0200 | 008b 7008 | 49ba 0000 | 00a7 b302 | 0000 4903 | f248 3b7e 
  0x000002b392d06ca4: 200f 841a | 0000 0048 | 3bf7 0f84 | 1100 0000 

  0x000002b392d06cb4: ;   {runtime_call slow_subtype_check Runtime1 stub}
  0x000002b392d06cb4: 5657 e8c5 | 922e 075e | 5e85 f60f | 848d 0000 

  0x000002b392d06cc4: ;   {metadata(method data for {method} {0x000002b3ea50a308} 'getLogger' '(Ljava/lang/String;)Lorg/eclipse/equinox/log/Logger;' in 'org/eclipse/osgi/internal/log/ExtendedLogServiceImpl')}
  0x000002b392d06cc4: 0048 be80 | 5078 eab3 | 0200 008b | 7808 49ba | 0000 00a7 | b302 0000 | 4903 fa48 | 3bbe 5801 
  0x000002b392d06ce4: 0000 750d | 4883 8660 | 0100 0001 | e979 0000 | 0048 3bbe | 6801 0000 | 750d 4883 | 8670 0100 
  0x000002b392d06d04: 0001 e963 | 0000 0048 | 83be 5801 | 0000 0075 | 1748 89be | 5801 0000 | 48c7 8660 | 0100 0001 
  0x000002b392d06d24: 0000 00e9 | 4200 0000 | 4883 be68 | 0100 0000 | 7517 4889 | be68 0100 | 0048 c786 | 7001 0000 
  0x000002b392d06d44: 0100 0000 | e921 0000 | 00e9 1c00 

  0x000002b392d06d50: ;   {metadata(method data for {method} {0x000002b3ea50a308} 'getLogger' '(Ljava/lang/String;)Lorg/eclipse/equinox/log/Logger;' in 'org/eclipse/osgi/internal/log/ExtendedLogServiceImpl')}
  0x000002b392d06d50: 0000 48be | 8050 78ea | b302 0000 | 4883 ae48 | 0100 0001 | e9a8 2d00 | 00e9 0000 | 0000 488b 
  0x000002b392d06d70: d048 3b02 

  0x000002b392d06d74: ;   {metadata(method data for {method} {0x000002b3ea4e53d0} 'trace' '(Ljava/lang/String;Ljava/lang/String;)V' in 'org/eclipse/osgi/internal/debug/Debug')}
  0x000002b392d06d74: 4c8b c248 | beb0 4c78 | eab3 0200 | 0045 8b40 | 0849 ba00 | 0000 a7b3 | 0200 004d | 03c2 4c3b 
  0x000002b392d06d94: 8678 0100 | 0075 0d48 | 8386 8001 | 0000 01e9 | 6000 0000 | 4c3b 8688 | 0100 0075 | 0d48 8386 
  0x000002b392d06db4: 9001 0000 | 01e9 4a00 | 0000 4883 | be78 0100 | 0000 7517 | 4c89 8678 | 0100 0048 | c786 8001 
  0x000002b392d06dd4: 0000 0100 | 0000 e929 | 0000 0048 | 83be 8801 | 0000 0075 | 174c 8986 | 8801 0000 | 48c7 8690 
  0x000002b392d06df4: 0100 0001 | 0000 00e9 | 0800 0000 | 4883 8668 | 0100 0001 | 4c8b 8424 | 0001 0000 | 0f1f 4400 
  0x000002b392d06e14: 0048 b8ff | ffff ffff 

  0x000002b392d06e1c: ;   {virtual_call}
  0x000002b392d06e1c: ffff ffe8 

  0x000002b392d06e20: ; ImmutableOopMap {[128]=Oop [152]=Oop [176]=Oop [224]=Oop }
                      ;*invokeinterface debug {reexecute=0 rethrow=0 return_oop=0}
                      ; - org.eclipse.osgi.internal.debug.Debug::trace@17 (line 265)
                      ; - org.eclipse.osgi.internal.framework.BundleContextImpl::dispatchEvent@396 (line 1010)
  0x000002b392d06e20: 5c7c 2307 

  0x000002b392d06e24: ;   {other}
  0x000002b392d06e24: 0f1f 8400 | 142f 0024 

  0x000002b392d06e2c: ;   {metadata(method data for {method} {0x000002b3ea4e53d0} 'trace' '(Ljava/lang/String;Ljava/lang/String;)V' in 'org/eclipse/osgi/internal/debug/Debug')}
  0x000002b392d06e2c: 49b8 b04c | 78ea b302 | 0000 41ff | 80a0 0100 | 00e9 5200 | 0000 488b | 8424 0001 

  0x000002b392d06e48: ;   {oop(a 'java/lang/Class'{0x00000000802dd980} = 'org/eclipse/osgi/internal/debug/Debug')}
  0x000002b392d06e48: 0000 49b8 | 80d9 2d80 | 0000 0000 | 418b 90d0 | 0000 0048 | 3b02 4c8b 

  0x000002b392d06e60: ;   {metadata(method data for {method} {0x000002b3ea4e53d0} 'trace' '(Ljava/lang/String;Ljava/lang/String;)V' in 'org/eclipse/osgi/internal/debug/Debug')}
  0x000002b392d06e60: c248 beb0 | 4c78 eab3 

  0x000002b392d06e68: ;   {metadata('java/io/PrintStream')}
  0x000002b392d06e68: 0200 0049 | bac8 a300 | a7b3 0200 | 004c 8996 | c801 0000 | 4883 86d0 | 0100 0001 

  0x000002b392d06e84: ;   {optimized virtual_call}
  0x000002b392d06e84: 4c8b c0e8 

  0x000002b392d06e88: ; ImmutableOopMap {[128]=Oop [152]=Oop [176]=Oop [224]=Oop }
                      ;*invokevirtual println {reexecute=0 rethrow=0 return_oop=0}
                      ; - org.eclipse.osgi.internal.debug.Debug::trace@29 (line 267)
                      ; - org.eclipse.osgi.internal.framework.BundleContextImpl::dispatchEvent@396 (line 1010)
  0x000002b392d06e88: f478 2307 

  0x000002b392d06e8c: ;   {other}
  0x000002b392d06e8c: 0f1f 8400 | 7c2f 0025 | 488b 9c24 | e000 0000 | 488b b424 | 9800 0000 | 4885 f675 

  0x000002b392d06ea8: ;   {metadata(method data for {method} {0x000002b3ea672620} 'dispatchEvent' '(Ljava/lang/Object;Ljava/lang/Object;ILjava/lang/Object;)V' in 'org/eclipse/osgi/internal/framework/BundleContextImpl')}
  0x000002b392d06ea8: 1648 bf00 | 407a eab3 | 0200 0080 | 8f91 0c00 | 0001 e9cc 

  0x000002b392d06ebc: ;   {metadata('org/osgi/framework/FrameworkEvent')}
  0x000002b392d06ebc: 0000 0048 | b8e0 6711 | a8b3 0200 | 008b 5608 | 49ba 0000 | 00a7 b302 | 0000 4903 | d248 3bc2 
  0x000002b392d06edc: 0f85 8d00 

  0x000002b392d06ee0: ;   {metadata(method data for {method} {0x000002b3ea672620} 'dispatchEvent' '(Ljava/lang/Object;Ljava/lang/Object;ILjava/lang/Object;)V' in 'org/eclipse/osgi/internal/framework/BundleContextImpl')}
  0x000002b392d06ee0: 0000 48bf | 0040 7aea | b302 0000 | 8b46 0849 | ba00 0000 | a7b3 0200 | 0049 03c2 | 483b 87a8 
  0x000002b392d06f00: 0c00 0075 | 0d48 8387 | b00c 0000 | 01e9 7900 | 0000 483b | 87b8 0c00 | 0075 0d48 | 8387 c00c 
  0x000002b392d06f20: 0000 01e9 | 6300 0000 | 4883 bfa8 | 0c00 0000 | 7517 4889 | 87a8 0c00 | 0048 c787 | b00c 0000 
  0x000002b392d06f40: 0100 0000 | e942 0000 | 0048 83bf | b80c 0000 | 0075 1748 | 8987 b80c | 0000 48c7 | 87c0 0c00 
  0x000002b392d06f60: 0001 0000 | 00e9 2100 | 0000 e91c 

  0x000002b392d06f6c: ;   {metadata(method data for {method} {0x000002b3ea672620} 'dispatchEvent' '(Ljava/lang/Object;Ljava/lang/Object;ILjava/lang/Object;)V' in 'org/eclipse/osgi/internal/framework/BundleContextImpl')}
  0x000002b392d06f6c: 0000 0048 | bf00 407a | eab3 0200 | 0048 83af | 980c 0000 | 01e9 9e2b | 0000 e900 | 0000 004c 
  0x000002b392d06f8c: 8bc6 483b | 0348 8bd3 

  0x000002b392d06f94: ;   {metadata(method data for {method} {0x000002b3ea672620} 'dispatchEvent' '(Ljava/lang/Object;Ljava/lang/Object;ILjava/lang/Object;)V' in 'org/eclipse/osgi/internal/framework/BundleContextImpl')}
  0x000002b392d06f94: 48bf 0040 | 7aea b302 | 0000 8b52 | 0849 ba00 | 0000 a7b3 | 0200 0049 | 03d2 483b | 97e0 0c00 
  0x000002b392d06fb4: 0075 0d48 | 8387 e80c | 0000 01e9 | 6000 0000 | 483b 97f0 | 0c00 0075 | 0d48 8387 | f80c 0000 
  0x000002b392d06fd4: 01e9 4a00 | 0000 4883 | bfe0 0c00 | 0000 7517 | 4889 97e0 | 0c00 0048 | c787 e80c | 0000 0100 
  0x000002b392d06ff4: 0000 e929 | 0000 0048 | 83bf f00c | 0000 0075 | 1748 8997 | f00c 0000 | 48c7 87f8 | 0c00 0001 
  0x000002b392d07014: 0000 00e9 | 0800 0000 | 4883 87d0 | 0c00 0001 | 488b d366 | 0f1f 4400 | 0048 b8ff | ffff ffff 
  0x000002b392d07034: ;   {virtual_call}
  0x000002b392d07034: ffff ffe8 

  0x000002b392d07038: ; ImmutableOopMap {[128]=Oop [152]=Oop [176]=Oop }
                      ;*invokeinterface frameworkEvent {reexecute=0 rethrow=0 return_oop=0}
                      ; - org.eclipse.osgi.internal.framework.BundleContextImpl::dispatchEvent@406 (line 1014)
  0x000002b392d07038: 447a 2307 

  0x000002b392d0703c: ;   {other}
  0x000002b392d0703c: 0f1f 8400 | 2c31 0026 

  0x000002b392d07044: ;   {metadata(method data for {method} {0x000002b3ea672620} 'dispatchEvent' '(Ljava/lang/Object;Ljava/lang/Object;ILjava/lang/Object;)V' in 'org/eclipse/osgi/internal/framework/BundleContextImpl')}
  0x000002b392d07044: 48ba 0040 | 7aea b302 | 0000 ff82 | 080d 0000 | 488b 8424 | b000 0000 | e914 1200 | 0048 8bb4 
  0x000002b392d07064: 2498 0000 | 004c 8b8c | 2490 0000 | 0048 85f6 

  0x000002b392d07074: ;   {metadata(method data for {method} {0x000002b3ea672620} 'dispatchEvent' '(Ljava/lang/Object;Ljava/lang/Object;ILjava/lang/Object;)V' in 'org/eclipse/osgi/internal/framework/BundleContextImpl')}
  0x000002b392d07074: 7516 48b8 | 0040 7aea | b302 0000 | 8088 e905 | 0000 01e9 | cd00 0000 

  0x000002b392d0708c: ;   {metadata('org/osgi/framework/ServiceEvent')}
  0x000002b392d0708c: 48b9 0040 | 10a8 b302 | 0000 8b46 | 0849 ba00 | 0000 a7b3 | 0200 0049 | 03c2 483b | 4840 0f85 
  0x000002b392d070ac: 8d00 0000 

  0x000002b392d070b0: ;   {metadata(method data for {method} {0x000002b3ea672620} 'dispatchEvent' '(Ljava/lang/Object;Ljava/lang/Object;ILjava/lang/Object;)V' in 'org/eclipse/osgi/internal/framework/BundleContextImpl')}
  0x000002b392d070b0: 48b8 0040 | 7aea b302 | 0000 8b4e | 0849 ba00 | 0000 a7b3 | 0200 0049 | 03ca 483b | 8800 0600 
  0x000002b392d070d0: 0075 0d48 | 8380 0806 | 0000 01e9 | 7900 0000 | 483b 8810 | 0600 0075 | 0d48 8380 | 1806 0000 
  0x000002b392d070f0: 01e9 6300 | 0000 4883 | b800 0600 | 0000 7517 | 4889 8800 | 0600 0048 | c780 0806 | 0000 0100 
  0x000002b392d07110: 0000 e942 | 0000 0048 | 83b8 1006 | 0000 0075 | 1748 8988 | 1006 0000 | 48c7 8018 | 0600 0001 
  0x000002b392d07130: 0000 00e9 | 2100 0000 | e91c 0000 

  0x000002b392d0713c: ;   {metadata(method data for {method} {0x000002b3ea672620} 'dispatchEvent' '(Ljava/lang/Object;Ljava/lang/Object;ILjava/lang/Object;)V' in 'org/eclipse/osgi/internal/framework/BundleContextImpl')}
  0x000002b392d0713c: 0048 b800 | 407a eab3 | 0200 0048 | 83a8 f005 | 0000 01e9 | de29 0000 | e900 0000 | 0048 8bde 
  0x000002b392d0715c: 4d85 c975 

  0x000002b392d07160: ;   {metadata(method data for {method} {0x000002b3ea672620} 'dispatchEvent' '(Ljava/lang/Object;Ljava/lang/Object;ILjava/lang/Object;)V' in 'org/eclipse/osgi/internal/framework/BundleContextImpl')}
  0x000002b392d07160: 1648 b800 | 407a eab3 | 0200 0080 | 8821 0600 | 0001 e9e9 

  0x000002b392d07174: ;   {metadata('org/osgi/framework/ServiceListener')}
  0x000002b392d07174: 0000 0048 | b948 1d09 | a8b3 0200 | 0041 8b41 | 0849 ba00 | 0000 a7b3 | 0200 0049 | 03c2 483b 
  0x000002b392d07194: 4820 0f84 | 1a00 0000 | 483b c10f | 8411 0000 

  0x000002b392d071a4: ;   {runtime_call slow_subtype_check Runtime1 stub}
  0x000002b392d071a4: 0050 51e8 | d48d 2e07 | 5858 85c0 | 0f84 8e00 

  0x000002b392d071b4: ;   {metadata(method data for {method} {0x000002b3ea672620} 'dispatchEvent' '(Ljava/lang/Object;Ljava/lang/Object;ILjava/lang/Object;)V' in 'org/eclipse/osgi/internal/framework/BundleContextImpl')}
  0x000002b392d071b4: 0000 48b8 | 0040 7aea | b302 0000 | 418b 4908 | 49ba 0000 | 00a7 b302 | 0000 4903 | ca48 3b88 
  0x000002b392d071d4: 3806 0000 | 750d 4883 | 8040 0600 | 0001 e979 | 0000 0048 | 3b88 4806 | 0000 750d | 4883 8050 
  0x000002b392d071f4: 0600 0001 | e963 0000 | 0048 83b8 | 3806 0000 | 0075 1748 | 8988 3806 | 0000 48c7 | 8040 0600 
  0x000002b392d07214: 0001 0000 | 00e9 4200 | 0000 4883 | b848 0600 | 0000 7517 | 4889 8848 | 0600 0048 | c780 5006 
  0x000002b392d07234: 0000 0100 | 0000 e921 | 0000 00e9 | 1c00 0000 

  0x000002b392d07244: ;   {metadata(method data for {method} {0x000002b3ea672620} 'dispatchEvent' '(Ljava/lang/Object;Ljava/lang/Object;ILjava/lang/Object;)V' in 'org/eclipse/osgi/internal/framework/BundleContextImpl')}
  0x000002b392d07244: 48b8 0040 | 7aea b302 | 0000 4883 | a828 0600 | 0001 e9e0 | 2800 00e9 | 0000 0000 | 4d8b c18b 
  0x000002b392d07264: 7a18 0fbe | 7f13 85ff 

  0x000002b392d0726c: ;   {metadata(method data for {method} {0x000002b3ea672620} 'dispatchEvent' '(Ljava/lang/Object;Ljava/lang/Object;ILjava/lang/Object;)V' in 'org/eclipse/osgi/internal/framework/BundleContextImpl')}
  0x000002b392d0726c: 48bf 0040 | 7aea b302 | 0000 48c7 | c070 0600 | 0075 0748 | c7c0 6006 | 0000 488b | 0c07 488d 
  0x000002b392d0728c: 4901 4889 | 0c07 0f85 | 0800 0000 | 498b d0e9 | 040f 0000 

  0x000002b392d072a0: ;   {no_reloc}
  0x000002b392d072a0: e9b3 2800 | 0000 0000 | 0000 498b | 87b8 0100 | 0048 8d78 | 1849 3bbf | c801 0000 | 0f87 a028 
  0x000002b392d072c0: 0000 4989 | bfb8 0100 | 0048 c700 | 0100 0000 | 488b ca49 | ba00 0000 | a7b3 0200 | 0049 2bca 
  0x000002b392d072e0: 8948 0848 | 33c9 8948 | 0c48 33c9 | 4889 4810 | 4889 8424 | 0801 0000 

  0x000002b392d072f8: ; implicit exception: dispatches to 0x000002b392d09b6f
  0x000002b392d072f8: 493b 0049 

  0x000002b392d072fc: ;   {metadata(method data for {method} {0x000002b3ea672620} 'dispatchEvent' '(Ljava/lang/Object;Ljava/lang/Object;ILjava/lang/Object;)V' in 'org/eclipse/osgi/internal/framework/BundleContextImpl')}
  0x000002b392d072fc: 8bd0 48be | 0040 7aea | b302 0000 | 4883 8680 | 0600 0001 | 418b 5008 | 49ba 0000 | 00a7 b302 
  0x000002b392d0731c: 0000 4903 | d248 8b52 | 7048 8b12 

  0x000002b392d07328: ; implicit exception: dispatches to 0x000002b392d09b74
  0x000002b392d07328: 483b 0248 

  0x000002b392d0732c: ;   {metadata(method data for {method} {0x000002b3ea672620} 'dispatchEvent' '(Ljava/lang/Object;Ljava/lang/Object;ILjava/lang/Object;)V' in 'org/eclipse/osgi/internal/framework/BundleContextImpl')}
  0x000002b392d0732c: 8bf2 48bf | 0040 7aea | b302 0000 | 4883 87b8 | 0600 0001 

  0x000002b392d07340: ;   {metadata(method data for {method} {0x000002b3a7469ad8} 'getName' '()Ljava/lang/String;' in 'java/lang/Class')}
  0x000002b392d07340: 48be 485f | 05ea b302 | 0000 8bbe | cc00 0000 | 83c7 0289 | becc 0000 | 0081 e7fe | ff1f 0085 
  0x000002b392d07360: ff0f 8412 | 2800 008b | 722c 4885 

  0x000002b392d0736c: ;   {metadata(method data for {method} {0x000002b3a7469ad8} 'getName' '()Ljava/lang/String;' in 'java/lang/Class')}
  0x000002b392d0736c: f648 bf48 | 5f05 eab3 | 0200 0048 | c7c1 1001 | 0000 7407 | 48c7 c120 | 0100 004c | 8b2c 0f4d 
  0x000002b392d0738c: 8d6d 014c | 892c 0f0f | 8425 0000 

  0x000002b392d07398: ;   {metadata(method data for {method} {0x000002b3a7469ad8} 'getName' '()Ljava/lang/String;' in 'java/lang/Class')}
  0x000002b392d07398: 0048 ba48 | 5f05 eab3 | 0200 00ff | 8230 0100 | 004c 8984 | 2410 0100 | 0048 899c | 2418 0100 
  0x000002b392d073b8: 00e9 3900 | 0000 4c89 | 8424 1001 | 0000 4889 | 9c24 1801 | 0000 488b 

  0x000002b392d073d0: ;   {metadata(method data for {method} {0x000002b3a7469ad8} 'getName' '()Ljava/lang/String;' in 'java/lang/Class')}
  0x000002b392d073d0: ca49 b948 | 5f05 eab3 | 0200 0049 | 8381 4801 | 0000 010f 

  0x000002b392d073e4: ;   {optimized virtual_call}
  0x000002b392d073e4: 1f40 00e8 

  0x000002b392d073e8: ; ImmutableOopMap {[128]=Oop [152]=Oop [176]=Oop [264]=Oop [272]=Oop [280]=Oop }
                      ;*invokevirtual initClassName {reexecute=0 rethrow=0 return_oop=0}
                      ; - java.lang.Class::getName@14
                      ; - org.eclipse.osgi.internal.framework.BundleContextImpl::dispatchEvent@206 (line 996)
  0x000002b392d073e8: 9473 2307 

  0x000002b392d073ec: ;   {other}
  0x000002b392d073ec: 0f1f 8400 | dc34 0027 

  0x000002b392d073f4: ;   {metadata(method data for {method} {0x000002b3ea672620} 'dispatchEvent' '(Ljava/lang/Object;Ljava/lang/Object;ILjava/lang/Object;)V' in 'org/eclipse/osgi/internal/framework/BundleContextImpl')}
  0x000002b392d073f4: 488b f048 | ba00 407a | eab3 0200 | 0048 8382 | f006 0000 

  0x000002b392d07408: ;   {metadata(method data for {method} {0x000002b3a7455280} 'valueOf' '(Ljava/lang/Object;)Ljava/lang/String;' in 'java/lang/String')}
  0x000002b392d07408: 0148 ba00 | 050f eab3 | 0200 008b | bacc 0000 | 0083 c702 | 89ba cc00 | 0000 81e7 | feff 1f00 
  0x000002b392d07428: 85ff 0f84 | 6a27 0000 

  0x000002b392d07430: ;   {metadata(method data for {method} {0x000002b3a7455280} 'valueOf' '(Ljava/lang/Object;)Ljava/lang/String;' in 'java/lang/String')}
  0x000002b392d07430: 4885 f648 | ba00 050f | eab3 0200 | 0048 c7c7 | 1001 0000 | 7507 48c7 | c720 0100 | 0048 8b1c 
  0x000002b392d07450: 3a48 8d5b | 0148 891c | 3a0f 851f 

  0x000002b392d0745c: ;   {metadata(method data for {method} {0x000002b3a7455280} 'valueOf' '(Ljava/lang/Object;)Ljava/lang/String;' in 'java/lang/String')}
  0x000002b392d0745c: 0000 0048 | ba00 050f | eab3 0200 | 00ff 8230 

  0x000002b392d0746c: ;   {oop("null"{0x0000000080000498})}
  0x000002b392d0746c: 0100 0048 | be98 0400 | 8000 0000 | 00e9 b900 | 0000 483b | 0648 8bd6 

  0x000002b392d07484: ;   {metadata(method data for {method} {0x000002b3a7455280} 'valueOf' '(Ljava/lang/Object;)Ljava/lang/String;' in 'java/lang/String')}
  0x000002b392d07484: 48bf 0005 | 0fea b302 | 0000 8b52 | 0849 ba00 | 0000 a7b3 | 0200 0049 | 03d2 483b | 9758 0100 
  0x000002b392d074a4: 0075 0d48 | 8387 6001 | 0000 01e9 | 6000 0000 | 483b 9768 | 0100 0075 | 0d48 8387 | 7001 0000 
  0x000002b392d074c4: 01e9 4a00 | 0000 4883 | bf58 0100 | 0000 7517 | 4889 9758 | 0100 0048 | c787 6001 | 0000 0100 
  0x000002b392d074e4: 0000 e929 | 0000 0048 | 83bf 6801 | 0000 0075 | 1748 8997 | 6801 0000 | 48c7 8770 | 0100 0001 
  0x000002b392d07504: 0000 00e9 | 0800 0000 | 4883 8748 | 0100 0001 | 488b d666 | 0f1f 4400 | 0048 b8ff | ffff ffff 
  0x000002b392d07524: ;   {virtual_call}
  0x000002b392d07524: ffff ffe8 

  0x000002b392d07528: ; ImmutableOopMap {[128]=Oop [152]=Oop [176]=Oop [264]=Oop [272]=Oop [280]=Oop }
                      ;*invokevirtual toString {reexecute=0 rethrow=0 return_oop=0}
                      ; - java.lang.String::valueOf@11
                      ; - org.eclipse.osgi.internal.framework.BundleContextImpl::dispatchEvent@209 (line 996)
  0x000002b392d07528: 5475 2307 

  0x000002b392d0752c: ;   {other}
  0x000002b392d0752c: 0f1f 8400 | 1c36 0028 | 488b f048 | 8b84 2408 | 0100 004c 

  0x000002b392d07540: ;   {metadata(method data for {method} {0x000002b3ea672620} 'dispatchEvent' '(Ljava/lang/Object;Ljava/lang/Object;ILjava/lang/Object;)V' in 'org/eclipse/osgi/internal/framework/BundleContextImpl')}
  0x000002b392d07540: 8bc0 48bf | 0040 7aea | b302 0000 | 4883 8700 | 0700 0001 

  0x000002b392d07554: ;   {metadata(method data for {method} {0x000002b3a7461da8} '<init>' '(Ljava/lang/String;)V' in 'java/lang/StringBuilder')}
  0x000002b392d07554: 49b8 f020 | 30ea b302 | 0000 418b | b8cc 0000 | 0083 c702 | 4189 b8cc | 0000 0081 | e7fe ff1f 
  0x000002b392d07574: 0085 ff0f | 8443 2600 | 004c 8bc0 

  0x000002b392d07580: ;   {metadata(method data for {method} {0x000002b3a7461da8} '<init>' '(Ljava/lang/String;)V' in 'java/lang/StringBuilder')}
  0x000002b392d07580: 48bf f020 | 30ea b302 | 0000 4883 | 8710 0100 | 0001 4c8b | c648 8bd0 | 0f1f 8000 

  0x000002b392d0759c: ;   {optimized virtual_call}
  0x000002b392d0759c: 0000 00e8 

  0x000002b392d075a0: ; ImmutableOopMap {[128]=Oop [152]=Oop [176]=Oop [264]=Oop [272]=Oop [280]=Oop }
                      ;*invokespecial <init> {reexecute=0 rethrow=0 return_oop=0}
                      ; - java.lang.StringBuilder::<init>@2
                      ; - org.eclipse.osgi.internal.framework.BundleContextImpl::dispatchEvent@212 (line 996)
  0x000002b392d075a0: dc71 2307 

  0x000002b392d075a4: ;   {other}
  0x000002b392d075a4: 0f1f 8400 | 9436 0029 | 488b 8424 | 0801 0000 

  0x000002b392d075b4: ;   {metadata(method data for {method} {0x000002b3ea672620} 'dispatchEvent' '(Ljava/lang/Object;Ljava/lang/Object;ILjava/lang/Object;)V' in 'org/eclipse/osgi/internal/framework/BundleContextImpl')}
  0x000002b392d075b4: 49b8 0040 | 7aea b302 | 0000 4983 | 8010 0700 

  0x000002b392d075c4: ;   {metadata(method data for {method} {0x000002b3a7461ae8} 'append' '(Ljava/lang/String;)Ljava/lang/StringBuilder;' in 'java/lang/StringBuilder')}
  0x000002b392d075c4: 0001 49b8 | 00b2 00ea | b302 0000 | 418b 90cc | 0000 0083 | c202 4189 | 90cc 0000 | 0081 e2fe 
  0x000002b392d075e4: ff1f 0085 | d20f 84f2 | 2500 0048 | 8b84 2408 

  0x000002b392d075f4: ;   {metadata(method data for {method} {0x000002b3a7461ae8} 'append' '(Ljava/lang/String;)Ljava/lang/StringBuilder;' in 'java/lang/StringBuilder')}
  0x000002b392d075f4: 0100 0049 | b800 b200 | eab3 0200 | 0049 8380 | 1001 0000 

  0x000002b392d07608: ;   {oop("@"{0x0000000080000000})}
  0x000002b392d07608: 0149 b800 | 0000 8000 | 0000 0048 | 8b94 2408 | 0100 000f 

  0x000002b392d0761c: ;   {optimized virtual_call}
  0x000002b392d0761c: 1f40 00e8 

  0x000002b392d07620: ; ImmutableOopMap {[128]=Oop [152]=Oop [176]=Oop [264]=Oop [272]=Oop [280]=Oop }
                      ;*invokespecial append {reexecute=0 rethrow=0 return_oop=0}
                      ; - java.lang.StringBuilder::append@2
                      ; - org.eclipse.osgi.internal.framework.BundleContextImpl::dispatchEvent@218 (line 996)
  0x000002b392d07620: 5c71 2307 

  0x000002b392d07624: ;   {other}
  0x000002b392d07624: 0f1f 8400 | 1437 002a 

  0x000002b392d0762c: ;   {metadata(method data for {method} {0x000002b3ea672620} 'dispatchEvent' '(Ljava/lang/Object;Ljava/lang/Object;ILjava/lang/Object;)V' in 'org/eclipse/osgi/internal/framework/BundleContextImpl')}
  0x000002b392d0762c: 48ba 0040 | 7aea b302 | 0000 4883 | 8248 0700 | 0001 488b | 9424 1001 

  0x000002b392d07644: ;   {static_call}
  0x000002b392d07644: 0000 90e8 

  0x000002b392d07648: ; ImmutableOopMap {[128]=Oop [152]=Oop [176]=Oop [264]=Oop [272]=Oop [280]=Oop }
                      ;*invokestatic identityHashCode {reexecute=0 rethrow=0 return_oop=0}
                      ; - org.eclipse.osgi.internal.framework.BundleContextImpl::dispatchEvent@223 (line 997)
  0x000002b392d07648: 3477 2307 

  0x000002b392d0764c: ;   {other}
  0x000002b392d0764c: 0f1f 8400 | 3c37 002b 

  0x000002b392d07654: ;   {metadata(method data for {method} {0x000002b3ea672620} 'dispatchEvent' '(Ljava/lang/Object;Ljava/lang/Object;ILjava/lang/Object;)V' in 'org/eclipse/osgi/internal/framework/BundleContextImpl')}
  0x000002b392d07654: 48ba 0040 | 7aea b302 | 0000 4883 | 8258 0700 

  0x000002b392d07664: ;   {metadata(method data for {method} {0x000002b3a7416620} 'toHexString' '(I)Ljava/lang/String;' in 'java/lang/Integer')}
  0x000002b392d07664: 0001 48ba | e885 2fea | b302 0000 | 448b 82cc | 0000 0041 | 83c0 0244 | 8982 cc00 | 0000 4181 
  0x000002b392d07684: e0fe ff1f | 0045 85c0 | 0f84 7025 

  0x000002b392d07690: ;   {metadata(method data for {method} {0x000002b3a7416620} 'toHexString' '(I)Ljava/lang/String;' in 'java/lang/Integer')}
  0x000002b392d07690: 0000 48ba | e885 2fea | b302 0000 | 4883 8210 | 0100 0001 | 488b d041 | b804 0000 

  0x000002b392d076ac: ;   {static_call}
  0x000002b392d076ac: 0066 90e8 

  0x000002b392d076b0: ; ImmutableOopMap {[128]=Oop [152]=Oop [176]=Oop [264]=Oop [272]=Oop [280]=Oop }
                      ;*invokestatic toUnsignedString0 {reexecute=0 rethrow=0 return_oop=0}
                      ; - java.lang.Integer::toHexString@2
                      ; - org.eclipse.osgi.internal.framework.BundleContextImpl::dispatchEvent@226 (line 997)
  0x000002b392d076b0: cc76 2307 

  0x000002b392d076b4: ;   {other}
  0x000002b392d076b4: 0f1f 8400 | a437 002c | 4c8b 8424 | 0801 0000 

  0x000002b392d076c4: ;   {metadata(method data for {method} {0x000002b3ea672620} 'dispatchEvent' '(Ljava/lang/Object;Ljava/lang/Object;ILjava/lang/Object;)V' in 'org/eclipse/osgi/internal/framework/BundleContextImpl')}
  0x000002b392d076c4: 48ba 0040 | 7aea b302 | 0000 4883 | 8268 0700 

  0x000002b392d076d4: ;   {metadata(method data for {method} {0x000002b3a7461ae8} 'append' '(Ljava/lang/String;)Ljava/lang/StringBuilder;' in 'java/lang/StringBuilder')}
  0x000002b392d076d4: 0001 49b8 | 00b2 00ea | b302 0000 | 418b 90cc | 0000 0083 | c202 4189 | 90cc 0000 | 0081 e2fe 
  0x000002b392d076f4: ff1f 0085 | d20f 8424 | 2500 004c | 8b84 2408 

  0x000002b392d07704: ;   {metadata(method data for {method} {0x000002b3a7461ae8} 'append' '(Ljava/lang/String;)Ljava/lang/StringBuilder;' in 'java/lang/StringBuilder')}
  0x000002b392d07704: 0100 0048 | ba00 b200 | eab3 0200 | 0048 8382 | 1001 0000 | 014c 8bc0 | 488b 9424 | 0801 0000 
  0x000002b392d07724: ;   {optimized virtual_call}
  0x000002b392d07724: 6666 90e8 

  0x000002b392d07728: ; ImmutableOopMap {[128]=Oop [152]=Oop [176]=Oop [264]=Oop [272]=Oop [280]=Oop }
                      ;*invokespecial append {reexecute=0 rethrow=0 return_oop=0}
                      ; - java.lang.StringBuilder::append@2
                      ; - org.eclipse.osgi.internal.framework.BundleContextImpl::dispatchEvent@229 (line 997)
  0x000002b392d07728: 5470 2307 

  0x000002b392d0772c: ;   {other}
  0x000002b392d0772c: 0f1f 8400 | 1c38 002d | 488b 8424 | 0801 0000 

  0x000002b392d0773c: ;   {metadata(method data for {method} {0x000002b3ea672620} 'dispatchEvent' '(Ljava/lang/Object;Ljava/lang/Object;ILjava/lang/Object;)V' in 'org/eclipse/osgi/internal/framework/BundleContextImpl')}
  0x000002b392d0773c: 48ba 0040 | 7aea b302 | 0000 4883 | 82a0 0700 

  0x000002b392d0774c: ;   {metadata(method data for {method} {0x000002b3a7008958} 'toString' '()Ljava/lang/String;' in 'java/lang/StringBuilder')}
  0x000002b392d0774c: 0001 48ba | 58b9 00ea | b302 0000 | 8bb2 cc00 | 0000 83c6 | 0289 b2cc | 0000 0081 | e6fe ff1f 
  0x000002b392d0776c: 0085 f60f | 84cf 2400 

  0x000002b392d07774: ;   {metadata('java/lang/String')}
  0x000002b392d07774: 0048 ba78 | e800 a7b3 | 0200 0049 | 8b87 b801 | 0000 488d | 7818 493b | bfc8 0100 | 000f 87ce 
  0x000002b392d07794: 2400 0049 | 89bf b801 | 0000 48c7 | 0001 0000 | 0048 8bca | 49ba 0000 | 00a7 b302 | 0000 492b 
  0x000002b392d077b4: ca89 4808 | 4833 c989 | 480c 4833 | c948 8948 | 1048 8984 | 2420 0100 | 004c 8bc0 

  0x000002b392d077d0: ;   {metadata(method data for {method} {0x000002b3a7008958} 'toString' '()Ljava/lang/String;' in 'java/lang/StringBuilder')}
  0x000002b392d077d0: 49b9 58b9 | 00ea b302 | 0000 4983 | 8110 0100 

  0x000002b392d077e0: ;   {metadata(method data for {method} {0x000002b3a7455dd8} '<init>' '(Ljava/lang/StringBuilder;)V' in 'java/lang/String')}
  0x000002b392d077e0: 0001 49b8 | d0ba 00ea | b302 0000 | 458b 88cc | 0000 0041 | 83c1 0245 | 8988 cc00 | 0000 4181 
  0x000002b392d07800: e1fe ff1f | 0045 85c9 | 0f84 6424 | 0000 4c8b 

  0x000002b392d07810: ;   {metadata(method data for {method} {0x000002b3a7455dd8} '<init>' '(Ljava/lang/StringBuilder;)V' in 'java/lang/String')}
  0x000002b392d07810: c049 b9d0 | ba00 eab3 | 0200 0049 | 8381 1001 | 0000 014c | 8b84 2408 

  0x000002b392d07828: ;   {oop(nullptr)}
  0x000002b392d07828: 0100 0049 | b900 0000 | 0000 0000 | 0048 8bd0 | 0f1f 8000 

  0x000002b392d0783c: ;   {optimized virtual_call}
  0x000002b392d0783c: 0000 00e8 

  0x000002b392d07840: ; ImmutableOopMap {[128]=Oop [152]=Oop [176]=Oop [272]=Oop [280]=Oop [288]=Oop }
                      ;*invokespecial <init> {reexecute=0 rethrow=0 return_oop=0}
                      ; - java.lang.String::<init>@3
                      ; - java.lang.StringBuilder::toString@5
                      ; - org.eclipse.osgi.internal.framework.BundleContextImpl::dispatchEvent@232 (line 996)
  0x000002b392d07840: 3c6f 2307 

  0x000002b392d07844: ;   {other}
  0x000002b392d07844: 0f1f 8400 | 3439 002e | 488b 9424 | 8000 0000 | 8b5a 1848 | 899c 2430 | 0100 0090 

  0x000002b392d07860: ;   {no_reloc}
  0x000002b392d07860: e93d 2400 | 0000 0000 | 0000 498b | 87b8 0100 | 0048 8d78 | 1849 3bbf | c801 0000 | 0f87 2a24 
  0x000002b392d07880: 0000 4989 | bfb8 0100 | 0048 c700 | 0100 0000 | 488b ca49 | ba00 0000 | a7b3 0200 | 0049 2bca 
  0x000002b392d078a0: 8948 0848 | 33c9 8948 | 0c48 33c9 | 4889 4810 | 4889 8424 | 2801 0000 

  0x000002b392d078b8: ;   {metadata(method data for {method} {0x000002b3ea672620} 'dispatchEvent' '(Ljava/lang/Object;Ljava/lang/Object;ILjava/lang/Object;)V' in 'org/eclipse/osgi/internal/framework/BundleContextImpl')}
  0x000002b392d078b8: 4c8b c048 | ba00 407a | eab3 0200 | 0048 8382 | d807 0000 

  0x000002b392d078cc: ;   {metadata(method data for {method} {0x000002b3a7461da8} '<init>' '(Ljava/lang/String;)V' in 'java/lang/StringBuilder')}
  0x000002b392d078cc: 0149 b8f0 | 2030 eab3 | 0200 0041 | 8b90 cc00 | 0000 83c2 | 0241 8990 | cc00 0000 | 81e2 feff 
  0x000002b392d078ec: 1f00 85d2 | 0f84 c323 | 0000 4c8b 

  0x000002b392d078f8: ;   {metadata(method data for {method} {0x000002b3a7461da8} '<init>' '(Ljava/lang/String;)V' in 'java/lang/StringBuilder')}
  0x000002b392d078f8: c048 baf0 | 2030 eab3 | 0200 0048 | 8382 1001 

  0x000002b392d07908: ;   {oop("dispatchServiceEvent["{0x0000000080120f08})}
  0x000002b392d07908: 0000 0149 | b808 0f12 | 8000 0000 | 0048 8bd0 | 0f1f 8000 

  0x000002b392d0791c: ;   {optimized virtual_call}
  0x000002b392d0791c: 0000 00e8 

  0x000002b392d07920: ; ImmutableOopMap {[128]=Oop [152]=Oop [176]=Oop [272]=Oop [280]=Oop [288]=Oop [296]=Oop [304]=Oop }
                      ;*invokespecial <init> {reexecute=0 rethrow=0 return_oop=0}
                      ; - java.lang.StringBuilder::<init>@2
                      ; - org.eclipse.osgi.internal.framework.BundleContextImpl::dispatchEvent@251 (line 998)
  0x000002b392d07920: 5c6e 2307 

  0x000002b392d07924: ;   {other}
  0x000002b392d07924: 0f1f 8400 | 143a 002f | 488b 9424 | 8000 0000 | 8b72 1048 | 8b84 2428 

  0x000002b392d0793c: ;   {metadata(method data for {method} {0x000002b3ea672620} 'dispatchEvent' '(Ljava/lang/Object;Ljava/lang/Object;ILjava/lang/Object;)V' in 'org/eclipse/osgi/internal/framework/BundleContextImpl')}
  0x000002b392d0793c: 0100 0048 | bf00 407a | eab3 0200 | 0048 8387 | e807 0000 

  0x000002b392d07950: ;   {metadata(method data for {method} {0x000002b3a7461b40} 'append' '(Ljava/lang/Object;)Ljava/lang/StringBuilder;' in 'java/lang/StringBuilder')}
  0x000002b392d07950: 0148 bf60 | 030f eab3 | 0200 008b | 9fcc 0000 | 0083 c302 | 899f cc00 | 0000 81e3 | feff 1f00 
  0x000002b392d07970: 85db 0f84 | 6223 0000 

  0x000002b392d07978: ;   {metadata(method data for {method} {0x000002b3a7461b40} 'append' '(Ljava/lang/Object;)Ljava/lang/StringBuilder;' in 'java/lang/StringBuilder')}
  0x000002b392d07978: 48bf 6003 | 0fea b302 | 0000 4883 | 8710 0100 

  0x000002b392d07988: ;   {metadata(method data for {method} {0x000002b3a7455280} 'valueOf' '(Ljava/lang/Object;)Ljava/lang/String;' in 'java/lang/String')}
  0x000002b392d07988: 0001 48bf | 0005 0fea | b302 0000 | 8b9f cc00 | 0000 83c3 | 0289 9fcc | 0000 0081 | e3fe ff1f 
  0x000002b392d079a8: 0085 db0f | 844a 2300 | 0048 85f6 

  0x000002b392d079b4: ;   {metadata(method data for {method} {0x000002b3a7455280} 'valueOf' '(Ljava/lang/Object;)Ljava/lang/String;' in 'java/lang/String')}
  0x000002b392d079b4: 48bf 0005 | 0fea b302 | 0000 48c7 | c310 0100 | 0075 0748 | c7c3 2001 | 0000 488b | 041f 488d 
  0x000002b392d079d4: 4001 4889 | 041f 0f85 | 1f00 0000 

  0x000002b392d079e0: ;   {metadata(method data for {method} {0x000002b3a7455280} 'valueOf' '(Ljava/lang/Object;)Ljava/lang/String;' in 'java/lang/String')}
  0x000002b392d079e0: 48be 0005 | 0fea b302 | 0000 ff86 | 3001 0000 

  0x000002b392d079f0: ;   {oop("null"{0x0000000080000498})}
  0x000002b392d079f0: 48be 9804 | 0080 0000 | 0000 e9b0 | 0000 0048 | 3b06 488b 

  0x000002b392d07a04: ;   {metadata(method data for {method} {0x000002b3a7455280} 'valueOf' '(Ljava/lang/Object;)Ljava/lang/String;' in 'java/lang/String')}
  0x000002b392d07a04: fe48 bb00 | 050f eab3 | 0200 008b | 7f08 49ba | 0000 00a7 | b302 0000 | 4903 fa48 | 3bbb 5801 
  0x000002b392d07a24: 0000 750d | 4883 8360 | 0100 0001 | e960 0000 | 0048 3bbb | 6801 0000 | 750d 4883 | 8370 0100 
  0x000002b392d07a44: 0001 e94a | 0000 0048 | 83bb 5801 | 0000 0075 | 1748 89bb | 5801 0000 | 48c7 8360 | 0100 0001 
  0x000002b392d07a64: 0000 00e9 | 2900 0000 | 4883 bb68 | 0100 0000 | 7517 4889 | bb68 0100 | 0048 c783 | 7001 0000 
  0x000002b392d07a84: 0100 0000 | e908 0000 | 0048 8383 | 4801 0000 | 0148 8bd6 | 0f1f 8000 

  0x000002b392d07a9c: ;   {optimized virtual_call}
  0x000002b392d07a9c: 0000 00e8 

  0x000002b392d07aa0: ; ImmutableOopMap {[128]=Oop [152]=Oop [176]=Oop [272]=Oop [280]=Oop [288]=Oop [296]=Oop [304]=Oop }
                      ;*invokevirtual toString {reexecute=0 rethrow=0 return_oop=0}
                      ; - java.lang.String::valueOf@11
                      ; - java.lang.StringBuilder::append@2
                      ; - org.eclipse.osgi.internal.framework.BundleContextImpl::dispatchEvent@258 (line 998)
  0x000002b392d07aa0: dc6c 2307 

  0x000002b392d07aa4: ;   {other}
  0x000002b392d07aa4: 0f1f 8400 | 943b 0030 | 488b f048 | 8b84 2428 

  0x000002b392d07ab4: ;   {metadata(method data for {method} {0x000002b3a7461b40} 'append' '(Ljava/lang/Object;)Ljava/lang/StringBuilder;' in 'java/lang/StringBuilder')}
  0x000002b392d07ab4: 0100 0049 | b860 030f | eab3 0200 | 0049 8380 | 2001 0000 

  0x000002b392d07ac8: ;   {metadata(method data for {method} {0x000002b3a7461ae8} 'append' '(Ljava/lang/String;)Ljava/lang/StringBuilder;' in 'java/lang/StringBuilder')}
  0x000002b392d07ac8: 0149 b800 | b200 eab3 | 0200 0041 | 8b90 cc00 | 0000 83c2 | 0241 8990 | cc00 0000 | 81e2 feff 
  0x000002b392d07ae8: 1f00 85d2 | 0f84 2f22 | 0000 488b | 8424 2801 

  0x000002b392d07af8: ;   {metadata(method data for {method} {0x000002b3a7461ae8} 'append' '(Ljava/lang/String;)Ljava/lang/StringBuilder;' in 'java/lang/StringBuilder')}
  0x000002b392d07af8: 0000 49b8 | 00b2 00ea | b302 0000 | 4983 8010 | 0100 0001 | 4c8b c648 | 8b94 2428 

  0x000002b392d07b14: ;   {optimized virtual_call}
  0x000002b392d07b14: 0100 00e8 

  0x000002b392d07b18: ; ImmutableOopMap {[128]=Oop [152]=Oop [176]=Oop [272]=Oop [280]=Oop [288]=Oop [296]=Oop [304]=Oop }
                      ;*invokespecial append {reexecute=0 rethrow=0 return_oop=0}
                      ; - java.lang.StringBuilder::append@2
                      ; - java.lang.StringBuilder::append@5
                      ; - org.eclipse.osgi.internal.framework.BundleContextImpl::dispatchEvent@258 (line 998)
  0x000002b392d07b18: 646c 2307 

  0x000002b392d07b1c: ;   {other}
  0x000002b392d07b1c: 0f1f 8400 | 0c3c 0031 | 488b 8424 | 2801 0000 

  0x000002b392d07b2c: ;   {metadata(method data for {method} {0x000002b3ea672620} 'dispatchEvent' '(Ljava/lang/Object;Ljava/lang/Object;ILjava/lang/Object;)V' in 'org/eclipse/osgi/internal/framework/BundleContextImpl')}
  0x000002b392d07b2c: 4c8b c048 | ba00 407a | eab3 0200 | 0048 8382 | 2008 0000 

  0x000002b392d07b40: ;   {metadata(method data for {method} {0x000002b3a7461ae8} 'append' '(Ljava/lang/String;)Ljava/lang/StringBuilder;' in 'java/lang/StringBuilder')}
  0x000002b392d07b40: 0149 b800 | b200 eab3 | 0200 0041 | 8b90 cc00 | 0000 83c2 | 0241 8990 | cc00 0000 | 81e2 feff 
  0x000002b392d07b60: 1f00 85d2 | 0f84 d821 | 0000 4c8b 

  0x000002b392d07b6c: ;   {metadata(method data for {method} {0x000002b3a7461ae8} 'append' '(Ljava/lang/String;)Ljava/lang/StringBuilder;' in 'java/lang/StringBuilder')}
  0x000002b392d07b6c: c048 ba00 | b200 eab3 | 0200 0048 | 8382 1001 

  0x000002b392d07b7c: ;   {oop("]("{0x0000000080120ed8})}
  0x000002b392d07b7c: 0000 0149 | b8d8 0e12 | 8000 0000 | 0048 8bd0 

  0x000002b392d07b8c: ;   {optimized virtual_call}
  0x000002b392d07b8c: 6666 90e8 

  0x000002b392d07b90: ; ImmutableOopMap {[128]=Oop [152]=Oop [176]=Oop [272]=Oop [280]=Oop [288]=Oop [296]=Oop [304]=Oop }
                      ;*invokespecial append {reexecute=0 rethrow=0 return_oop=0}
                      ; - java.lang.StringBuilder::append@2
                      ; - org.eclipse.osgi.internal.framework.BundleContextImpl::dispatchEvent@264 (line 998)
  0x000002b392d07b90: ec6b 2307 

  0x000002b392d07b94: ;   {other}
  0x000002b392d07b94: 0f1f 8400 | 843c 0032 | 488b 8424 | 2801 0000 

  0x000002b392d07ba4: ;   {metadata(method data for {method} {0x000002b3ea672620} 'dispatchEvent' '(Ljava/lang/Object;Ljava/lang/Object;ILjava/lang/Object;)V' in 'org/eclipse/osgi/internal/framework/BundleContextImpl')}
  0x000002b392d07ba4: 49b8 0040 | 7aea b302 | 0000 4983 | 8058 0800 

  0x000002b392d07bb4: ;   {metadata(method data for {method} {0x000002b3a7461ae8} 'append' '(Ljava/lang/String;)Ljava/lang/StringBuilder;' in 'java/lang/StringBuilder')}
  0x000002b392d07bb4: 0001 49b8 | 00b2 00ea | b302 0000 | 418b 90cc | 0000 0083 | c202 4189 | 90cc 0000 | 0081 e2fe 
  0x000002b392d07bd4: ff1f 0085 | d20f 8484 | 2100 0048 | 8b84 2428 

  0x000002b392d07be4: ;   {metadata(method data for {method} {0x000002b3a7461ae8} 'append' '(Ljava/lang/String;)Ljava/lang/StringBuilder;' in 'java/lang/StringBuilder')}
  0x000002b392d07be4: 0100 0049 | b800 b200 | eab3 0200 | 0049 8380 | 1001 0000 | 014c 8b84 | 2420 0100 | 0048 8b94 
  0x000002b392d07c04: 2428 0100 | 0066 0f1f 

  0x000002b392d07c0c: ;   {optimized virtual_call}
  0x000002b392d07c0c: 4400 00e8 

  0x000002b392d07c10: ; ImmutableOopMap {[128]=Oop [152]=Oop [176]=Oop [272]=Oop [280]=Oop [296]=Oop [304]=Oop }
                      ;*invokespecial append {reexecute=0 rethrow=0 return_oop=0}
                      ; - java.lang.StringBuilder::append@2
                      ; - org.eclipse.osgi.internal.framework.BundleContextImpl::dispatchEvent@269 (line 998)
  0x000002b392d07c10: 6c6b 2307 

  0x000002b392d07c14: ;   {other}
  0x000002b392d07c14: 0f1f 8400 | 043d 0033 | 488b 8424 | 2801 0000 

  0x000002b392d07c24: ;   {metadata(method data for {method} {0x000002b3ea672620} 'dispatchEvent' '(Ljava/lang/Object;Ljava/lang/Object;ILjava/lang/Object;)V' in 'org/eclipse/osgi/internal/framework/BundleContextImpl')}
  0x000002b392d07c24: 49b8 0040 | 7aea b302 | 0000 4983 | 8090 0800 

  0x000002b392d07c34: ;   {metadata(method data for {method} {0x000002b3a7461ae8} 'append' '(Ljava/lang/String;)Ljava/lang/StringBuilder;' in 'java/lang/StringBuilder')}
  0x000002b392d07c34: 0001 49b8 | 00b2 00ea | b302 0000 | 418b 90cc | 0000 0083 | c202 4189 | 90cc 0000 | 0081 e2fe 
  0x000002b392d07c54: ff1f 0085 | d20f 8425 | 2100 0048 | 8b84 2428 

  0x000002b392d07c64: ;   {metadata(method data for {method} {0x000002b3a7461ae8} 'append' '(Ljava/lang/String;)Ljava/lang/StringBuilder;' in 'java/lang/StringBuilder')}
  0x000002b392d07c64: 0100 0049 | b800 b200 | eab3 0200 | 0049 8380 | 1001 0000 

  0x000002b392d07c78: ;   {oop(")"{0x0000000080000818})}
  0x000002b392d07c78: 0149 b818 | 0800 8000 | 0000 0048 | 8b94 2428 | 0100 000f 

  0x000002b392d07c8c: ;   {optimized virtual_call}
  0x000002b392d07c8c: 1f40 00e8 

  0x000002b392d07c90: ; ImmutableOopMap {[128]=Oop [152]=Oop [176]=Oop [272]=Oop [280]=Oop [296]=Oop [304]=Oop }
                      ;*invokespecial append {reexecute=0 rethrow=0 return_oop=0}
                      ; - java.lang.StringBuilder::append@2
                      ; - org.eclipse.osgi.internal.framework.BundleContextImpl::dispatchEvent@275 (line 998)
  0x000002b392d07c90: ec6a 2307 

  0x000002b392d07c94: ;   {other}
  0x000002b392d07c94: 0f1f 8400 | 843d 0034 | 488b 8424 | 2801 0000 

  0x000002b392d07ca4: ;   {metadata(method data for {method} {0x000002b3ea672620} 'dispatchEvent' '(Ljava/lang/Object;Ljava/lang/Object;ILjava/lang/Object;)V' in 'org/eclipse/osgi/internal/framework/BundleContextImpl')}
  0x000002b392d07ca4: 48ba 0040 | 7aea b302 | 0000 4883 | 82c8 0800 

  0x000002b392d07cb4: ;   {metadata(method data for {method} {0x000002b3a7008958} 'toString' '()Ljava/lang/String;' in 'java/lang/StringBuilder')}
  0x000002b392d07cb4: 0001 48ba | 58b9 00ea | b302 0000 | 8bb2 cc00 | 0000 83c6 | 0289 b2cc | 0000 0081 | e6fe ff1f 
  0x000002b392d07cd4: 0085 f60f | 84c8 2000 

  0x000002b392d07cdc: ;   {metadata('java/lang/String')}
  0x000002b392d07cdc: 0048 ba78 | e800 a7b3 | 0200 0049 | 8b87 b801 | 0000 488d | 7818 493b | bfc8 0100 | 000f 87c7 
  0x000002b392d07cfc: 2000 0049 | 89bf b801 | 0000 48c7 | 0001 0000 | 0048 8bca | 49ba 0000 | 00a7 b302 | 0000 492b 
  0x000002b392d07d1c: ca89 4808 | 4833 c989 | 480c 4833 | c948 8948 | 104c 8bc0 

  0x000002b392d07d30: ;   {metadata(method data for {method} {0x000002b3a7008958} 'toString' '()Ljava/lang/String;' in 'java/lang/StringBuilder')}
  0x000002b392d07d30: 49b9 58b9 | 00ea b302 | 0000 4983 | 8110 0100 

  0x000002b392d07d40: ;   {metadata(method data for {method} {0x000002b3a7455dd8} '<init>' '(Ljava/lang/StringBuilder;)V' in 'java/lang/String')}
  0x000002b392d07d40: 0001 49b8 | d0ba 00ea | b302 0000 | 458b 88cc | 0000 0041 | 83c1 0245 | 8988 cc00 | 0000 4181 
  0x000002b392d07d60: e1fe ff1f | 0045 85c9 | 0f84 6520 | 0000 4c8b 

  0x000002b392d07d70: ;   {metadata(method data for {method} {0x000002b3a7455dd8} '<init>' '(Ljava/lang/StringBuilder;)V' in 'java/lang/String')}
  0x000002b392d07d70: c049 b9d0 | ba00 eab3 | 0200 0049 | 8381 1001 | 0000 014c | 8b84 2428 

  0x000002b392d07d88: ;   {oop(nullptr)}
  0x000002b392d07d88: 0100 0049 | b900 0000 | 0000 0000 | 0048 8bd0 | 4889 8424 | 3801 0000 | 0f1f 8000 

  0x000002b392d07da4: ;   {optimized virtual_call}
  0x000002b392d07da4: 0000 00e8 

  0x000002b392d07da8: ; ImmutableOopMap {[128]=Oop [152]=Oop [176]=Oop [272]=Oop [280]=Oop [304]=Oop [312]=Oop }
                      ;*invokespecial <init> {reexecute=0 rethrow=0 return_oop=0}
                      ; - java.lang.String::<init>@3
                      ; - java.lang.StringBuilder::toString@5
                      ; - org.eclipse.osgi.internal.framework.BundleContextImpl::dispatchEvent@278 (line 998)
  0x000002b392d07da8: d469 2307 

  0x000002b392d07dac: ;   {other}
  0x000002b392d07dac: 0f1f 8400 | 9c3e 0035 | 488b 9c24 | 3001 0000 

  0x000002b392d07dbc: ; implicit exception: dispatches to 0x000002b392d09df4
  0x000002b392d07dbc: 483b 034c 

  0x000002b392d07dc0: ;   {metadata(method data for {method} {0x000002b3ea672620} 'dispatchEvent' '(Ljava/lang/Object;Ljava/lang/Object;ILjava/lang/Object;)V' in 'org/eclipse/osgi/internal/framework/BundleContextImpl')}
  0x000002b392d07dc0: 8bc3 49b9 | 0040 7aea | b302 0000 

  0x000002b392d07dcc: ;   {metadata('org/eclipse/osgi/internal/debug/Debug')}
  0x000002b392d07dcc: 49ba 8009 | 09a8 b302 | 0000 4d89 | 9110 0900 | 0049 8381 | 1809 0000 

  0x000002b392d07de4: ;   {metadata(method data for {method} {0x000002b3ea4e53d0} 'trace' '(Ljava/lang/String;Ljava/lang/String;)V' in 'org/eclipse/osgi/internal/debug/Debug')}
  0x000002b392d07de4: 0149 b8b0 | 4c78 eab3 | 0200 0045 | 8b88 cc00 | 0000 4183 | c102 4589 | 88cc 0000 | 0041 81e1 
  0x000002b392d07e04: feff 1f00 | 4585 c90f | 84e8 1f00 | 008b 5324 

  0x000002b392d07e14: ;   {metadata(method data for {method} {0x000002b3ea4e53d0} 'trace' '(Ljava/lang/String;Ljava/lang/String;)V' in 'org/eclipse/osgi/internal/debug/Debug')}
  0x000002b392d07e14: 4885 d249 | b8b0 4c78 | eab3 0200 | 0049 c7c1 | 1001 0000 | 7407 49c7 | c120 0100 | 004b 8b34 
  0x000002b392d07e34: 0848 8d76 | 014b 8934 | 080f 84ff | 0200 0048 | 85d2 0f84 | 2900 0000 

  0x000002b392d07e4c: ;   {metadata('org/eclipse/osgi/internal/log/ExtendedLogServiceImpl')}
  0x000002b392d07e4c: 48bf 4056 | 09a8 b302 | 0000 8b72 | 0849 ba00 | 0000 a7b3 | 0200 0049 | 03f2 483b | 7e38 0f85 
  0x000002b392d07e6c: aa1f 0000 | e900 0000 | 004c 8bc2 

  0x000002b392d07e78: ; implicit exception: dispatches to 0x000002b392d09e1f
  0x000002b392d07e78: 483b 024c 

  0x000002b392d07e7c: ;   {metadata(method data for {method} {0x000002b3ea4e53d0} 'trace' '(Ljava/lang/String;Ljava/lang/String;)V' in 'org/eclipse/osgi/internal/debug/Debug')}
  0x000002b392d07e7c: 8bc2 49b9 | b04c 78ea | b302 0000 

  0x000002b392d07e88: ;   {metadata('org/eclipse/osgi/internal/log/ExtendedLogServiceImpl')}
  0x000002b392d07e88: 49ba 4056 | 09a8 b302 | 0000 4d89 | 9140 0100 | 0049 8381 | 4801 0000 

  0x000002b392d07ea0: ;   {metadata(method data for {method} {0x000002b3ea50ca80} 'getLogger' '(Ljava/lang/String;)Lorg/osgi/service/log/Logger;' in 'org/eclipse/osgi/internal/log/ExtendedLogServiceImpl')}
  0x000002b392d07ea0: 0149 b8f0 | 4e78 eab3 | 0200 0045 | 8b88 cc00 | 0000 4183 | c102 4589 | 88cc 0000 | 0041 81e1 
  0x000002b392d07ec0: feff 1f00 | 4585 c90f | 8457 1f00 | 004c 8bc2 

  0x000002b392d07ed0: ;   {metadata(method data for {method} {0x000002b3ea50ca80} 'getLogger' '(Ljava/lang/String;)Lorg/osgi/service/log/Logger;' in 'org/eclipse/osgi/internal/log/ExtendedLogServiceImpl')}
  0x000002b392d07ed0: 49b9 f04e | 78ea b302 

  0x000002b392d07ed8: ;   {metadata('org/eclipse/osgi/internal/log/ExtendedLogServiceImpl')}
  0x000002b392d07ed8: 0000 49ba | 4056 09a8 | b302 0000 | 4d89 9120 | 0100 0049 | 8381 2801 

  0x000002b392d07ef0: ;   {metadata(method data for {method} {0x000002b3ea50a308} 'getLogger' '(Ljava/lang/String;)Lorg/eclipse/equinox/log/Logger;' in 'org/eclipse/osgi/internal/log/ExtendedLogServiceImpl')}
  0x000002b392d07ef0: 0000 0149 | b880 5078 | eab3 0200 | 0045 8b88 | cc00 0000 | 4183 c102 | 4589 88cc | 0000 0041 
  0x000002b392d07f10: 81e1 feff | 1f00 4585 | c90f 8426 | 1f00 004c 

  0x000002b392d07f20: ;   {metadata(method data for {method} {0x000002b3ea50a308} 'getLogger' '(Ljava/lang/String;)Lorg/eclipse/equinox/log/Logger;' in 'org/eclipse/osgi/internal/log/ExtendedLogServiceImpl')}
  0x000002b392d07f20: 8bc2 49b9 | 8050 78ea | b302 0000 

  0x000002b392d07f2c: ;   {metadata('org/eclipse/osgi/internal/log/ExtendedLogServiceImpl')}
  0x000002b392d07f2c: 49ba 4056 | 09a8 b302 | 0000 4d89 | 9120 0100 | 0049 8381 | 2801 0000 

  0x000002b392d07f44: ;   {oop("org.eclipse.osgi/debug/events"{0x00000000800d2d98})}
  0x000002b392d07f44: 0149 b898 | 2d0d 8000 

  0x000002b392d07f4c: ;   {oop(a 'java/lang/Class'{0x00000000802dd908} = 'org/osgi/service/log/Logger')}
  0x000002b392d07f4c: 0000 0049 | b908 d92d | 8000 0000 | 0066 0f1f 

  0x000002b392d07f5c: ;   {optimized virtual_call}
  0x000002b392d07f5c: 4400 00e8 

  0x000002b392d07f60: ; ImmutableOopMap {[128]=Oop [152]=Oop [176]=Oop [272]=Oop [280]=Oop [312]=Oop }
                      ;*invokevirtual getLogger {reexecute=0 rethrow=0 return_oop=0}
                      ; - org.eclipse.osgi.internal.log.ExtendedLogServiceImpl::getLogger@4 (line 73)
                      ; - org.eclipse.osgi.internal.log.ExtendedLogServiceImpl::getLogger@2 (line 1)
                      ; - org.eclipse.osgi.internal.debug.Debug::trace@11 (line 265)
                      ; - org.eclipse.osgi.internal.framework.BundleContextImpl::dispatchEvent@281 (line 998)
  0x000002b392d07f60: 1c68 2307 

  0x000002b392d07f64: ;   {other}
  0x000002b392d07f64: 0f1f 8400 | 5440 0036 | 4885 c075 

  0x000002b392d07f70: ;   {metadata(method data for {method} {0x000002b3ea50a308} 'getLogger' '(Ljava/lang/String;)Lorg/eclipse/equinox/log/Logger;' in 'org/eclipse/osgi/internal/log/ExtendedLogServiceImpl')}
  0x000002b392d07f70: 1648 be80 | 5078 eab3 | 0200 0080 | 8e41 0100 | 0001 e9e7 

  0x000002b392d07f84: ;   {metadata('org/eclipse/equinox/log/Logger')}
  0x000002b392d07f84: 0000 0048 | bff8 2909 | a8b3 0200 | 008b 7008 | 49ba 0000 | 00a7 b302 | 0000 4903 | f248 3b7e 
  0x000002b392d07fa4: 200f 841a | 0000 0048 | 3bf7 0f84 | 1100 0000 

  0x000002b392d07fb4: ;   {runtime_call slow_subtype_check Runtime1 stub}
  0x000002b392d07fb4: 5657 e8c5 | 7f2e 075e | 5e85 f60f | 848d 0000 

  0x000002b392d07fc4: ;   {metadata(method data for {method} {0x000002b3ea50a308} 'getLogger' '(Ljava/lang/String;)Lorg/eclipse/equinox/log/Logger;' in 'org/eclipse/osgi/internal/log/ExtendedLogServiceImpl')}
  0x000002b392d07fc4: 0048 be80 | 5078 eab3 | 0200 008b | 7808 49ba | 0000 00a7 | b302 0000 | 4903 fa48 | 3bbe 5801 
  0x000002b392d07fe4: 0000 750d | 4883 8660 | 0100 0001 | e979 0000 | 0048 3bbe | 6801 0000 | 750d 4883 | 8670 0100 
  0x000002b392d08004: 0001 e963 | 0000 0048 | 83be 5801 | 0000 0075 | 1748 89be | 5801 0000 | 48c7 8660 | 0100 0001 
  0x000002b392d08024: 0000 00e9 | 4200 0000 | 4883 be68 | 0100 0000 | 7517 4889 | be68 0100 | 0048 c786 | 7001 0000 
  0x000002b392d08044: 0100 0000 | e921 0000 | 00e9 1c00 

  0x000002b392d08050: ;   {metadata(method data for {method} {0x000002b3ea50a308} 'getLogger' '(Ljava/lang/String;)Lorg/eclipse/equinox/log/Logger;' in 'org/eclipse/osgi/internal/log/ExtendedLogServiceImpl')}
  0x000002b392d08050: 0000 48be | 8050 78ea | b302 0000 | 4883 ae48 | 0100 0001 | e9fd 1d00 | 00e9 0000 | 0000 488b 
  0x000002b392d08070: d048 3b02 

  0x000002b392d08074: ;   {metadata(method data for {method} {0x000002b3ea4e53d0} 'trace' '(Ljava/lang/String;Ljava/lang/String;)V' in 'org/eclipse/osgi/internal/debug/Debug')}
  0x000002b392d08074: 4c8b c248 | beb0 4c78 | eab3 0200 | 0045 8b40 | 0849 ba00 | 0000 a7b3 | 0200 004d | 03c2 4c3b 
  0x000002b392d08094: 8678 0100 | 0075 0d48 | 8386 8001 | 0000 01e9 | 6000 0000 | 4c3b 8688 | 0100 0075 | 0d48 8386 
  0x000002b392d080b4: 9001 0000 | 01e9 4a00 | 0000 4883 | be78 0100 | 0000 7517 | 4c89 8678 | 0100 0048 | c786 8001 
  0x000002b392d080d4: 0000 0100 | 0000 e929 | 0000 0048 | 83be 8801 | 0000 0075 | 174c 8986 | 8801 0000 | 48c7 8690 
  0x000002b392d080f4: 0100 0001 | 0000 00e9 | 0800 0000 | 4883 8668 | 0100 0001 | 4c8b 8424 | 3801 0000 | 0f1f 4400 
  0x000002b392d08114: 0048 b8ff | ffff ffff 

  0x000002b392d0811c: ;   {virtual_call}
  0x000002b392d0811c: ffff ffe8 

  0x000002b392d08120: ; ImmutableOopMap {[128]=Oop [152]=Oop [176]=Oop [272]=Oop [280]=Oop }
                      ;*invokeinterface debug {reexecute=0 rethrow=0 return_oop=0}
                      ; - org.eclipse.osgi.internal.debug.Debug::trace@17 (line 265)
                      ; - org.eclipse.osgi.internal.framework.BundleContextImpl::dispatchEvent@281 (line 998)
  0x000002b392d08120: 5c69 2307 

  0x000002b392d08124: ;   {other}
  0x000002b392d08124: 0f1f 8400 | 1442 0037 

  0x000002b392d0812c: ;   {metadata(method data for {method} {0x000002b3ea4e53d0} 'trace' '(Ljava/lang/String;Ljava/lang/String;)V' in 'org/eclipse/osgi/internal/debug/Debug')}
  0x000002b392d0812c: 49b8 b04c | 78ea b302 | 0000 41ff | 80a0 0100 | 00e9 5200 | 0000 488b | 8424 3801 

  0x000002b392d08148: ;   {oop(a 'java/lang/Class'{0x00000000802dd980} = 'org/eclipse/osgi/internal/debug/Debug')}
  0x000002b392d08148: 0000 49b8 | 80d9 2d80 | 0000 0000 | 418b 90d0 | 0000 0048 | 3b02 4c8b 

  0x000002b392d08160: ;   {metadata(method data for {method} {0x000002b3ea4e53d0} 'trace' '(Ljava/lang/String;Ljava/lang/String;)V' in 'org/eclipse/osgi/internal/debug/Debug')}
  0x000002b392d08160: c248 beb0 | 4c78 eab3 

  0x000002b392d08168: ;   {metadata('java/io/PrintStream')}
  0x000002b392d08168: 0200 0049 | bac8 a300 | a7b3 0200 | 004c 8996 | c801 0000 | 4883 86d0 | 0100 0001 

  0x000002b392d08184: ;   {optimized virtual_call}
  0x000002b392d08184: 4c8b c0e8 

  0x000002b392d08188: ; ImmutableOopMap {[128]=Oop [152]=Oop [176]=Oop [272]=Oop [280]=Oop }
                      ;*invokevirtual println {reexecute=0 rethrow=0 return_oop=0}
                      ; - org.eclipse.osgi.internal.debug.Debug::trace@29 (line 267)
                      ; - org.eclipse.osgi.internal.framework.BundleContextImpl::dispatchEvent@281 (line 998)
  0x000002b392d08188: f465 2307 

  0x000002b392d0818c: ;   {other}
  0x000002b392d0818c: 0f1f 8400 | 7c42 0038 | 488b 9424 | 1001 0000 | 488b 9c24 | 1801 0000 

  0x000002b392d081a4: ; implicit exception: dispatches to 0x000002b392d09e79
  0x000002b392d081a4: 483b 024c 

  0x000002b392d081a8: ;   {metadata(method data for {method} {0x000002b3ea672620} 'dispatchEvent' '(Ljava/lang/Object;Ljava/lang/Object;ILjava/lang/Object;)V' in 'org/eclipse/osgi/internal/framework/BundleContextImpl')}
  0x000002b392d081a8: 8bc2 48be | 0040 7aea | b302 0000 | 458b 4008 | 49ba 0000 | 00a7 b302 | 0000 4d03 | c24c 3b86 
  0x000002b392d081c8: 4809 0000 | 750d 4883 | 8650 0900 | 0001 e960 | 0000 004c | 3b86 5809 | 0000 750d | 4883 8660 
  0x000002b392d081e8: 0900 0001 | e94a 0000 | 0048 83be | 4809 0000 | 0075 174c | 8986 4809 | 0000 48c7 | 8650 0900 
  0x000002b392d08208: 0001 0000 | 00e9 2900 | 0000 4883 | be58 0900 | 0000 7517 | 4c89 8658 | 0900 0048 | c786 6009 
  0x000002b392d08228: 0000 0100 | 0000 e908 | 0000 0048 | 8386 3809 | 0000 014c | 8bc3 0f1f | 8000 0000 | 0048 b840 
  0x000002b392d08248: d60b a8b3 

  0x000002b392d0824c: ;   {virtual_call}
  0x000002b392d0824c: 0200 00e8 

  0x000002b392d08250: ; ImmutableOopMap {[128]=Oop [152]=Oop [176]=Oop }
                      ;*invokeinterface serviceChanged {reexecute=0 rethrow=0 return_oop=0}
                      ; - org.eclipse.osgi.internal.framework.BundleContextImpl::dispatchEvent@288 (line 1000)
  0x000002b392d08250: cc61 0000 

  0x000002b392d08254: ;   {other}
  0x000002b392d08254: 0f1f 8400 | 4443 0039 

  0x000002b392d0825c: ;   {metadata(method data for {method} {0x000002b3ea672620} 'dispatchEvent' '(Ljava/lang/Object;Ljava/lang/Object;ILjava/lang/Object;)V' in 'org/eclipse/osgi/internal/framework/BundleContextImpl')}
  0x000002b392d0825c: 49b8 0040 | 7aea b302 | 0000 41ff | 8070 0900 | 0048 8b84 | 24b0 0000 

  0x000002b392d08274: ;   {oop(a 'java/lang/Boolean'{0x0000000080004280} = false)}
  0x000002b392d08274: 0049 ba80 | 4200 8000 | 0000 0049 

  0x000002b392d08280: ;   {metadata(method data for {method} {0x000002b3ea672620} 'dispatchEvent' '(Ljava/lang/Object;Ljava/lang/Object;ILjava/lang/Object;)V' in 'org/eclipse/osgi/internal/framework/BundleContextImpl')}
  0x000002b392d08280: 3bc2 49b8 | 0040 7aea | b302 0000 | 48c7 c2f0 | 1000 0074 | 0748 c7c2 | 0011 0000 | 498b 3410 
  0x000002b392d082a0: 488d 7601 | 4989 3410 | 0f84 e60e 

  0x000002b392d082ac: ;   {metadata(method data for {method} {0x000002b3ea672620} 'dispatchEvent' '(Ljava/lang/Object;Ljava/lang/Object;ILjava/lang/Object;)V' in 'org/eclipse/osgi/internal/framework/BundleContextImpl')}
  0x000002b392d082ac: 0000 49b8 | 0040 7aea | b302 0000 | 4983 8010 | 1100 0001 | 4885 c075 

  0x000002b392d082c4: ;   {metadata(method data for {method} {0x000002b3ea672620} 'dispatchEvent' '(Ljava/lang/Object;Ljava/lang/Object;ILjava/lang/Object;)V' in 'org/eclipse/osgi/internal/framework/BundleContextImpl')}
  0x000002b392d082c4: 1648 be00 | 407a eab3 | 0200 0080 | 8e19 1100 | 0001 e9cd 

  0x000002b392d082d8: ;   {metadata('java/lang/ClassLoader')}
  0x000002b392d082d8: 0000 0048 | bf40 4001 | a7b3 0200 | 008b 7008 | 49ba 0000 | 00a7 b302 | 0000 4903 | f248 3b7e 
  0x000002b392d082f8: 380f 858d 

  0x000002b392d082fc: ;   {metadata(method data for {method} {0x000002b3ea672620} 'dispatchEvent' '(Ljava/lang/Object;Ljava/lang/Object;ILjava/lang/Object;)V' in 'org/eclipse/osgi/internal/framework/BundleContextImpl')}
  0x000002b392d082fc: 0000 0048 | be00 407a | eab3 0200 | 008b 7808 | 49ba 0000 | 00a7 b302 | 0000 4903 | fa48 3bbe 
  0x000002b392d0831c: 3011 0000 | 750d 4883 | 8638 1100 | 0001 e979 | 0000 0048 | 3bbe 4011 | 0000 750d | 4883 8648 
  0x000002b392d0833c: 1100 0001 | e963 0000 | 0048 83be | 3011 0000 | 0075 1748 | 89be 3011 | 0000 48c7 | 8638 1100 
  0x000002b392d0835c: 0001 0000 | 00e9 4200 | 0000 4883 | be40 1100 | 0000 7517 | 4889 be40 | 1100 0048 | c786 4811 
  0x000002b392d0837c: 0000 0100 | 0000 e921 | 0000 00e9 | 1c00 0000 

  0x000002b392d0838c: ;   {metadata(method data for {method} {0x000002b3ea672620} 'dispatchEvent' '(Ljava/lang/Object;Ljava/lang/Object;ILjava/lang/Object;)V' in 'org/eclipse/osgi/internal/framework/BundleContextImpl')}
  0x000002b392d0838c: 48be 0040 | 7aea b302 | 0000 4883 | ae20 1100 | 0001 e9db | 1a00 00e9 | 0000 0000 | 4c8b c049 
  0x000002b392d083ac: 8b97 8803 | 0000 488b | 1248 3b02 

  0x000002b392d083b8: ;   {metadata(method data for {method} {0x000002b3ea672620} 'dispatchEvent' '(Ljava/lang/Object;Ljava/lang/Object;ILjava/lang/Object;)V' in 'org/eclipse/osgi/internal/framework/BundleContextImpl')}
  0x000002b392d083b8: 488b f248 | bf00 407a | eab3 0200 | 008b 7608 | 49ba 0000 | 00a7 b302 | 0000 4903 | f248 3bb7 
  0x000002b392d083d8: 6811 0000 | 750d 4883 | 8770 1100 | 0001 e960 | 0000 0048 | 3bb7 7811 | 0000 750d | 4883 8780 
  0x000002b392d083f8: 1100 0001 | e94a 0000 | 0048 83bf | 6811 0000 | 0075 1748 | 89b7 6811 | 0000 48c7 | 8770 1100 
  0x000002b392d08418: 0001 0000 | 00e9 2900 | 0000 4883 | bf78 1100 | 0000 7517 | 4889 b778 | 1100 0048 | c787 8011 
  0x000002b392d08438: 0000 0100 | 0000 e908 | 0000 0048 | 8387 5811 | 0000 0166 | 9048 b8ff | ffff ffff 

  0x000002b392d08454: ;   {virtual_call}
  0x000002b392d08454: ffff ffe8 

  0x000002b392d08458: ; ImmutableOopMap {}
                      ;*invokevirtual setContextClassLoader {reexecute=0 rethrow=0 return_oop=0}
                      ; - org.eclipse.osgi.internal.framework.BundleContextImpl::dispatchEvent@573 (line 1039)
  0x000002b392d08458: 2466 2307 

  0x000002b392d0845c: ;   {other}
  0x000002b392d0845c: 0f1f 8400 | 4c45 003a | 4881 c490 | 0100 005d 

  0x000002b392d0846c: ;   {poll_return}
  0x000002b392d0846c: 493b a750 | 0400 000f | 8713 1a00 | 00c3 660f | 1f44 0000 

  0x000002b392d08480: ;   {no_reloc}
  0x000002b392d08480: e92c 1a00 | 0000 0000 | 0000 498b | 87b8 0100 | 0048 8d78 | 2849 3bbf | c801 0000 | 0f87 191a 
  0x000002b392d084a0: 0000 4989 | bfb8 0100 | 0048 c700 | 0100 0000 | 488b ca49 | ba00 0000 | a7b3 0200 | 0049 2bca 
  0x000002b392d084c0: 8948 0848 | 33c9 8948 | 0c48 33c9 | 4889 4810 | 4889 4818 | 4889 4820 

  0x000002b392d084d8: ;   {metadata(method data for {method} {0x000002b3ea672620} 'dispatchEvent' '(Ljava/lang/Object;Ljava/lang/Object;ILjava/lang/Object;)V' in 'org/eclipse/osgi/internal/framework/BundleContextImpl')}
  0x000002b392d084d8: 488b d048 | be00 407a | eab3 0200 | 0048 8386 | 200d 0000 | 0148 8bd0 | 4889 8424 | 4001 0000 
  0x000002b392d084f8: 0f1f 8000 

  0x000002b392d084fc: ;   {optimized virtual_call}
  0x000002b392d084fc: 0000 00e8 

  0x000002b392d08500: ; ImmutableOopMap {[128]=Oop [152]=Oop [176]=Oop [320]=Oop }
                      ;*invokespecial <init> {reexecute=0 rethrow=0 return_oop=0}
                      ; - org.eclipse.osgi.internal.framework.BundleContextImpl::dispatchEvent@418 (line 1018)
  0x000002b392d08500: 7c62 2307 

  0x000002b392d08504: ;   {other}
  0x000002b392d08504: 0f1f 8400 | f445 003b | 488b 8424 

  0x000002b392d08510: ; ImmutableOopMap {rax=Oop [128]=Oop [152]=Oop [176]=Oop }
                      ;*athrow {reexecute=1 rethrow=0 return_oop=0}
                      ; - (reexecute) org.eclipse.osgi.internal.framework.BundleContextImpl::dispatchEvent@421 (line 1018)
  0x000002b392d08510: 4001 0000 

  0x000002b392d08514: ;   {section_word}
  0x000002b392d08514: 48ba 1485 | d092 b302 

  0x000002b392d0851c: ;   {runtime_call handle_exception_nofpu Runtime1 stub}
  0x000002b392d0851c: 0000 e85d | 682e 0790 | 488b 9424 | 8000 0000 | 498b 8700 | 0500 004d | 33d2 4d89 | 9700 0500 
  0x000002b392d0853c: 004d 33d2 | 4d89 9708 | 0500 008b | 5a18 0fbe | 7313 85f6 

  0x000002b392d08550: ;   {metadata(method data for {method} {0x000002b3ea672620} 'dispatchEvent' '(Ljava/lang/Object;Ljava/lang/Object;ILjava/lang/Object;)V' in 'org/eclipse/osgi/internal/framework/BundleContextImpl')}
  0x000002b392d08550: 48be 0040 | 7aea b302 | 0000 48c7 | c740 0d00 | 0075 0748 | c7c7 300d | 0000 488b | 0c3e 488d 
  0x000002b392d08570: 4901 4889 | 0c3e 0f85 | 0d00 0000 | 4889 8424 | 4801 0000 | e963 0700 | 0048 899c | 2458 0100 
  0x000002b392d08590: 0048 8984 | 2448 0100 | 000f 1f80 | 0000 0000 

  0x000002b392d085a0: ;   {no_reloc}
  0x000002b392d085a0: e937 1900 | 0000 0000 | 0000 498b | 87b8 0100 | 0048 8d78 | 1849 3bbf | c801 0000 | 0f87 2419 
  0x000002b392d085c0: 0000 4989 | bfb8 0100 | 0048 c700 | 0100 0000 | 488b ca49 | ba00 0000 | a7b3 0200 | 0049 2bca 
  0x000002b392d085e0: 8948 0848 | 33c9 8948 | 0c48 33c9 | 4889 4810 

  0x000002b392d085f0: ;   {metadata(method data for {method} {0x000002b3ea672620} 'dispatchEvent' '(Ljava/lang/Object;Ljava/lang/Object;ILjava/lang/Object;)V' in 'org/eclipse/osgi/internal/framework/BundleContextImpl')}
  0x000002b392d085f0: 4c8b c048 | ba00 407a | eab3 0200 | 0048 8382 | 500d 0000 

  0x000002b392d08604: ;   {metadata(method data for {method} {0x000002b3a7461da8} '<init>' '(Ljava/lang/String;)V' in 'java/lang/StringBuilder')}
  0x000002b392d08604: 0149 b8f0 | 2030 eab3 | 0200 0041 | 8b90 cc00 | 0000 83c2 | 0241 8990 | cc00 0000 | 81e2 feff 
  0x000002b392d08624: 1f00 85d2 | 0f84 c518 | 0000 4c8b 

  0x000002b392d08630: ;   {metadata(method data for {method} {0x000002b3a7461da8} '<init>' '(Ljava/lang/String;)V' in 'java/lang/StringBuilder')}
  0x000002b392d08630: c048 baf0 | 2030 eab3 | 0200 0048 | 8382 1001 

  0x000002b392d08640: ;   {oop("Exception in bottom level event dispatcher: "{0x0000000080120f20})}
  0x000002b392d08640: 0000 0149 | b820 0f12 | 8000 0000 | 0048 8bd0 | 4889 8424 | 5001 0000 | 0f1f 8000 

  0x000002b392d0865c: ;   {optimized virtual_call}
  0x000002b392d0865c: 0000 00e8 

  0x000002b392d08660: ; ImmutableOopMap {[128]=Oop [152]=Oop [176]=Oop [328]=Oop [336]=Oop [344]=Oop }
                      ;*invokespecial <init> {reexecute=0 rethrow=0 return_oop=0}
                      ; - java.lang.StringBuilder::<init>@2
                      ; - org.eclipse.osgi.internal.framework.BundleContextImpl::dispatchEvent@448 (line 1024)
  0x000002b392d08660: 1c61 2307 

  0x000002b392d08664: ;   {other}
  0x000002b392d08664: 0f1f 8400 | 5447 003d | 488b 8424 | 4801 0000 

  0x000002b392d08674: ;   {metadata(method data for {method} {0x000002b3ea672620} 'dispatchEvent' '(Ljava/lang/Object;Ljava/lang/Object;ILjava/lang/Object;)V' in 'org/eclipse/osgi/internal/framework/BundleContextImpl')}
  0x000002b392d08674: 48ba 0040 | 7aea b302 | 0000 8b40 | 0849 ba00 | 0000 a7b3 | 0200 0049 | 03c2 483b | 8270 0d00 
  0x000002b392d08694: 0075 0d48 | 8382 780d | 0000 01e9 | 6000 0000 | 483b 8280 | 0d00 0075 | 0d48 8382 | 880d 0000 
  0x000002b392d086b4: 01e9 4a00 | 0000 4883 | ba70 0d00 | 0000 7517 | 4889 8270 | 0d00 0048 | c782 780d | 0000 0100 
  0x000002b392d086d4: 0000 e929 | 0000 0048 | 83ba 800d | 0000 0075 | 1748 8982 | 800d 0000 | 48c7 8288 | 0d00 0001 
  0x000002b392d086f4: 0000 00e9 | 0800 0000 | 4883 8260 | 0d00 0001 | 488b 9424 | 4801 0000 | 9048 b8ff | ffff ffff 
  0x000002b392d08714: ;   {virtual_call}
  0x000002b392d08714: ffff ffe8 

  0x000002b392d08718: ; ImmutableOopMap {[128]=Oop [152]=Oop [176]=Oop [328]=Oop [336]=Oop [344]=Oop }
                      ;*invokevirtual getMessage {reexecute=0 rethrow=0 return_oop=0}
                      ; - org.eclipse.osgi.internal.framework.BundleContextImpl::dispatchEvent@453 (line 1024)
  0x000002b392d08718: 6463 2307 

  0x000002b392d0871c: ;   {other}
  0x000002b392d0871c: 0f1f 8400 | 0c48 003e | 4c8b 8424 | 5001 0000 

  0x000002b392d0872c: ;   {metadata(method data for {method} {0x000002b3ea672620} 'dispatchEvent' '(Ljava/lang/Object;Ljava/lang/Object;ILjava/lang/Object;)V' in 'org/eclipse/osgi/internal/framework/BundleContextImpl')}
  0x000002b392d0872c: 48ba 0040 | 7aea b302 | 0000 4883 | 8298 0d00 

  0x000002b392d0873c: ;   {metadata(method data for {method} {0x000002b3a7461ae8} 'append' '(Ljava/lang/String;)Ljava/lang/StringBuilder;' in 'java/lang/StringBuilder')}
  0x000002b392d0873c: 0001 49b8 | 00b2 00ea | b302 0000 | 418b 90cc | 0000 0083 | c202 4189 | 90cc 0000 | 0081 e2fe 
  0x000002b392d0875c: ff1f 0085 | d20f 84ad | 1700 004c | 8b84 2450 

  0x000002b392d0876c: ;   {metadata(method data for {method} {0x000002b3a7461ae8} 'append' '(Ljava/lang/String;)Ljava/lang/StringBuilder;' in 'java/lang/StringBuilder')}
  0x000002b392d0876c: 0100 0048 | ba00 b200 | eab3 0200 | 0048 8382 | 1001 0000 | 014c 8bc0 | 488b 9424 | 5001 0000 
  0x000002b392d0878c: ;   {optimized virtual_call}
  0x000002b392d0878c: 6666 90e8 

  0x000002b392d08790: ; ImmutableOopMap {[128]=Oop [152]=Oop [176]=Oop [328]=Oop [336]=Oop [344]=Oop }
                      ;*invokespecial append {reexecute=0 rethrow=0 return_oop=0}
                      ; - java.lang.StringBuilder::append@2
                      ; - org.eclipse.osgi.internal.framework.BundleContextImpl::dispatchEvent@456 (line 1024)
  0x000002b392d08790: ec5f 2307 

  0x000002b392d08794: ;   {other}
  0x000002b392d08794: 0f1f 8400 | 8448 003f | 488b 8424 | 5001 0000 

  0x000002b392d087a4: ;   {metadata(method data for {method} {0x000002b3ea672620} 'dispatchEvent' '(Ljava/lang/Object;Ljava/lang/Object;ILjava/lang/Object;)V' in 'org/eclipse/osgi/internal/framework/BundleContextImpl')}
  0x000002b392d087a4: 48ba 0040 | 7aea b302 | 0000 4883 | 82d0 0d00 

  0x000002b392d087b4: ;   {metadata(method data for {method} {0x000002b3a7008958} 'toString' '()Ljava/lang/String;' in 'java/lang/StringBuilder')}
  0x000002b392d087b4: 0001 48ba | 58b9 00ea | b302 0000 | 8bb2 cc00 | 0000 83c6 | 0289 b2cc | 0000 0081 | e6fe ff1f 
  0x000002b392d087d4: 0085 f60f | 8458 1700 

  0x000002b392d087dc: ;   {metadata('java/lang/String')}
  0x000002b392d087dc: 0048 ba78 | e800 a7b3 | 0200 0049 | 8b87 b801 | 0000 488d | 7818 493b | bfc8 0100 | 000f 8757 
  0x000002b392d087fc: 1700 0049 | 89bf b801 | 0000 48c7 | 0001 0000 | 0048 8bca | 49ba 0000 | 00a7 b302 | 0000 492b 
  0x000002b392d0881c: ca89 4808 | 4833 c989 | 480c 4833 | c948 8948 | 104c 8bc0 

  0x000002b392d08830: ;   {metadata(method data for {method} {0x000002b3a7008958} 'toString' '()Ljava/lang/String;' in 'java/lang/StringBuilder')}
  0x000002b392d08830: 49b9 58b9 | 00ea b302 | 0000 4983 | 8110 0100 

  0x000002b392d08840: ;   {metadata(method data for {method} {0x000002b3a7455dd8} '<init>' '(Ljava/lang/StringBuilder;)V' in 'java/lang/String')}
  0x000002b392d08840: 0001 49b8 | d0ba 00ea | b302 0000 | 458b 88cc | 0000 0041 | 83c1 0245 | 8988 cc00 | 0000 4181 
  0x000002b392d08860: e1fe ff1f | 0045 85c9 | 0f84 f516 | 0000 4c8b 

  0x000002b392d08870: ;   {metadata(method data for {method} {0x000002b3a7455dd8} '<init>' '(Ljava/lang/StringBuilder;)V' in 'java/lang/String')}
  0x000002b392d08870: c049 b9d0 | ba00 eab3 | 0200 0049 | 8381 1001 | 0000 014c | 8b84 2450 

  0x000002b392d08888: ;   {oop(nullptr)}
  0x000002b392d08888: 0100 0049 | b900 0000 | 0000 0000 | 0048 8bd0 | 4889 8424 | 6001 0000 | 0f1f 8000 

  0x000002b392d088a4: ;   {optimized virtual_call}
  0x000002b392d088a4: 0000 00e8 

  0x000002b392d088a8: ; ImmutableOopMap {[128]=Oop [152]=Oop [176]=Oop [328]=Oop [344]=Oop [352]=Oop }
                      ;*invokespecial <init> {reexecute=0 rethrow=0 return_oop=0}
                      ; - java.lang.String::<init>@3
                      ; - java.lang.StringBuilder::toString@5
                      ; - org.eclipse.osgi.internal.framework.BundleContextImpl::dispatchEvent@459 (line 1024)
  0x000002b392d088a8: d45e 2307 

  0x000002b392d088ac: ;   {other}
  0x000002b392d088ac: 0f1f 8400 | 9c49 0040 | 488b 9c24 | 5801 0000 

  0x000002b392d088bc: ;   {metadata(method data for {method} {0x000002b3ea672620} 'dispatchEvent' '(Ljava/lang/Object;Ljava/lang/Object;ILjava/lang/Object;)V' in 'org/eclipse/osgi/internal/framework/BundleContextImpl')}
  0x000002b392d088bc: 49b8 0040 | 7aea b302 

  0x000002b392d088c4: ;   {metadata('org/eclipse/osgi/internal/debug/Debug')}
  0x000002b392d088c4: 0000 49ba | 8009 09a8 | b302 0000 | 4d89 9018 | 0e00 0049 | 8380 200e 

  0x000002b392d088dc: ;   {metadata(method data for {method} {0x000002b3ea4e53d0} 'trace' '(Ljava/lang/String;Ljava/lang/String;)V' in 'org/eclipse/osgi/internal/debug/Debug')}
  0x000002b392d088dc: 0000 0149 | b8b0 4c78 | eab3 0200 | 0045 8b88 | cc00 0000 | 4183 c102 | 4589 88cc | 0000 0041 
  0x000002b392d088fc: 81e1 feff | 1f00 4585 | c90f 8479 | 1600 0048 | 8b9c 2458 | 0100 008b | 5324 4885 

  0x000002b392d08918: ;   {metadata(method data for {method} {0x000002b3ea4e53d0} 'trace' '(Ljava/lang/String;Ljava/lang/String;)V' in 'org/eclipse/osgi/internal/debug/Debug')}
  0x000002b392d08918: d249 b8b0 | 4c78 eab3 | 0200 0049 | c7c1 1001 | 0000 7407 | 49c7 c120 | 0100 004b | 8b34 0848 
  0x000002b392d08938: 8d76 014b | 8934 080f | 84fd 0200 | 0048 85d2 | 0f84 2900 

  0x000002b392d0894c: ;   {metadata('org/eclipse/osgi/internal/log/ExtendedLogServiceImpl')}
  0x000002b392d0894c: 0000 48bf | 4056 09a8 | b302 0000 | 8b72 0849 | ba00 0000 | a7b3 0200 | 0049 03f2 | 483b 7e38 
  0x000002b392d0896c: 0f85 3316 | 0000 e900 | 0000 004c | 8bc2 483b | 024c 8bc2 

  0x000002b392d08980: ;   {metadata(method data for {method} {0x000002b3ea4e53d0} 'trace' '(Ljava/lang/String;Ljava/lang/String;)V' in 'org/eclipse/osgi/internal/debug/Debug')}
  0x000002b392d08980: 49b9 b04c | 78ea b302 

  0x000002b392d08988: ;   {metadata('org/eclipse/osgi/internal/log/ExtendedLogServiceImpl')}
  0x000002b392d08988: 0000 49ba | 4056 09a8 | b302 0000 | 4d89 9140 | 0100 0049 | 8381 4801 

  0x000002b392d089a0: ;   {metadata(method data for {method} {0x000002b3ea50ca80} 'getLogger' '(Ljava/lang/String;)Lorg/osgi/service/log/Logger;' in 'org/eclipse/osgi/internal/log/ExtendedLogServiceImpl')}
  0x000002b392d089a0: 0000 0149 | b8f0 4e78 | eab3 0200 | 0045 8b88 | cc00 0000 | 4183 c102 | 4589 88cc | 0000 0041 
  0x000002b392d089c0: 81e1 feff | 1f00 4585 | c90f 84e0 | 1500 004c 

  0x000002b392d089d0: ;   {metadata(method data for {method} {0x000002b3ea50ca80} 'getLogger' '(Ljava/lang/String;)Lorg/osgi/service/log/Logger;' in 'org/eclipse/osgi/internal/log/ExtendedLogServiceImpl')}
  0x000002b392d089d0: 8bc2 49b9 | f04e 78ea | b302 0000 

  0x000002b392d089dc: ;   {metadata('org/eclipse/osgi/internal/log/ExtendedLogServiceImpl')}
  0x000002b392d089dc: 49ba 4056 | 09a8 b302 | 0000 4d89 | 9120 0100 | 0049 8381 | 2801 0000 

  0x000002b392d089f4: ;   {metadata(method data for {method} {0x000002b3ea50a308} 'getLogger' '(Ljava/lang/String;)Lorg/eclipse/equinox/log/Logger;' in 'org/eclipse/osgi/internal/log/ExtendedLogServiceImpl')}
  0x000002b392d089f4: 0149 b880 | 5078 eab3 | 0200 0045 | 8b88 cc00 | 0000 4183 | c102 4589 | 88cc 0000 | 0041 81e1 
  0x000002b392d08a14: feff 1f00 | 4585 c90f | 84af 1500 | 004c 8bc2 

  0x000002b392d08a24: ;   {metadata(method data for {method} {0x000002b3ea50a308} 'getLogger' '(Ljava/lang/String;)Lorg/eclipse/equinox/log/Logger;' in 'org/eclipse/osgi/internal/log/ExtendedLogServiceImpl')}
  0x000002b392d08a24: 49b9 8050 | 78ea b302 

  0x000002b392d08a2c: ;   {metadata('org/eclipse/osgi/internal/log/ExtendedLogServiceImpl')}
  0x000002b392d08a2c: 0000 49ba | 4056 09a8 | b302 0000 | 4d89 9120 | 0100 0049 | 8381 2801 

  0x000002b392d08a44: ;   {oop("org.eclipse.osgi/debug/events"{0x00000000800d2d98})}
  0x000002b392d08a44: 0000 0149 | b898 2d0d | 8000 0000 

  0x000002b392d08a50: ;   {oop(a 'java/lang/Class'{0x00000000802dd908} = 'org/osgi/service/log/Logger')}
  0x000002b392d08a50: 0049 b908 | d92d 8000 | 0000 000f 

  0x000002b392d08a5c: ;   {optimized virtual_call}
  0x000002b392d08a5c: 1f40 00e8 

  0x000002b392d08a60: ; ImmutableOopMap {[128]=Oop [152]=Oop [176]=Oop [328]=Oop [352]=Oop }
                      ;*invokevirtual getLogger {reexecute=0 rethrow=0 return_oop=0}
                      ; - org.eclipse.osgi.internal.log.ExtendedLogServiceImpl::getLogger@4 (line 73)
                      ; - org.eclipse.osgi.internal.log.ExtendedLogServiceImpl::getLogger@2 (line 1)
                      ; - org.eclipse.osgi.internal.debug.Debug::trace@11 (line 265)
                      ; - org.eclipse.osgi.internal.framework.BundleContextImpl::dispatchEvent@462 (line 1024)
  0x000002b392d08a60: 1c5d 2307 

  0x000002b392d08a64: ;   {other}
  0x000002b392d08a64: 0f1f 8400 | 544b 0041 | 4885 c075 

  0x000002b392d08a70: ;   {metadata(method data for {method} {0x000002b3ea50a308} 'getLogger' '(Ljava/lang/String;)Lorg/eclipse/equinox/log/Logger;' in 'org/eclipse/osgi/internal/log/ExtendedLogServiceImpl')}
  0x000002b392d08a70: 1648 be80 | 5078 eab3 | 0200 0080 | 8e41 0100 | 0001 e9e7 

  0x000002b392d08a84: ;   {metadata('org/eclipse/equinox/log/Logger')}
  0x000002b392d08a84: 0000 0048 | bff8 2909 | a8b3 0200 | 008b 7008 | 49ba 0000 | 00a7 b302 | 0000 4903 | f248 3b7e 
  0x000002b392d08aa4: 200f 841a | 0000 0048 | 3bf7 0f84 | 1100 0000 

  0x000002b392d08ab4: ;   {runtime_call slow_subtype_check Runtime1 stub}
  0x000002b392d08ab4: 5657 e8c5 | 742e 075e | 5e85 f60f | 848d 0000 

  0x000002b392d08ac4: ;   {metadata(method data for {method} {0x000002b3ea50a308} 'getLogger' '(Ljava/lang/String;)Lorg/eclipse/equinox/log/Logger;' in 'org/eclipse/osgi/internal/log/ExtendedLogServiceImpl')}
  0x000002b392d08ac4: 0048 be80 | 5078 eab3 | 0200 008b | 7808 49ba | 0000 00a7 | b302 0000 | 4903 fa48 | 3bbe 5801 
  0x000002b392d08ae4: 0000 750d | 4883 8660 | 0100 0001 | e979 0000 | 0048 3bbe | 6801 0000 | 750d 4883 | 8670 0100 
  0x000002b392d08b04: 0001 e963 | 0000 0048 | 83be 5801 | 0000 0075 | 1748 89be | 5801 0000 | 48c7 8660 | 0100 0001 
  0x000002b392d08b24: 0000 00e9 | 4200 0000 | 4883 be68 | 0100 0000 | 7517 4889 | be68 0100 | 0048 c786 | 7001 0000 
  0x000002b392d08b44: 0100 0000 | e921 0000 | 00e9 1c00 

  0x000002b392d08b50: ;   {metadata(method data for {method} {0x000002b3ea50a308} 'getLogger' '(Ljava/lang/String;)Lorg/eclipse/equinox/log/Logger;' in 'org/eclipse/osgi/internal/log/ExtendedLogServiceImpl')}
  0x000002b392d08b50: 0000 48be | 8050 78ea | b302 0000 | 4883 ae48 | 0100 0001 | e988 1400 | 00e9 0000 | 0000 488b 
  0x000002b392d08b70: d048 3b02 

  0x000002b392d08b74: ;   {metadata(method data for {method} {0x000002b3ea4e53d0} 'trace' '(Ljava/lang/String;Ljava/lang/String;)V' in 'org/eclipse/osgi/internal/debug/Debug')}
  0x000002b392d08b74: 4c8b c248 | beb0 4c78 | eab3 0200 | 0045 8b40 | 0849 ba00 | 0000 a7b3 | 0200 004d | 03c2 4c3b 
  0x000002b392d08b94: 8678 0100 | 0075 0d48 | 8386 8001 | 0000 01e9 | 6000 0000 | 4c3b 8688 | 0100 0075 | 0d48 8386 
  0x000002b392d08bb4: 9001 0000 | 01e9 4a00 | 0000 4883 | be78 0100 | 0000 7517 | 4c89 8678 | 0100 0048 | c786 8001 
  0x000002b392d08bd4: 0000 0100 | 0000 e929 | 0000 0048 | 83be 8801 | 0000 0075 | 174c 8986 | 8801 0000 | 48c7 8690 
  0x000002b392d08bf4: 0100 0001 | 0000 00e9 | 0800 0000 | 4883 8668 | 0100 0001 | 4c8b 8424 | 6001 0000 | 0f1f 4400 
  0x000002b392d08c14: 0048 b8ff | ffff ffff 

  0x000002b392d08c1c: ;   {virtual_call}
  0x000002b392d08c1c: ffff ffe8 

  0x000002b392d08c20: ; ImmutableOopMap {[128]=Oop [152]=Oop [176]=Oop [328]=Oop }
                      ;*invokeinterface debug {reexecute=0 rethrow=0 return_oop=0}
                      ; - org.eclipse.osgi.internal.debug.Debug::trace@17 (line 265)
                      ; - org.eclipse.osgi.internal.framework.BundleContextImpl::dispatchEvent@462 (line 1024)
  0x000002b392d08c20: 5c5e 2307 

  0x000002b392d08c24: ;   {other}
  0x000002b392d08c24: 0f1f 8400 | 144d 0042 

  0x000002b392d08c2c: ;   {metadata(method data for {method} {0x000002b3ea4e53d0} 'trace' '(Ljava/lang/String;Ljava/lang/String;)V' in 'org/eclipse/osgi/internal/debug/Debug')}
  0x000002b392d08c2c: 49b8 b04c | 78ea b302 | 0000 41ff | 80a0 0100 | 00e9 5200 | 0000 488b | 8424 6001 

  0x000002b392d08c48: ;   {oop(a 'java/lang/Class'{0x00000000802dd980} = 'org/eclipse/osgi/internal/debug/Debug')}
  0x000002b392d08c48: 0000 49b8 | 80d9 2d80 | 0000 0000 | 418b 90d0 | 0000 0048 | 3b02 4c8b 

  0x000002b392d08c60: ;   {metadata(method data for {method} {0x000002b3ea4e53d0} 'trace' '(Ljava/lang/String;Ljava/lang/String;)V' in 'org/eclipse/osgi/internal/debug/Debug')}
  0x000002b392d08c60: c248 beb0 | 4c78 eab3 

  0x000002b392d08c68: ;   {metadata('java/io/PrintStream')}
  0x000002b392d08c68: 0200 0049 | bac8 a300 | a7b3 0200 | 004c 8996 | c801 0000 | 4883 86d0 | 0100 0001 

  0x000002b392d08c84: ;   {optimized virtual_call}
  0x000002b392d08c84: 4c8b c0e8 

  0x000002b392d08c88: ; ImmutableOopMap {[128]=Oop [152]=Oop [176]=Oop [328]=Oop }
                      ;*invokevirtual println {reexecute=0 rethrow=0 return_oop=0}
                      ; - org.eclipse.osgi.internal.debug.Debug::trace@29 (line 267)
                      ; - org.eclipse.osgi.internal.framework.BundleContextImpl::dispatchEvent@462 (line 1024)
  0x000002b392d08c88: f45a 2307 

  0x000002b392d08c8c: ;   {other}
  0x000002b392d08c8c: 0f1f 8400 | 7c4d 0043 | 488b 9424 | 8000 0000 | 8b72 1848 | 3b06 4c8b 

  0x000002b392d08ca4: ;   {metadata(method data for {method} {0x000002b3ea672620} 'dispatchEvent' '(Ljava/lang/Object;Ljava/lang/Object;ILjava/lang/Object;)V' in 'org/eclipse/osgi/internal/framework/BundleContextImpl')}
  0x000002b392d08ca4: c649 b900 | 407a eab3 

  0x000002b392d08cac: ;   {metadata('org/eclipse/osgi/internal/debug/Debug')}
  0x000002b392d08cac: 0200 0049 | ba80 0909 | a8b3 0200 | 004d 8991 | 500e 0000 | 4983 8158 | 0e00 0001 

  0x000002b392d08cc8: ;   {oop("org.eclipse.osgi/debug/events"{0x00000000800d2d98})}
  0x000002b392d08cc8: 49b8 982d | 0d80 0000 | 0000 4c8b | 8c24 4801 | 0000 488b 

  0x000002b392d08cdc: ;   {optimized virtual_call}
  0x000002b392d08cdc: d666 90e8 

  0x000002b392d08ce0: ; ImmutableOopMap {[128]=Oop [152]=Oop [176]=Oop [328]=Oop }
                      ;*invokevirtual traceThrowable {reexecute=0 rethrow=0 return_oop=0}
                      ; - org.eclipse.osgi.internal.framework.BundleContextImpl::dispatchEvent@474 (line 1028)
  0x000002b392d08ce0: 9c5a 2307 

  0x000002b392d08ce4: ;   {other}
  0x000002b392d08ce4: 0f1f 8400 | d44d 0044 | 8bbc 2488 | 0000 0083 

  0x000002b392d08cf4: ;   {metadata(method data for {method} {0x000002b3ea672620} 'dispatchEvent' '(Ljava/lang/Object;Ljava/lang/Object;ILjava/lang/Object;)V' in 'org/eclipse/osgi/internal/framework/BundleContextImpl')}
  0x000002b392d08cf4: ff04 48b8 | 0040 7aea | b302 0000 | 49c7 c078 | 0e00 0075 | 0749 c7c0 | 880e 0000 | 4e8b 0c00 
  0x000002b392d08d14: 4d8d 4901 | 4e89 0c00 | 0f85 4f01 | 0000 488b | b424 9800 | 0000 4885 

  0x000002b392d08d2c: ;   {metadata(method data for {method} {0x000002b3ea672620} 'dispatchEvent' '(Ljava/lang/Object;Ljava/lang/Object;ILjava/lang/Object;)V' in 'org/eclipse/osgi/internal/framework/BundleContextImpl')}
  0x000002b392d08d2c: f675 1749 | b900 407a | eab3 0200 | 0041 8089 | 910e 0000 | 01e9 cd00 

  0x000002b392d08d44: ;   {metadata('org/osgi/framework/FrameworkEvent')}
  0x000002b392d08d44: 0000 48bf | e067 11a8 | b302 0000 | 448b 4608 | 49ba 0000 | 00a7 b302 | 0000 4d03 | c249 3bf8 
  0x000002b392d08d64: 0f85 8d00 

  0x000002b392d08d68: ;   {metadata(method data for {method} {0x000002b3ea672620} 'dispatchEvent' '(Ljava/lang/Object;Ljava/lang/Object;ILjava/lang/Object;)V' in 'org/eclipse/osgi/internal/framework/BundleContextImpl')}
  0x000002b392d08d68: 0000 49b9 | 0040 7aea | b302 0000 | 8b7e 0849 | ba00 0000 | a7b3 0200 | 0049 03fa | 493b b9a8 
  0x000002b392d08d88: 0e00 0075 | 0d49 8381 | b00e 0000 | 01e9 7900 | 0000 493b | b9b8 0e00 | 0075 0d49 | 8381 c00e 
  0x000002b392d08da8: 0000 01e9 | 6300 0000 | 4983 b9a8 | 0e00 0000 | 7517 4989 | b9a8 0e00 | 0049 c781 | b00e 0000 
  0x000002b392d08dc8: 0100 0000 | e942 0000 | 0049 83b9 | b80e 0000 | 0075 1749 | 89b9 b80e | 0000 49c7 | 81c0 0e00 
  0x000002b392d08de8: 0001 0000 | 00e9 2100 | 0000 e91c 

  0x000002b392d08df4: ;   {metadata(method data for {method} {0x000002b3ea672620} 'dispatchEvent' '(Ljava/lang/Object;Ljava/lang/Object;ILjava/lang/Object;)V' in 'org/eclipse/osgi/internal/framework/BundleContextImpl')}
  0x000002b392d08df4: 0000 0049 | b900 407a | eab3 0200 | 0049 83a9 | 980e 0000 | 01e9 fb11 | 0000 e900 | 0000 0048 
  0x000002b392d08e14: 8bc6 483b | 004c 8bc0 

  0x000002b392d08e1c: ;   {metadata(method data for {method} {0x000002b3ea672620} 'dispatchEvent' '(Ljava/lang/Object;Ljava/lang/Object;ILjava/lang/Object;)V' in 'org/eclipse/osgi/internal/framework/BundleContextImpl')}
  0x000002b392d08e1c: 49b9 0040 | 7aea b302 

  0x000002b392d08e24: ;   {metadata('org/osgi/framework/FrameworkEvent')}
  0x000002b392d08e24: 0000 49ba | e067 11a8 | b302 0000 | 4d89 91e0 | 0e00 0049 | 8381 e80e | 0000 018b | 4010 83f8 
  0x000002b392d08e44: ;   {metadata(method data for {method} {0x000002b3ea672620} 'dispatchEvent' '(Ljava/lang/Object;Ljava/lang/Object;ILjava/lang/Object;)V' in 'org/eclipse/osgi/internal/framework/BundleContextImpl')}
  0x000002b392d08e44: 0248 b800 | 407a eab3 | 0200 0049 | c7c0 080f | 0000 7407 | 49c7 c018 | 0f00 004e | 8b0c 004d 
  0x000002b392d08e64: 8d49 014e | 890c 000f | 841b 0100 | 0048 8bb4 | 2480 0000 | 0044 8b46 | 1449 3b00 

  0x000002b392d08e80: ;   {metadata(method data for {method} {0x000002b3ea672620} 'dispatchEvent' '(Ljava/lang/Object;Ljava/lang/Object;ILjava/lang/Object;)V' in 'org/eclipse/osgi/internal/framework/BundleContextImpl')}
  0x000002b392d08e80: 498b c049 | b900 407a | eab3 0200 

  0x000002b392d08e8c: ;   {metadata('org/eclipse/osgi/internal/framework/EquinoxContainer')}
  0x000002b392d08e8c: 0049 ba00 | b008 a8b3 | 0200 004d | 8991 380f | 0000 4983 | 8140 0f00 

  0x000002b392d08ea4: ;   {metadata(method data for {method} {0x000002b3ea4a2328} 'getEventPublisher' '()Lorg/eclipse/osgi/internal/framework/EquinoxEventPublisher;' in 'org/eclipse/osgi/internal/framework/EquinoxContainer')}
  0x000002b392d08ea4: 0001 48b8 | 90bd 78ea | b302 0000 | 448b 88cc | 0000 0041 | 83c1 0244 | 8988 cc00 | 0000 4181 
  0x000002b392d08ec4: e1fe ff1f | 0045 85c9 | 0f84 4a11 | 0000 458b | 482c 488d | bc24 7001 | 0000 4c89 | 4f08 498b 
  0x000002b392d08ee4: 0148 83c8 | 0148 8907 | f049 0fb1 | 390f 8412 | 0000 0048 | 2bc4 4825 | 07f0 ffff | 4889 070f 
  0x000002b392d08f04: 8539 1100 | 0049 ff87 | 5005 0000 | 418b 5028 | 488d 8424 | 7001 0000 | 4c8b 004d | 85c0 0f84 
  0x000002b392d08f24: 0f00 0000 | 4c8b 4808 | f04d 0fb1 | 010f 851e | 1100 0049 | ff8f 5005 | 0000 448b | 4e10 483b 
  0x000002b392d08f44: 024c 8bc2 

  0x000002b392d08f48: ;   {metadata(method data for {method} {0x000002b3ea672620} 'dispatchEvent' '(Ljava/lang/Object;Ljava/lang/Object;ILjava/lang/Object;)V' in 'org/eclipse/osgi/internal/framework/BundleContextImpl')}
  0x000002b392d08f48: 48bf 0040 | 7aea b302 

  0x000002b392d08f50: ;   {metadata('org/eclipse/osgi/internal/framework/EquinoxEventPublisher')}
  0x000002b392d08f50: 0000 49ba | 8036 0ba8 | b302 0000 | 4c89 9770 | 0f00 0048 | 8387 780f | 0000 0141 | b802 0000 
  0x000002b392d08f70: 0048 8bbc | 2448 0100 | 0066 0f1f 

  0x000002b392d08f7c: ;   {optimized virtual_call}
  0x000002b392d08f7c: 4400 00e8 

  0x000002b392d08f80: ; ImmutableOopMap {[176]=Oop }
                      ;*invokevirtual publishFrameworkEvent {reexecute=0 rethrow=0 return_oop=0}
                      ; - org.eclipse.osgi.internal.framework.BundleContextImpl::dispatchEvent@508 (line 1035)
  0x000002b392d08f80: fc57 2307 

  0x000002b392d08f84: ;   {other}
  0x000002b392d08f84: 0f1f 8400 | 7450 0045 | 488b bc24 | b000 0000 

  0x000002b392d08f94: ;   {oop(a 'java/lang/Boolean'{0x0000000080004280} = false)}
  0x000002b392d08f94: 49ba 8042 | 0080 0000 | 0000 493b 

  0x000002b392d08fa0: ;   {metadata(method data for {method} {0x000002b3ea672620} 'dispatchEvent' '(Ljava/lang/Object;Ljava/lang/Object;ILjava/lang/Object;)V' in 'org/eclipse/osgi/internal/framework/BundleContextImpl')}
  0x000002b392d08fa0: fa49 b800 | 407a eab3 | 0200 0048 | c7c2 980f | 0000 7407 | 48c7 c2a8 | 0f00 0049 | 8b34 1048 
  0x000002b392d08fc0: 8d76 0149 | 8934 100f | 84c7 0100 

  0x000002b392d08fcc: ;   {metadata(method data for {method} {0x000002b3ea672620} 'dispatchEvent' '(Ljava/lang/Object;Ljava/lang/Object;ILjava/lang/Object;)V' in 'org/eclipse/osgi/internal/framework/BundleContextImpl')}
  0x000002b392d08fcc: 0049 b800 | 407a eab3 | 0200 0049 | 8380 b80f | 0000 0148 | 85ff 7516 

  0x000002b392d08fe4: ;   {metadata(method data for {method} {0x000002b3ea672620} 'dispatchEvent' '(Ljava/lang/Object;Ljava/lang/Object;ILjava/lang/Object;)V' in 'org/eclipse/osgi/internal/framework/BundleContextImpl')}
  0x000002b392d08fe4: 48be 0040 | 7aea b302 | 0000 808e | c10f 0000 | 01e9 ce00 

  0x000002b392d08ff8: ;   {metadata('java/lang/ClassLoader')}
  0x000002b392d08ff8: 0000 49b8 | 4040 01a7 | b302 0000 | 8b77 0849 | ba00 0000 | a7b3 0200 | 0049 03f2 | 4c3b 4638 
  0x000002b392d09018: 0f85 8e00 

  0x000002b392d0901c: ;   {metadata(method data for {method} {0x000002b3ea672620} 'dispatchEvent' '(Ljava/lang/Object;Ljava/lang/Object;ILjava/lang/Object;)V' in 'org/eclipse/osgi/internal/framework/BundleContextImpl')}
  0x000002b392d0901c: 0000 48be | 0040 7aea | b302 0000 | 448b 4708 | 49ba 0000 | 00a7 b302 | 0000 4d03 | c24c 3b86 
  0x000002b392d0903c: d80f 0000 | 750d 4883 | 86e0 0f00 | 0001 e979 | 0000 004c | 3b86 e80f | 0000 750d | 4883 86f0 
  0x000002b392d0905c: 0f00 0001 | e963 0000 | 0048 83be | d80f 0000 | 0075 174c | 8986 d80f | 0000 48c7 | 86e0 0f00 
  0x000002b392d0907c: 0001 0000 | 00e9 4200 | 0000 4883 | bee8 0f00 | 0000 7517 | 4c89 86e8 | 0f00 0048 | c786 f00f 
  0x000002b392d0909c: 0000 0100 | 0000 e921 | 0000 00e9 | 1c00 0000 

  0x000002b392d090ac: ;   {metadata(method data for {method} {0x000002b3ea672620} 'dispatchEvent' '(Ljava/lang/Object;Ljava/lang/Object;ILjava/lang/Object;)V' in 'org/eclipse/osgi/internal/framework/BundleContextImpl')}
  0x000002b392d090ac: 48be 0040 | 7aea b302 | 0000 4883 | aec8 0f00 | 0001 e9ad | 0f00 00e9 | 0000 0000 | 4c8b c749 
  0x000002b392d090cc: 8b97 8803 | 0000 488b | 1248 3b02 

  0x000002b392d090d8: ;   {metadata(method data for {method} {0x000002b3ea672620} 'dispatchEvent' '(Ljava/lang/Object;Ljava/lang/Object;ILjava/lang/Object;)V' in 'org/eclipse/osgi/internal/framework/BundleContextImpl')}
  0x000002b392d090d8: 488b f248 | bf00 407a | eab3 0200 | 008b 7608 | 49ba 0000 | 00a7 b302 | 0000 4903 | f248 3bb7 
  0x000002b392d090f8: 1010 0000 | 750d 4883 | 8718 1000 | 0001 e960 | 0000 0048 | 3bb7 2010 | 0000 750d | 4883 8728 
  0x000002b392d09118: 1000 0001 | e94a 0000 | 0048 83bf | 1010 0000 | 0075 1748 | 89b7 1010 | 0000 48c7 | 8718 1000 
  0x000002b392d09138: 0001 0000 | 00e9 2900 | 0000 4883 | bf20 1000 | 0000 7517 | 4889 b720 | 1000 0048 | c787 2810 
  0x000002b392d09158: 0000 0100 | 0000 e908 | 0000 0048 | 8387 0010 | 0000 0166 | 9048 b8ff | ffff ffff 

  0x000002b392d09174: ;   {virtual_call}
  0x000002b392d09174: ffff ffe8 

  0x000002b392d09178: ; ImmutableOopMap {}
                      ;*invokevirtual setContextClassLoader {reexecute=0 rethrow=0 return_oop=0}
                      ; - org.eclipse.osgi.internal.framework.BundleContextImpl::dispatchEvent@527 (line 1039)
  0x000002b392d09178: 0459 2307 

  0x000002b392d0917c: ;   {other}
  0x000002b392d0917c: 0f1f 8400 | 6c52 0046 

  0x000002b392d09184: ;   {metadata(method data for {method} {0x000002b3ea672620} 'dispatchEvent' '(Ljava/lang/Object;Ljava/lang/Object;ILjava/lang/Object;)V' in 'org/eclipse/osgi/internal/framework/BundleContextImpl')}
  0x000002b392d09184: 48b8 0040 | 7aea b302 | 0000 ff80 | 3810 0000 | 4881 c490 | 0100 005d 

  0x000002b392d0919c: ;   {poll_return}
  0x000002b392d0919c: 493b a750 | 0400 000f | 87d5 0e00 | 00c3 488b | bc24 b000 | 0000 488b | b424 8000 | 0000 498b 
  0x000002b392d091bc: 8700 0500 | 004d 33d2 | 4d89 9700 | 0500 004d | 33d2 4d89 | 9708 0500 | 0048 8bd0 | 488d 8424 
  0x000002b392d091dc: 7001 0000 | 4c8b 004d | 85c0 0f84 | 0f00 0000 | 488b 5808 | f04c 0fb1 | 030f 8599 | 0e00 0049 
  0x000002b392d091fc: ff8f 5005 | 0000 4c8b | 8424 4801 | 0000 488b 

  0x000002b392d0920c: ; ImmutableOopMap {rdi=Oop rsi=Oop r8=Oop rax=Oop [128]=Oop [176]=Oop }
                      ;*athrow {reexecute=1 rethrow=0 return_oop=0}
                      ; - (reexecute) org.eclipse.osgi.internal.framework.EquinoxContainer::getEventPublisher@16 (line 275)
                      ; - org.eclipse.osgi.internal.framework.BundleContextImpl::dispatchEvent@498 (line 1035)
                      ;   {section_word}
  0x000002b392d0920c: c248 ba0d | 92d0 92b3 

  0x000002b392d09214: ;   {runtime_call handle_exception_nofpu Runtime1 stub}
  0x000002b392d09214: 0200 00e8 | 645b 2e07 | 9048 8bbc | 24b0 0000 | 0049 8b87 | 0005 0000 | 4d33 d24d | 8997 0005 
  0x000002b392d09234: 0000 4d33 | d24d 8997 | 0805 0000 

  0x000002b392d09240: ;   {oop(a 'java/lang/Boolean'{0x0000000080004280} = false)}
  0x000002b392d09240: 49ba 8042 | 0080 0000 | 0000 493b 

  0x000002b392d0924c: ;   {metadata(method data for {method} {0x000002b3ea672620} 'dispatchEvent' '(Ljava/lang/Object;Ljava/lang/Object;ILjava/lang/Object;)V' in 'org/eclipse/osgi/internal/framework/BundleContextImpl')}
  0x000002b392d0924c: fa49 b800 | 407a eab3 | 0200 0048 | c7c2 5010 | 0000 7407 | 48c7 c260 | 1000 0049 | 8b34 1048 
  0x000002b392d0926c: 8d76 0149 | 8934 100f | 84cb 0100 | 0048 8984 | 2468 0100 

  0x000002b392d09280: ;   {metadata(method data for {method} {0x000002b3ea672620} 'dispatchEvent' '(Ljava/lang/Object;Ljava/lang/Object;ILjava/lang/Object;)V' in 'org/eclipse/osgi/internal/framework/BundleContextImpl')}
  0x000002b392d09280: 0049 b800 | 407a eab3 | 0200 0049 | 8380 7010 | 0000 0148 | 85ff 7516 

  0x000002b392d09298: ;   {metadata(method data for {method} {0x000002b3ea672620} 'dispatchEvent' '(Ljava/lang/Object;Ljava/lang/Object;ILjava/lang/Object;)V' in 'org/eclipse/osgi/internal/framework/BundleContextImpl')}
  0x000002b392d09298: 48be 0040 | 7aea b302 | 0000 808e | 7910 0000 | 01e9 ce00 

  0x000002b392d092ac: ;   {metadata('java/lang/ClassLoader')}
  0x000002b392d092ac: 0000 49b8 | 4040 01a7 | b302 0000 | 8b77 0849 | ba00 0000 | a7b3 0200 | 0049 03f2 | 4c3b 4638 
  0x000002b392d092cc: 0f85 8e00 

  0x000002b392d092d0: ;   {metadata(method data for {method} {0x000002b3ea672620} 'dispatchEvent' '(Ljava/lang/Object;Ljava/lang/Object;ILjava/lang/Object;)V' in 'org/eclipse/osgi/internal/framework/BundleContextImpl')}
  0x000002b392d092d0: 0000 48be | 0040 7aea | b302 0000 | 448b 4708 | 49ba 0000 | 00a7 b302 | 0000 4d03 | c24c 3b86 
  0x000002b392d092f0: 9010 0000 | 750d 4883 | 8698 1000 | 0001 e979 | 0000 004c | 3b86 a010 | 0000 750d | 4883 86a8 
  0x000002b392d09310: 1000 0001 | e963 0000 | 0048 83be | 9010 0000 | 0075 174c | 8986 9010 | 0000 48c7 | 8698 1000 
  0x000002b392d09330: 0001 0000 | 00e9 4200 | 0000 4883 | bea0 1000 | 0000 7517 | 4c89 86a0 | 1000 0048 | c786 a810 
  0x000002b392d09350: 0000 0100 | 0000 e921 | 0000 00e9 | 1c00 0000 

  0x000002b392d09360: ;   {metadata(method data for {method} {0x000002b3ea672620} 'dispatchEvent' '(Ljava/lang/Object;Ljava/lang/Object;ILjava/lang/Object;)V' in 'org/eclipse/osgi/internal/framework/BundleContextImpl')}
  0x000002b392d09360: 48be 0040 | 7aea b302 | 0000 4883 | ae80 1000 | 0001 e933 | 0d00 00e9 | 0000 0000 | 4c8b c749 
  0x000002b392d09380: 8b97 8803 | 0000 488b | 1248 3b02 

  0x000002b392d0938c: ;   {metadata(method data for {method} {0x000002b3ea672620} 'dispatchEvent' '(Ljava/lang/Object;Ljava/lang/Object;ILjava/lang/Object;)V' in 'org/eclipse/osgi/internal/framework/BundleContextImpl')}
  0x000002b392d0938c: 488b f248 | bf00 407a | eab3 0200 | 008b 7608 | 49ba 0000 | 00a7 b302 | 0000 4903 | f248 3bb7 
  0x000002b392d093ac: c810 0000 | 750d 4883 | 87d0 1000 | 0001 e960 | 0000 0048 | 3bb7 d810 | 0000 750d | 4883 87e0 
  0x000002b392d093cc: 1000 0001 | e94a 0000 | 0048 83bf | c810 0000 | 0075 1748 | 89b7 c810 | 0000 48c7 | 87d0 1000 
  0x000002b392d093ec: 0001 0000 | 00e9 2900 | 0000 4883 | bfd8 1000 | 0000 7517 | 4889 b7d8 | 1000 0048 | c787 e010 
  0x000002b392d0940c: 0000 0100 | 0000 e908 | 0000 0048 | 8387 b810 | 0000 0166 | 0f1f 4400 | 0048 b8ff | ffff ffff 
  0x000002b392d0942c: ;   {virtual_call}
  0x000002b392d0942c: ffff ffe8 

  0x000002b392d09430: ; ImmutableOopMap {[360]=Oop }
                      ;*invokevirtual setContextClassLoader {reexecute=0 rethrow=0 return_oop=0}
                      ; - org.eclipse.osgi.internal.framework.BundleContextImpl::dispatchEvent@551 (line 1039)
  0x000002b392d09430: 4c56 2307 

  0x000002b392d09434: ;   {other}
  0x000002b392d09434: 0f1f 8400 | 2455 0048 | 488b 8424 | 6801 0000 | e98c 0c00 

  0x000002b392d09448: ;   {metadata({method} {0x000002b3ea672620} 'dispatchEvent' '(Ljava/lang/Object;Ljava/lang/Object;ILjava/lang/Object;)V' in 'org/eclipse/osgi/internal/framework/BundleContextImpl')}
  0x000002b392d09448: 0049 ba18 | 2667 eab3 | 0200 004c | 8954 2408 | 48c7 0424 | ffff ffff 

  0x000002b392d09460: ;   {runtime_call counter_overflow Runtime1 stub}
  0x000002b392d09460: e81b c82e 

  0x000002b392d09464: ; ImmutableOopMap {rdx=Oop r8=Oop r9=Oop rsi=Oop [128]=Oop [152]=Oop }
                      ;*synchronization entry
                      ; - org.eclipse.osgi.internal.framework.BundleContextImpl::dispatchEvent@-1 (line 972)
  0x000002b392d09464: 07e9 92b5 

  0x000002b392d09468: ;   {runtime_call throw_null_pointer_exception Runtime1 stub}
  0x000002b392d09468: ffff e811 

  0x000002b392d0946c: ; ImmutableOopMap {rax=Oop rdx=Oop rsi=Oop [128]=Oop [144]=Oop [152]=Oop [176]=Oop }
                      ;*invokevirtual getBundleId {reexecute=0 rethrow=0 return_oop=0}
                      ; - org.eclipse.osgi.internal.framework.BundleContextImpl::dispatchEvent@17 (line 975)
                      ;   {metadata({method} {0x000002b3ea5daea0} 'getBundleId' '()J' in 'org/eclipse/osgi/internal/framework/EquinoxBundle')}
  0x000002b392d0946c: 412e 0749 | ba98 ae5d | eab3 0200 | 004c 8954 | 2408 48c7 | 0424 ffff 

  0x000002b392d09484: ;   {runtime_call counter_overflow Runtime1 stub}
  0x000002b392d09484: ffff e8f5 

  0x000002b392d09488: ; ImmutableOopMap {rax=Oop rdx=Oop rsi=Oop [128]=Oop [144]=Oop [152]=Oop [176]=Oop }
                      ;*synchronization entry
                      ; - org.eclipse.osgi.internal.framework.EquinoxBundle::getBundleId@-1 (line 553)
                      ; - org.eclipse.osgi.internal.framework.BundleContextImpl::dispatchEvent@17 (line 975)
  0x000002b392d09488: c72e 07e9 | dfb6 ffff 

  0x000002b392d09490: ;   {runtime_call throw_null_pointer_exception Runtime1 stub}
  0x000002b392d09490: e8eb 402e 

  0x000002b392d09494: ; ImmutableOopMap {rax=Oop rdx=Oop rsi=Oop [128]=Oop [144]=Oop [152]=Oop [176]=Oop }
                      ;*invokevirtual getId {reexecute=0 rethrow=0 return_oop=0}
                      ; - org.eclipse.osgi.internal.framework.EquinoxBundle::getBundleId@4 (line 553)
                      ; - org.eclipse.osgi.internal.framework.BundleContextImpl::dispatchEvent@17 (line 975)
                      ;   {runtime_call throw_null_pointer_exception Runtime1 stub}
  0x000002b392d09494: 07e8 e640 

  0x000002b392d09498: ; ImmutableOopMap {rax=Oop rdx=Oop rsi=Oop [128]=Oop [144]=Oop [152]=Oop [176]=Oop }
                      ;*invokevirtual longValue {reexecute=0 rethrow=0 return_oop=0}
                      ; - org.eclipse.osgi.internal.framework.EquinoxBundle::getBundleId@7 (line 553)
                      ; - org.eclipse.osgi.internal.framework.BundleContextImpl::dispatchEvent@17 (line 975)
  0x000002b392d09498: 2e07 4c89 

  0x000002b392d0949c: ;   {runtime_call throw_class_cast_exception Runtime1 stub}
  0x000002b392d0949c: 0c24 e8dd 

  0x000002b392d094a0: ; ImmutableOopMap {rax=Oop rdx=Oop [128]=Oop [152]=Oop [176]=Oop }
                      ;*checkcast {reexecute=0 rethrow=0 return_oop=0}
                      ; - org.eclipse.osgi.internal.framework.BundleContextImpl::dispatchEvent@57 (line 979)
                      ;   {runtime_call throw_null_pointer_exception Runtime1 stub}
  0x000002b392d094a0: 642e 07e8 

  0x000002b392d094a4: ; ImmutableOopMap {rax=Oop rdx=Oop rbx=Oop [128]=Oop [152]=Oop [176]=Oop }
                      ;*getfield DEBUG_EVENTS {reexecute=1 rethrow=0 return_oop=0}
                      ; - (reexecute) org.eclipse.osgi.internal.framework.BundleContextImpl::dispatchEvent@66 (line 981)
  0x000002b392d094a4: d840 2e07 

  0x000002b392d094a8: ;   {metadata(nullptr)}
  0x000002b392d094a8: 48ba 0000 | 0000 0000 | 0000 b800 

  0x000002b392d094b4: ;   {runtime_call load_klass_patching Runtime1 stub}
  0x000002b392d094b4: 0f05 0ae8 

  0x000002b392d094b8: ; ImmutableOopMap {rbx=Oop [128]=Oop [152]=Oop [176]=Oop }
                      ;*new {reexecute=1 rethrow=0 return_oop=0}
                      ; - (reexecute) org.eclipse.osgi.internal.framework.BundleContextImpl::dispatchEvent@72 (line 982)
  0x000002b392d094b8: c49b 2e07 | e9f7 b8ff | ff48 8bd2 

  0x000002b392d094c4: ;   {runtime_call fast_new_instance Runtime1 stub}
  0x000002b392d094c4: e8b7 492e 

  0x000002b392d094c8: ; ImmutableOopMap {rbx=Oop [128]=Oop [152]=Oop [176]=Oop }
                      ;*new {reexecute=0 rethrow=0 return_oop=0}
                      ; - org.eclipse.osgi.internal.framework.BundleContextImpl::dispatchEvent@72 (line 982)
  0x000002b392d094c8: 07e9 3ab9 

  0x000002b392d094cc: ;   {runtime_call throw_null_pointer_exception Runtime1 stub}
  0x000002b392d094cc: ffff e8ad 

  0x000002b392d094d0: ; ImmutableOopMap {rbx=Oop rax=Oop [128]=Oop [152]=Oop [160]=Oop [176]=Oop }
                      ;*invokevirtual getClass {reexecute=0 rethrow=0 return_oop=0}
                      ; - org.eclipse.osgi.internal.framework.BundleContextImpl::dispatchEvent@78 (line 982)
                      ;   {runtime_call throw_null_pointer_exception Runtime1 stub}
  0x000002b392d094d0: 402e 07e8 

  0x000002b392d094d4: ; ImmutableOopMap {rbx=Oop rax=Oop rdx=Oop [128]=Oop [152]=Oop [160]=Oop [176]=Oop }
                      ;*invokevirtual getName {reexecute=0 rethrow=0 return_oop=0}
                      ; - org.eclipse.osgi.internal.framework.BundleContextImpl::dispatchEvent@81 (line 982)
  0x000002b392d094d4: a840 2e07 

  0x000002b392d094d8: ;   {metadata({method} {0x000002b3a7469ad8} 'getName' '()Ljava/lang/String;' in 'java/lang/Class')}
  0x000002b392d094d8: 49ba d09a | 46a7 b302 | 0000 4c89 | 5424 0848 | c704 24ff 

  0x000002b392d094ec: ;   {runtime_call counter_overflow Runtime1 stub}
  0x000002b392d094ec: ffff ffe8 

  0x000002b392d094f0: ; ImmutableOopMap {rbx=Oop rax=Oop rdx=Oop [128]=Oop [152]=Oop [160]=Oop [176]=Oop }
                      ;*synchronization entry
                      ; - java.lang.Class::getName@-1
                      ; - org.eclipse.osgi.internal.framework.BundleContextImpl::dispatchEvent@81 (line 982)
  0x000002b392d094f0: 8cc7 2e07 | e985 b9ff 

  0x000002b392d094f8: ;   {metadata({method} {0x000002b3a7455280} 'valueOf' '(Ljava/lang/Object;)Ljava/lang/String;' in 'java/lang/String')}
  0x000002b392d094f8: ff49 ba78 | 5245 a7b3 | 0200 004c | 8954 2408 | 48c7 0424 | ffff ffff 

  0x000002b392d09510: ;   {runtime_call counter_overflow Runtime1 stub}
  0x000002b392d09510: e86b c72e 

  0x000002b392d09514: ; ImmutableOopMap {rsi=Oop [128]=Oop [152]=Oop [160]=Oop [168]=Oop [176]=Oop }
                      ;*synchronization entry
                      ; - java.lang.String::valueOf@-1
                      ; - org.eclipse.osgi.internal.framework.BundleContextImpl::dispatchEvent@84 (line 982)
  0x000002b392d09514: 07e9 1eba 

  0x000002b392d09518: ;   {runtime_call throw_null_pointer_exception Runtime1 stub}
  0x000002b392d09518: ffff e861 

  0x000002b392d0951c: ; ImmutableOopMap {rsi=Oop [128]=Oop [152]=Oop [160]=Oop [168]=Oop [176]=Oop }
                      ;*invokevirtual toString {reexecute=0 rethrow=0 return_oop=0}
                      ; - java.lang.String::valueOf@11
                      ; - org.eclipse.osgi.internal.framework.BundleContextImpl::dispatchEvent@84 (line 982)
                      ;   {metadata({method} {0x000002b3a7461da8} '<init>' '(Ljava/lang/String;)V' in 'java/lang/StringBuilder')}
  0x000002b392d0951c: 402e 0749 | baa0 1d46 | a7b3 0200 | 004c 8954 | 2408 48c7 | 0424 ffff 

  0x000002b392d09534: ;   {runtime_call counter_overflow Runtime1 stub}
  0x000002b392d09534: ffff e845 

  0x000002b392d09538: ; ImmutableOopMap {rsi=Oop rax=Oop [128]=Oop [152]=Oop [160]=Oop [168]=Oop [176]=Oop }
                      ;*synchronization entry
                      ; - java.lang.StringBuilder::<init>@-1
                      ; - org.eclipse.osgi.internal.framework.BundleContextImpl::dispatchEvent@87 (line 982)
  0x000002b392d09538: c72e 07e9 | 45bb ffff 

  0x000002b392d09540: ;   {metadata({method} {0x000002b3a7461ae8} 'append' '(Ljava/lang/String;)Ljava/lang/StringBuilder;' in 'java/lang/StringBuilder')}
  0x000002b392d09540: 49ba e01a | 46a7 b302 | 0000 4c89 | 5424 0848 | c704 24ff 

  0x000002b392d09554: ;   {runtime_call counter_overflow Runtime1 stub}
  0x000002b392d09554: ffff ffe8 

  0x000002b392d09558: ; ImmutableOopMap {[128]=Oop [152]=Oop [160]=Oop [168]=Oop [176]=Oop }
                      ;*synchronization entry
                      ; - java.lang.StringBuilder::append@-1
                      ; - org.eclipse.osgi.internal.framework.BundleContextImpl::dispatchEvent@93 (line 982)
  0x000002b392d09558: 24c7 2e07 | e996 bbff 

  0x000002b392d09560: ;   {metadata({method} {0x000002b3a7416620} 'toHexString' '(I)Ljava/lang/String;' in 'java/lang/Integer')}
  0x000002b392d09560: ff49 ba18 | 6641 a7b3 | 0200 004c | 8954 2408 | 48c7 0424 | ffff ffff 

  0x000002b392d09578: ;   {runtime_call counter_overflow Runtime1 stub}
  0x000002b392d09578: e803 c72e 

  0x000002b392d0957c: ; ImmutableOopMap {[128]=Oop [152]=Oop [160]=Oop [168]=Oop [176]=Oop }
                      ;*synchronization entry
                      ; - java.lang.Integer::toHexString@-1
                      ; - org.eclipse.osgi.internal.framework.BundleContextImpl::dispatchEvent@101 (line 983)
  0x000002b392d0957c: 07e9 18bc 

  0x000002b392d09580: ;   {metadata({method} {0x000002b3a7461ae8} 'append' '(Ljava/lang/String;)Ljava/lang/StringBuilder;' in 'java/lang/StringBuilder')}
  0x000002b392d09580: ffff 49ba | e01a 46a7 | b302 0000 | 4c89 5424 | 0848 c704 | 24ff ffff 

  0x000002b392d09598: ;   {runtime_call counter_overflow Runtime1 stub}
  0x000002b392d09598: ffe8 e2c6 

  0x000002b392d0959c: ; ImmutableOopMap {rax=Oop [128]=Oop [152]=Oop [160]=Oop [168]=Oop [176]=Oop }
                      ;*synchronization entry
                      ; - java.lang.StringBuilder::append@-1
                      ; - org.eclipse.osgi.internal.framework.BundleContextImpl::dispatchEvent@104 (line 983)
  0x000002b392d0959c: 2e07 e964 

  0x000002b392d095a0: ;   {metadata({method} {0x000002b3a7008958} 'toString' '()Ljava/lang/String;' in 'java/lang/StringBuilder')}
  0x000002b392d095a0: bcff ff49 | ba50 8900 | a7b3 0200 | 004c 8954 | 2408 48c7 | 0424 ffff 

  0x000002b392d095b8: ;   {runtime_call counter_overflow Runtime1 stub}
  0x000002b392d095b8: ffff e8c1 

  0x000002b392d095bc: ; ImmutableOopMap {[128]=Oop [152]=Oop [160]=Oop [168]=Oop [176]=Oop }
                      ;*synchronization entry
                      ; - java.lang.StringBuilder::toString@-1
                      ; - org.eclipse.osgi.internal.framework.BundleContextImpl::dispatchEvent@107 (line 982)
  0x000002b392d095bc: c62e 07e9 | b9bc ffff 

  0x000002b392d095c4: ;   {runtime_call fast_new_instance Runtime1 stub}
  0x000002b392d095c4: 488b d2e8 

  0x000002b392d095c8: ; ImmutableOopMap {[128]=Oop [152]=Oop [160]=Oop [168]=Oop [176]=Oop }
                      ;*new {reexecute=0 rethrow=0 return_oop=0}
                      ; - java.lang.StringBuilder::toString@0
                      ; - org.eclipse.osgi.internal.framework.BundleContextImpl::dispatchEvent@107 (line 982)
  0x000002b392d095c8: b448 2e07 | e9fc bcff 

  0x000002b392d095d0: ;   {metadata({method} {0x000002b3a7455dd8} '<init>' '(Ljava/lang/StringBuilder;)V' in 'java/lang/String')}
  0x000002b392d095d0: ff49 bad0 | 5d45 a7b3 | 0200 004c | 8954 2408 | 48c7 0424 | ffff ffff 

  0x000002b392d095e8: ;   {runtime_call counter_overflow Runtime1 stub}
  0x000002b392d095e8: e893 c62e 

  0x000002b392d095ec: ; ImmutableOopMap {rax=Oop [128]=Oop [152]=Oop [160]=Oop [168]=Oop [176]=Oop [184]=Oop }
                      ;*synchronization entry
                      ; - java.lang.String::<init>@-1
                      ; - java.lang.StringBuilder::toString@5
                      ; - org.eclipse.osgi.internal.framework.BundleContextImpl::dispatchEvent@107 (line 982)
  0x000002b392d095ec: 07e9 24bd 

  0x000002b392d095f0: ;   {metadata(nullptr)}
  0x000002b392d095f0: ffff 48ba | 0000 0000 | 0000 0000 | b800 0f05 

  0x000002b392d09600: ;   {runtime_call load_klass_patching Runtime1 stub}
  0x000002b392d09600: 0ae8 7a9a 

  0x000002b392d09604: ; ImmutableOopMap {rbx=Oop [128]=Oop [152]=Oop [168]=Oop [176]=Oop [184]=Oop [200]=Oop }
                      ;*new {reexecute=1 rethrow=0 return_oop=0}
                      ; - (reexecute) org.eclipse.osgi.internal.framework.BundleContextImpl::dispatchEvent@119 (line 984)
  0x000002b392d09604: 2e07 e95d | bdff ff48 

  0x000002b392d0960c: ;   {runtime_call fast_new_instance Runtime1 stub}
  0x000002b392d0960c: 8bd2 e86d 

  0x000002b392d09610: ; ImmutableOopMap {rbx=Oop [128]=Oop [152]=Oop [168]=Oop [176]=Oop [184]=Oop [200]=Oop }
                      ;*new {reexecute=0 rethrow=0 return_oop=0}
                      ; - org.eclipse.osgi.internal.framework.BundleContextImpl::dispatchEvent@119 (line 984)
  0x000002b392d09610: 482e 07e9 | a0bd ffff 

  0x000002b392d09618: ;   {metadata({method} {0x000002b3a7461da8} '<init>' '(Ljava/lang/String;)V' in 'java/lang/StringBuilder')}
  0x000002b392d09618: 49ba a01d | 46a7 b302 | 0000 4c89 | 5424 0848 | c704 24ff 

  0x000002b392d0962c: ;   {runtime_call counter_overflow Runtime1 stub}
  0x000002b392d0962c: ffff ffe8 

  0x000002b392d09630: ; ImmutableOopMap {rbx=Oop rax=Oop [128]=Oop [152]=Oop [168]=Oop [176]=Oop [184]=Oop [192]=Oop [200]=Oop }
                      ;*synchronization entry
                      ; - java.lang.StringBuilder::<init>@-1
                      ; - org.eclipse.osgi.internal.framework.BundleContextImpl::dispatchEvent@126 (line 984)
  0x000002b392d09630: 4cc6 2e07 | e9c5 bdff 

  0x000002b392d09638: ;   {metadata({method} {0x000002b3a7461b40} 'append' '(Ljava/lang/Object;)Ljava/lang/StringBuilder;' in 'java/lang/StringBuilder')}
  0x000002b392d09638: ff49 ba38 | 1b46 a7b3 | 0200 004c | 8954 2408 | 48c7 0424 | ffff ffff 

  0x000002b392d09650: ;   {runtime_call counter_overflow Runtime1 stub}
  0x000002b392d09650: e82b c62e 

  0x000002b392d09654: ; ImmutableOopMap {rdx=Oop rsi=Oop [128]=Oop [152]=Oop [168]=Oop [176]=Oop [184]=Oop [192]=Oop [200]=Oop }
                      ;*synchronization entry
                      ; - java.lang.StringBuilder::append@-1
                      ; - org.eclipse.osgi.internal.framework.BundleContextImpl::dispatchEvent@133 (line 984)
  0x000002b392d09654: 07e9 26be 

  0x000002b392d09658: ;   {metadata({method} {0x000002b3a7455280} 'valueOf' '(Ljava/lang/Object;)Ljava/lang/String;' in 'java/lang/String')}
  0x000002b392d09658: ffff 49ba | 7852 45a7 | b302 0000 | 4c89 5424 | 0848 c704 | 24ff ffff 

  0x000002b392d09670: ;   {runtime_call counter_overflow Runtime1 stub}
  0x000002b392d09670: ffe8 0ac6 

  0x000002b392d09674: ; ImmutableOopMap {rdx=Oop rsi=Oop [128]=Oop [152]=Oop [168]=Oop [176]=Oop [184]=Oop [192]=Oop [200]=Oop }
                      ;*synchronization entry
                      ; - java.lang.String::valueOf@-1
                      ; - java.lang.StringBuilder::append@2
                      ; - org.eclipse.osgi.internal.framework.BundleContextImpl::dispatchEvent@133 (line 984)
  0x000002b392d09674: 2e07 e93e 

  0x000002b392d09678: ;   {runtime_call throw_null_pointer_exception Runtime1 stub}
  0x000002b392d09678: beff ffe8 

  0x000002b392d0967c: ; ImmutableOopMap {rsi=Oop [128]=Oop [152]=Oop [168]=Oop [176]=Oop [184]=Oop [192]=Oop [200]=Oop }
                      ;*invokevirtual toString {reexecute=0 rethrow=0 return_oop=0}
                      ; - java.lang.String::valueOf@11
                      ; - java.lang.StringBuilder::append@2
                      ; - org.eclipse.osgi.internal.framework.BundleContextImpl::dispatchEvent@133 (line 984)
  0x000002b392d0967c: 003f 2e07 

  0x000002b392d09680: ;   {metadata({method} {0x000002b3a7461ae8} 'append' '(Ljava/lang/String;)Ljava/lang/StringBuilder;' in 'java/lang/StringBuilder')}
  0x000002b392d09680: 49ba e01a | 46a7 b302 | 0000 4c89 | 5424 0848 | c704 24ff 

  0x000002b392d09694: ;   {runtime_call counter_overflow Runtime1 stub}
  0x000002b392d09694: ffff ffe8 

  0x000002b392d09698: ; ImmutableOopMap {rsi=Oop [128]=Oop [152]=Oop [168]=Oop [176]=Oop [184]=Oop [192]=Oop [200]=Oop }
                      ;*synchronization entry
                      ; - java.lang.StringBuilder::append@-1
                      ; - java.lang.StringBuilder::append@5
                      ; - org.eclipse.osgi.internal.framework.BundleContextImpl::dispatchEvent@133 (line 984)
  0x000002b392d09698: e4c5 2e07 | e959 bfff 

  0x000002b392d096a0: ;   {metadata({method} {0x000002b3a7461ae8} 'append' '(Ljava/lang/String;)Ljava/lang/StringBuilder;' in 'java/lang/StringBuilder')}
  0x000002b392d096a0: ff49 bae0 | 1a46 a7b3 | 0200 004c | 8954 2408 | 48c7 0424 | ffff ffff 

  0x000002b392d096b8: ;   {runtime_call counter_overflow Runtime1 stub}
  0x000002b392d096b8: e8c3 c52e 

  0x000002b392d096bc: ; ImmutableOopMap {rax=Oop [128]=Oop [152]=Oop [168]=Oop [176]=Oop [184]=Oop [192]=Oop [200]=Oop }
                      ;*synchronization entry
                      ; - java.lang.StringBuilder::append@-1
                      ; - org.eclipse.osgi.internal.framework.BundleContextImpl::dispatchEvent@139 (line 984)
  0x000002b392d096bc: 07e9 b0bf 

  0x000002b392d096c0: ;   {metadata({method} {0x000002b3a7461ae8} 'append' '(Ljava/lang/String;)Ljava/lang/StringBuilder;' in 'java/lang/StringBuilder')}
  0x000002b392d096c0: ffff 49ba | e01a 46a7 | b302 0000 | 4c89 5424 | 0848 c704 | 24ff ffff 

  0x000002b392d096d8: ;   {runtime_call counter_overflow Runtime1 stub}
  0x000002b392d096d8: ffe8 a2c5 

  0x000002b392d096dc: ; ImmutableOopMap {[128]=Oop [152]=Oop [168]=Oop [176]=Oop [184]=Oop [192]=Oop [200]=Oop }
                      ;*synchronization entry
                      ; - java.lang.StringBuilder::append@-1
                      ; - org.eclipse.osgi.internal.framework.BundleContextImpl::dispatchEvent@144 (line 984)
  0x000002b392d096dc: 2e07 e904 

  0x000002b392d096e0: ;   {metadata({method} {0x000002b3a7461ae8} 'append' '(Ljava/lang/String;)Ljava/lang/StringBuilder;' in 'java/lang/StringBuilder')}
  0x000002b392d096e0: c0ff ff49 | bae0 1a46 | a7b3 0200 | 004c 8954 | 2408 48c7 | 0424 ffff 

  0x000002b392d096f8: ;   {runtime_call counter_overflow Runtime1 stub}
  0x000002b392d096f8: ffff e881 

  0x000002b392d096fc: ; ImmutableOopMap {[128]=Oop [152]=Oop [168]=Oop [176]=Oop [192]=Oop [200]=Oop }
                      ;*synchronization entry
                      ; - java.lang.StringBuilder::append@-1
                      ; - org.eclipse.osgi.internal.framework.BundleContextImpl::dispatchEvent@150 (line 984)
  0x000002b392d096fc: c52e 07e9 | 63c0 ffff 

  0x000002b392d09704: ;   {metadata({method} {0x000002b3a7008958} 'toString' '()Ljava/lang/String;' in 'java/lang/StringBuilder')}
  0x000002b392d09704: 49ba 5089 | 00a7 b302 | 0000 4c89 | 5424 0848 | c704 24ff 

  0x000002b392d09718: ;   {runtime_call counter_overflow Runtime1 stub}
  0x000002b392d09718: ffff ffe8 

  0x000002b392d0971c: ; ImmutableOopMap {[128]=Oop [152]=Oop [168]=Oop [176]=Oop [192]=Oop [200]=Oop }
                      ;*synchronization entry
                      ; - java.lang.StringBuilder::toString@-1
                      ; - org.eclipse.osgi.internal.framework.BundleContextImpl::dispatchEvent@153 (line 984)
  0x000002b392d0971c: 60c5 2e07 | e9c0 c0ff | ff48 8bd2 

  0x000002b392d09728: ;   {runtime_call fast_new_instance Runtime1 stub}
  0x000002b392d09728: e853 472e 

  0x000002b392d0972c: ; ImmutableOopMap {[128]=Oop [152]=Oop [168]=Oop [176]=Oop [192]=Oop [200]=Oop }
                      ;*new {reexecute=0 rethrow=0 return_oop=0}
                      ; - java.lang.StringBuilder::toString@0
                      ; - org.eclipse.osgi.internal.framework.BundleContextImpl::dispatchEvent@153 (line 984)
  0x000002b392d0972c: 07e9 03c1 

  0x000002b392d09730: ;   {metadata({method} {0x000002b3a7455dd8} '<init>' '(Ljava/lang/StringBuilder;)V' in 'java/lang/String')}
  0x000002b392d09730: ffff 49ba | d05d 45a7 | b302 0000 | 4c89 5424 | 0848 c704 | 24ff ffff 

  0x000002b392d09748: ;   {runtime_call counter_overflow Runtime1 stub}
  0x000002b392d09748: ffe8 32c5 

  0x000002b392d0974c: ; ImmutableOopMap {rax=Oop [128]=Oop [152]=Oop [168]=Oop [176]=Oop [192]=Oop [200]=Oop }
                      ;*synchronization entry
                      ; - java.lang.String::<init>@-1
                      ; - java.lang.StringBuilder::toString@5
                      ; - org.eclipse.osgi.internal.framework.BundleContextImpl::dispatchEvent@153 (line 984)
  0x000002b392d0974c: 2e07 e923 

  0x000002b392d09750: ;   {runtime_call throw_null_pointer_exception Runtime1 stub}
  0x000002b392d09750: c1ff ffe8 

  0x000002b392d09754: ; ImmutableOopMap {rbx=Oop [128]=Oop [152]=Oop [168]=Oop [176]=Oop [200]=Oop [208]=Oop }
                      ;*invokevirtual trace {reexecute=0 rethrow=0 return_oop=0}
                      ; - org.eclipse.osgi.internal.framework.BundleContextImpl::dispatchEvent@156 (line 984)
  0x000002b392d09754: 283e 2e07 

  0x000002b392d09758: ;   {metadata({method} {0x000002b3ea4e53d0} 'trace' '(Ljava/lang/String;Ljava/lang/String;)V' in 'org/eclipse/osgi/internal/debug/Debug')}
  0x000002b392d09758: 49ba c853 | 4eea b302 | 0000 4c89 | 5424 0848 | c704 24ff 

  0x000002b392d0976c: ;   {runtime_call counter_overflow Runtime1 stub}
  0x000002b392d0976c: ffff ffe8 

  0x000002b392d09770: ; ImmutableOopMap {rbx=Oop [128]=Oop [152]=Oop [168]=Oop [176]=Oop [200]=Oop [208]=Oop }
                      ;*synchronization entry
                      ; - org.eclipse.osgi.internal.debug.Debug::trace@-1 (line 256)
                      ; - org.eclipse.osgi.internal.framework.BundleContextImpl::dispatchEvent@156 (line 984)
  0x000002b392d09770: 0cc5 2e07 | e9a0 c1ff 

  0x000002b392d09778: ;   {runtime_call throw_incompatible_class_change_error Runtime1 stub}
  0x000002b392d09778: ffe8 0265 

  0x000002b392d0977c: ; ImmutableOopMap {rdx=Oop [128]=Oop [152]=Oop [168]=Oop [176]=Oop [208]=Oop }
                      ;*invokeinterface getLogger {reexecute=0 rethrow=0 return_oop=0}
                      ; - org.eclipse.osgi.internal.debug.Debug::trace@11 (line 265)
                      ; - org.eclipse.osgi.internal.framework.BundleContextImpl::dispatchEvent@156 (line 984)
                      ;   {runtime_call throw_null_pointer_exception Runtime1 stub}
  0x000002b392d0977c: 2e07 e8fd 

  0x000002b392d09780: ; ImmutableOopMap {rdx=Oop [128]=Oop [152]=Oop [168]=Oop [176]=Oop [208]=Oop }
                      ;*invokeinterface getLogger {reexecute=0 rethrow=0 return_oop=0}
                      ; - org.eclipse.osgi.internal.debug.Debug::trace@11 (line 265)
                      ; - org.eclipse.osgi.internal.framework.BundleContextImpl::dispatchEvent@156 (line 984)
                      ;   {metadata({method} {0x000002b3ea50ca80} 'getLogger' '(Ljava/lang/String;)Lorg/osgi/service/log/Logger;' in 'org/eclipse/osgi/internal/log/ExtendedLogServiceImpl')}
  0x000002b392d09780: 3d2e 0749 | ba78 ca50 | eab3 0200 | 004c 8954 | 2408 48c7 | 0424 ffff 

  0x000002b392d09798: ;   {runtime_call counter_overflow Runtime1 stub}
  0x000002b392d09798: ffff e8e1 

  0x000002b392d0979c: ; ImmutableOopMap {rdx=Oop [128]=Oop [152]=Oop [168]=Oop [176]=Oop [208]=Oop }
                      ;*synchronization entry
                      ; - org.eclipse.osgi.internal.log.ExtendedLogServiceImpl::getLogger@-1 (line 1)
                      ; - org.eclipse.osgi.internal.debug.Debug::trace@11 (line 265)
                      ; - org.eclipse.osgi.internal.framework.BundleContextImpl::dispatchEvent@156 (line 984)
  0x000002b392d0979c: c42e 07e9 | 31c2 ffff 

  0x000002b392d097a4: ;   {metadata({method} {0x000002b3ea50a308} 'getLogger' '(Ljava/lang/String;)Lorg/eclipse/equinox/log/Logger;' in 'org/eclipse/osgi/internal/log/ExtendedLogServiceImpl')}
  0x000002b392d097a4: 49ba 00a3 | 50ea b302 | 0000 4c89 | 5424 0848 | c704 24ff 

  0x000002b392d097b8: ;   {runtime_call counter_overflow Runtime1 stub}
  0x000002b392d097b8: ffff ffe8 

  0x000002b392d097bc: ; ImmutableOopMap {rdx=Oop [128]=Oop [152]=Oop [168]=Oop [176]=Oop [208]=Oop }
                      ;*synchronization entry
                      ; - org.eclipse.osgi.internal.log.ExtendedLogServiceImpl::getLogger@-1 (line 73)
                      ; - org.eclipse.osgi.internal.log.ExtendedLogServiceImpl::getLogger@2 (line 1)
                      ; - org.eclipse.osgi.internal.debug.Debug::trace@11 (line 265)
                      ; - org.eclipse.osgi.internal.framework.BundleContextImpl::dispatchEvent@156 (line 984)
  0x000002b392d097bc: c0c4 2e07 | e962 c2ff | ff48 8904 

  0x000002b392d097c8: ;   {runtime_call throw_class_cast_exception Runtime1 stub}
  0x000002b392d097c8: 24e8 b261 

  0x000002b392d097cc: ; ImmutableOopMap {[128]=Oop [152]=Oop [168]=Oop [176]=Oop [208]=Oop }
                      ;*checkcast {reexecute=0 rethrow=0 return_oop=0}
                      ; - org.eclipse.osgi.internal.log.ExtendedLogServiceImpl::getLogger@7 (line 73)
                      ; - org.eclipse.osgi.internal.log.ExtendedLogServiceImpl::getLogger@2 (line 1)
                      ; - org.eclipse.osgi.internal.debug.Debug::trace@11 (line 265)
                      ; - org.eclipse.osgi.internal.framework.BundleContextImpl::dispatchEvent@156 (line 984)
                      ;   {runtime_call throw_null_pointer_exception Runtime1 stub}
  0x000002b392d097cc: 2e07 e8ad 

  0x000002b392d097d0: ; ImmutableOopMap {rdx=Oop [128]=Oop [152]=Oop [168]=Oop [176]=Oop [208]=Oop }
                      ;*invokeinterface debug {reexecute=0 rethrow=0 return_oop=0}
                      ; - org.eclipse.osgi.internal.debug.Debug::trace@17 (line 265)
                      ; - org.eclipse.osgi.internal.framework.BundleContextImpl::dispatchEvent@156 (line 984)
                      ;   {runtime_call throw_null_pointer_exception Runtime1 stub}
  0x000002b392d097d0: 3d2e 07e8 

  0x000002b392d097d4: ; ImmutableOopMap {rax=Oop rdx=Oop [128]=Oop [152]=Oop [168]=Oop [176]=Oop }
                      ;*invokevirtual println {reexecute=0 rethrow=0 return_oop=0}
                      ; - org.eclipse.osgi.internal.debug.Debug::trace@29 (line 267)
                      ; - org.eclipse.osgi.internal.framework.BundleContextImpl::dispatchEvent@156 (line 984)
  0x000002b392d097d4: a83d 2e07 | 4889 3424 

  0x000002b392d097dc: ;   {runtime_call throw_class_cast_exception Runtime1 stub}
  0x000002b392d097dc: e89f 612e 

  0x000002b392d097e0: ; ImmutableOopMap {rsi=Oop rbx=Oop [128]=Oop [152]=Oop [176]=Oop }
                      ;*checkcast {reexecute=0 rethrow=0 return_oop=0}
                      ; - org.eclipse.osgi.internal.framework.BundleContextImpl::dispatchEvent@163 (line 987)
                      ;   {runtime_call throw_null_pointer_exception Runtime1 stub}
  0x000002b392d097e0: 07e8 9a3d 

  0x000002b392d097e4: ; ImmutableOopMap {rsi=Oop rbx=Oop r8=Oop [128]=Oop [152]=Oop [176]=Oop }
                      ;*invokeinterface bundleChanged {reexecute=0 rethrow=0 return_oop=0}
                      ; - org.eclipse.osgi.internal.framework.BundleContextImpl::dispatchEvent@166 (line 987)
  0x000002b392d097e4: 2e07 4c89 

  0x000002b392d097e8: ;   {runtime_call throw_class_cast_exception Runtime1 stub}
  0x000002b392d097e8: 0c24 e891 

  0x000002b392d097ec: ; ImmutableOopMap {rdx=Oop [128]=Oop [152]=Oop [176]=Oop }
                      ;*checkcast {reexecute=0 rethrow=0 return_oop=0}
                      ; - org.eclipse.osgi.internal.framework.BundleContextImpl::dispatchEvent@297 (line 1005)
                      ;   {runtime_call throw_null_pointer_exception Runtime1 stub}
  0x000002b392d097ec: 612e 07e8 

  0x000002b392d097f0: ; ImmutableOopMap {rdx=Oop rbx=Oop [128]=Oop [152]=Oop [176]=Oop }
                      ;*getfield DEBUG_EVENTS {reexecute=1 rethrow=0 return_oop=0}
                      ; - (reexecute) org.eclipse.osgi.internal.framework.BundleContextImpl::dispatchEvent@306 (line 1007)
  0x000002b392d097f0: 8c3d 2e07 

  0x000002b392d097f4: ;   {metadata(nullptr)}
  0x000002b392d097f4: 48ba 0000 | 0000 0000 | 0000 b800 

  0x000002b392d09800: ;   {runtime_call load_klass_patching Runtime1 stub}
  0x000002b392d09800: 0f05 0ae8 

  0x000002b392d09804: ; ImmutableOopMap {rbx=Oop [128]=Oop [152]=Oop [176]=Oop }
                      ;*new {reexecute=1 rethrow=0 return_oop=0}
                      ; - (reexecute) org.eclipse.osgi.internal.framework.BundleContextImpl::dispatchEvent@312 (line 1008)
  0x000002b392d09804: 7898 2e07 | e9a3 c7ff | ff48 8bd2 

  0x000002b392d09810: ;   {runtime_call fast_new_instance Runtime1 stub}
  0x000002b392d09810: e86b 462e 

  0x000002b392d09814: ; ImmutableOopMap {rbx=Oop [128]=Oop [152]=Oop [176]=Oop }
                      ;*new {reexecute=0 rethrow=0 return_oop=0}
                      ; - org.eclipse.osgi.internal.framework.BundleContextImpl::dispatchEvent@312 (line 1008)
  0x000002b392d09814: 07e9 e6c7 

  0x000002b392d09818: ;   {runtime_call throw_null_pointer_exception Runtime1 stub}
  0x000002b392d09818: ffff e861 

  0x000002b392d0981c: ; ImmutableOopMap {rbx=Oop rax=Oop [128]=Oop [152]=Oop [176]=Oop [216]=Oop }
                      ;*invokevirtual getClass {reexecute=0 rethrow=0 return_oop=0}
                      ; - org.eclipse.osgi.internal.framework.BundleContextImpl::dispatchEvent@318 (line 1008)
                      ;   {runtime_call throw_null_pointer_exception Runtime1 stub}
  0x000002b392d0981c: 3d2e 07e8 

  0x000002b392d09820: ; ImmutableOopMap {rbx=Oop rax=Oop rdx=Oop [128]=Oop [152]=Oop [176]=Oop [216]=Oop }
                      ;*invokevirtual getName {reexecute=0 rethrow=0 return_oop=0}
                      ; - org.eclipse.osgi.internal.framework.BundleContextImpl::dispatchEvent@321 (line 1008)
  0x000002b392d09820: 5c3d 2e07 

  0x000002b392d09824: ;   {metadata({method} {0x000002b3a7469ad8} 'getName' '()Ljava/lang/String;' in 'java/lang/Class')}
  0x000002b392d09824: 49ba d09a | 46a7 b302 | 0000 4c89 | 5424 0848 | c704 24ff 

  0x000002b392d09838: ;   {runtime_call counter_overflow Runtime1 stub}
  0x000002b392d09838: ffff ffe8 

  0x000002b392d0983c: ; ImmutableOopMap {rbx=Oop rax=Oop rdx=Oop [128]=Oop [152]=Oop [176]=Oop [216]=Oop }
                      ;*synchronization entry
                      ; - java.lang.Class::getName@-1
                      ; - org.eclipse.osgi.internal.framework.BundleContextImpl::dispatchEvent@321 (line 1008)
  0x000002b392d0983c: 40c4 2e07 | e931 c8ff 

  0x000002b392d09844: ;   {metadata({method} {0x000002b3a7455280} 'valueOf' '(Ljava/lang/Object;)Ljava/lang/String;' in 'java/lang/String')}
  0x000002b392d09844: ff49 ba78 | 5245 a7b3 | 0200 004c | 8954 2408 | 48c7 0424 | ffff ffff 

  0x000002b392d0985c: ;   {runtime_call counter_overflow Runtime1 stub}
  0x000002b392d0985c: e81f c42e 

  0x000002b392d09860: ; ImmutableOopMap {rsi=Oop [128]=Oop [152]=Oop [176]=Oop [216]=Oop [224]=Oop }
                      ;*synchronization entry
                      ; - java.lang.String::valueOf@-1
                      ; - org.eclipse.osgi.internal.framework.BundleContextImpl::dispatchEvent@324 (line 1008)
  0x000002b392d09860: 07e9 cac8 

  0x000002b392d09864: ;   {runtime_call throw_null_pointer_exception Runtime1 stub}
  0x000002b392d09864: ffff e815 

  0x000002b392d09868: ; ImmutableOopMap {rsi=Oop [128]=Oop [152]=Oop [176]=Oop [216]=Oop [224]=Oop }
                      ;*invokevirtual toString {reexecute=0 rethrow=0 return_oop=0}
                      ; - java.lang.String::valueOf@11
                      ; - org.eclipse.osgi.internal.framework.BundleContextImpl::dispatchEvent@324 (line 1008)
                      ;   {metadata({method} {0x000002b3a7461da8} '<init>' '(Ljava/lang/String;)V' in 'java/lang/StringBuilder')}
  0x000002b392d09868: 3d2e 0749 | baa0 1d46 | a7b3 0200 | 004c 8954 | 2408 48c7 | 0424 ffff 

  0x000002b392d09880: ;   {runtime_call counter_overflow Runtime1 stub}
  0x000002b392d09880: ffff e8f9 

  0x000002b392d09884: ; ImmutableOopMap {rsi=Oop rax=Oop [128]=Oop [152]=Oop [176]=Oop [216]=Oop [224]=Oop }
                      ;*synchronization entry
                      ; - java.lang.StringBuilder::<init>@-1
                      ; - org.eclipse.osgi.internal.framework.BundleContextImpl::dispatchEvent@327 (line 1008)
  0x000002b392d09884: c32e 07e9 | f1c9 ffff 

  0x000002b392d0988c: ;   {metadata({method} {0x000002b3a7461ae8} 'append' '(Ljava/lang/String;)Ljava/lang/StringBuilder;' in 'java/lang/StringBuilder')}
  0x000002b392d0988c: 49ba e01a | 46a7 b302 | 0000 4c89 | 5424 0848 | c704 24ff 

  0x000002b392d098a0: ;   {runtime_call counter_overflow Runtime1 stub}
  0x000002b392d098a0: ffff ffe8 

  0x000002b392d098a4: ; ImmutableOopMap {[128]=Oop [152]=Oop [176]=Oop [216]=Oop [224]=Oop }
                      ;*synchronization entry
                      ; - java.lang.StringBuilder::append@-1
                      ; - org.eclipse.osgi.internal.framework.BundleContextImpl::dispatchEvent@333 (line 1008)
  0x000002b392d098a4: d8c3 2e07 | e942 caff 

  0x000002b392d098ac: ;   {metadata({method} {0x000002b3a7416620} 'toHexString' '(I)Ljava/lang/String;' in 'java/lang/Integer')}
  0x000002b392d098ac: ff49 ba18 | 6641 a7b3 | 0200 004c | 8954 2408 | 48c7 0424 | ffff ffff 

  0x000002b392d098c4: ;   {runtime_call counter_overflow Runtime1 stub}
  0x000002b392d098c4: e8b7 c32e 

  0x000002b392d098c8: ; ImmutableOopMap {[128]=Oop [152]=Oop [176]=Oop [216]=Oop [224]=Oop }
                      ;*synchronization entry
                      ; - java.lang.Integer::toHexString@-1
                      ; - org.eclipse.osgi.internal.framework.BundleContextImpl::dispatchEvent@341 (line 1009)
  0x000002b392d098c8: 07e9 c4ca 

  0x000002b392d098cc: ;   {metadata({method} {0x000002b3a7461ae8} 'append' '(Ljava/lang/String;)Ljava/lang/StringBuilder;' in 'java/lang/StringBuilder')}
  0x000002b392d098cc: ffff 49ba | e01a 46a7 | b302 0000 | 4c89 5424 | 0848 c704 | 24ff ffff 

  0x000002b392d098e4: ;   {runtime_call counter_overflow Runtime1 stub}
  0x000002b392d098e4: ffe8 96c3 

  0x000002b392d098e8: ; ImmutableOopMap {rax=Oop [128]=Oop [152]=Oop [176]=Oop [216]=Oop [224]=Oop }
                      ;*synchronization entry
                      ; - java.lang.StringBuilder::append@-1
                      ; - org.eclipse.osgi.internal.framework.BundleContextImpl::dispatchEvent@344 (line 1009)
  0x000002b392d098e8: 2e07 e910 

  0x000002b392d098ec: ;   {metadata({method} {0x000002b3a7008958} 'toString' '()Ljava/lang/String;' in 'java/lang/StringBuilder')}
  0x000002b392d098ec: cbff ff49 | ba50 8900 | a7b3 0200 | 004c 8954 | 2408 48c7 | 0424 ffff 

  0x000002b392d09904: ;   {runtime_call counter_overflow Runtime1 stub}
  0x000002b392d09904: ffff e875 

  0x000002b392d09908: ; ImmutableOopMap {[128]=Oop [152]=Oop [176]=Oop [216]=Oop [224]=Oop }
                      ;*synchronization entry
                      ; - java.lang.StringBuilder::toString@-1
                      ; - org.eclipse.osgi.internal.framework.BundleContextImpl::dispatchEvent@347 (line 1008)
  0x000002b392d09908: c32e 07e9 | 65cb ffff 

  0x000002b392d09910: ;   {runtime_call fast_new_instance Runtime1 stub}
  0x000002b392d09910: 488b d2e8 

  0x000002b392d09914: ; ImmutableOopMap {[128]=Oop [152]=Oop [176]=Oop [216]=Oop [224]=Oop }
                      ;*new {reexecute=0 rethrow=0 return_oop=0}
                      ; - java.lang.StringBuilder::toString@0
                      ; - org.eclipse.osgi.internal.framework.BundleContextImpl::dispatchEvent@347 (line 1008)
  0x000002b392d09914: 6845 2e07 | e9a8 cbff 

  0x000002b392d0991c: ;   {metadata({method} {0x000002b3a7455dd8} '<init>' '(Ljava/lang/StringBuilder;)V' in 'java/lang/String')}
  0x000002b392d0991c: ff49 bad0 | 5d45 a7b3 | 0200 004c | 8954 2408 | 48c7 0424 | ffff ffff 

  0x000002b392d09934: ;   {runtime_call counter_overflow Runtime1 stub}
  0x000002b392d09934: e847 c32e 

  0x000002b392d09938: ; ImmutableOopMap {rax=Oop [128]=Oop [152]=Oop [176]=Oop [216]=Oop [224]=Oop [232]=Oop }
                      ;*synchronization entry
                      ; - java.lang.String::<init>@-1
                      ; - java.lang.StringBuilder::toString@5
                      ; - org.eclipse.osgi.internal.framework.BundleContextImpl::dispatchEvent@347 (line 1008)
  0x000002b392d09938: 07e9 d0cb 

  0x000002b392d0993c: ;   {metadata(nullptr)}
  0x000002b392d0993c: ffff 48ba | 0000 0000 | 0000 0000 | b800 0f05 

  0x000002b392d0994c: ;   {runtime_call load_klass_patching Runtime1 stub}
  0x000002b392d0994c: 0ae8 2e97 

  0x000002b392d09950: ; ImmutableOopMap {rbx=Oop [128]=Oop [152]=Oop [176]=Oop [224]=Oop [232]=Oop [248]=Oop }
                      ;*new {reexecute=1 rethrow=0 return_oop=0}
                      ; - (reexecute) org.eclipse.osgi.internal.framework.BundleContextImpl::dispatchEvent@359 (line 1011)
  0x000002b392d09950: 2e07 e909 | ccff ff48 

  0x000002b392d09958: ;   {runtime_call fast_new_instance Runtime1 stub}
  0x000002b392d09958: 8bd2 e821 

  0x000002b392d0995c: ; ImmutableOopMap {rbx=Oop [128]=Oop [152]=Oop [176]=Oop [224]=Oop [232]=Oop [248]=Oop }
                      ;*new {reexecute=0 rethrow=0 return_oop=0}
                      ; - org.eclipse.osgi.internal.framework.BundleContextImpl::dispatchEvent@359 (line 1011)
  0x000002b392d0995c: 452e 07e9 | 4ccc ffff 

  0x000002b392d09964: ;   {metadata({method} {0x000002b3a7461da8} '<init>' '(Ljava/lang/String;)V' in 'java/lang/StringBuilder')}
  0x000002b392d09964: 49ba a01d | 46a7 b302 | 0000 4c89 | 5424 0848 | c704 24ff 

  0x000002b392d09978: ;   {runtime_call counter_overflow Runtime1 stub}
  0x000002b392d09978: ffff ffe8 

  0x000002b392d0997c: ; ImmutableOopMap {rbx=Oop rax=Oop [128]=Oop [152]=Oop [176]=Oop [224]=Oop [232]=Oop [240]=Oop [248]=Oop }
                      ;*synchronization entry
                      ; - java.lang.StringBuilder::<init>@-1
                      ; - org.eclipse.osgi.internal.framework.BundleContextImpl::dispatchEvent@366 (line 1011)
  0x000002b392d0997c: 00c3 2e07 | e971 ccff 

  0x000002b392d09984: ;   {metadata({method} {0x000002b3a7461b40} 'append' '(Ljava/lang/Object;)Ljava/lang/StringBuilder;' in 'java/lang/StringBuilder')}
  0x000002b392d09984: ff49 ba38 | 1b46 a7b3 | 0200 004c | 8954 2408 | 48c7 0424 | ffff ffff 

  0x000002b392d0999c: ;   {runtime_call counter_overflow Runtime1 stub}
  0x000002b392d0999c: e8df c22e 

  0x000002b392d099a0: ; ImmutableOopMap {rdx=Oop rsi=Oop [128]=Oop [152]=Oop [176]=Oop [224]=Oop [232]=Oop [240]=Oop [248]=Oop }
                      ;*synchronization entry
                      ; - java.lang.StringBuilder::append@-1
                      ; - org.eclipse.osgi.internal.framework.BundleContextImpl::dispatchEvent@373 (line 1011)
  0x000002b392d099a0: 07e9 d2cc 

  0x000002b392d099a4: ;   {metadata({method} {0x000002b3a7455280} 'valueOf' '(Ljava/lang/Object;)Ljava/lang/String;' in 'java/lang/String')}
  0x000002b392d099a4: ffff 49ba | 7852 45a7 | b302 0000 | 4c89 5424 | 0848 c704 | 24ff ffff 

  0x000002b392d099bc: ;   {runtime_call counter_overflow Runtime1 stub}
  0x000002b392d099bc: ffe8 bec2 

  0x000002b392d099c0: ; ImmutableOopMap {rdx=Oop rsi=Oop [128]=Oop [152]=Oop [176]=Oop [224]=Oop [232]=Oop [240]=Oop [248]=Oop }
                      ;*synchronization entry
                      ; - java.lang.String::valueOf@-1
                      ; - java.lang.StringBuilder::append@2
                      ; - org.eclipse.osgi.internal.framework.BundleContextImpl::dispatchEvent@373 (line 1011)
  0x000002b392d099c0: 2e07 e9ea 

  0x000002b392d099c4: ;   {runtime_call throw_null_pointer_exception Runtime1 stub}
  0x000002b392d099c4: ccff ffe8 

  0x000002b392d099c8: ; ImmutableOopMap {rsi=Oop [128]=Oop [152]=Oop [176]=Oop [224]=Oop [232]=Oop [240]=Oop [248]=Oop }
                      ;*invokevirtual toString {reexecute=0 rethrow=0 return_oop=0}
                      ; - java.lang.String::valueOf@11
                      ; - java.lang.StringBuilder::append@2
                      ; - org.eclipse.osgi.internal.framework.BundleContextImpl::dispatchEvent@373 (line 1011)
  0x000002b392d099c8: b43b 2e07 

  0x000002b392d099cc: ;   {metadata({method} {0x000002b3a7461ae8} 'append' '(Ljava/lang/String;)Ljava/lang/StringBuilder;' in 'java/lang/StringBuilder')}
  0x000002b392d099cc: 49ba e01a | 46a7 b302 | 0000 4c89 | 5424 0848 | c704 24ff 

  0x000002b392d099e0: ;   {runtime_call counter_overflow Runtime1 stub}
  0x000002b392d099e0: ffff ffe8 

  0x000002b392d099e4: ; ImmutableOopMap {rsi=Oop [128]=Oop [152]=Oop [176]=Oop [224]=Oop [232]=Oop [240]=Oop [248]=Oop }
                      ;*synchronization entry
                      ; - java.lang.StringBuilder::append@-1
                      ; - java.lang.StringBuilder::append@5
                      ; - org.eclipse.osgi.internal.framework.BundleContextImpl::dispatchEvent@373 (line 1011)
  0x000002b392d099e4: 98c2 2e07 | e905 ceff 

  0x000002b392d099ec: ;   {metadata({method} {0x000002b3a7461ae8} 'append' '(Ljava/lang/String;)Ljava/lang/StringBuilder;' in 'java/lang/StringBuilder')}
  0x000002b392d099ec: ff49 bae0 | 1a46 a7b3 | 0200 004c | 8954 2408 | 48c7 0424 | ffff ffff 

  0x000002b392d09a04: ;   {runtime_call counter_overflow Runtime1 stub}
  0x000002b392d09a04: e877 c22e 

  0x000002b392d09a08: ; ImmutableOopMap {rax=Oop [128]=Oop [152]=Oop [176]=Oop [224]=Oop [232]=Oop [240]=Oop [248]=Oop }
                      ;*synchronization entry
                      ; - java.lang.StringBuilder::append@-1
                      ; - org.eclipse.osgi.internal.framework.BundleContextImpl::dispatchEvent@379 (line 1011)
  0x000002b392d09a08: 07e9 5cce 

  0x000002b392d09a0c: ;   {metadata({method} {0x000002b3a7461ae8} 'append' '(Ljava/lang/String;)Ljava/lang/StringBuilder;' in 'java/lang/StringBuilder')}
  0x000002b392d09a0c: ffff 49ba | e01a 46a7 | b302 0000 | 4c89 5424 | 0848 c704 | 24ff ffff 

  0x000002b392d09a24: ;   {runtime_call counter_overflow Runtime1 stub}
  0x000002b392d09a24: ffe8 56c2 

  0x000002b392d09a28: ; ImmutableOopMap {[128]=Oop [152]=Oop [176]=Oop [224]=Oop [232]=Oop [240]=Oop [248]=Oop }
                      ;*synchronization entry
                      ; - java.lang.StringBuilder::append@-1
                      ; - org.eclipse.osgi.internal.framework.BundleContextImpl::dispatchEvent@384 (line 1011)
  0x000002b392d09a28: 2e07 e9b0 

  0x000002b392d09a2c: ;   {metadata({method} {0x000002b3a7461ae8} 'append' '(Ljava/lang/String;)Ljava/lang/StringBuilder;' in 'java/lang/StringBuilder')}
  0x000002b392d09a2c: ceff ff49 | bae0 1a46 | a7b3 0200 | 004c 8954 | 2408 48c7 | 0424 ffff 

  0x000002b392d09a44: ;   {runtime_call counter_overflow Runtime1 stub}
  0x000002b392d09a44: ffff e835 

  0x000002b392d09a48: ; ImmutableOopMap {[128]=Oop [152]=Oop [176]=Oop [224]=Oop [240]=Oop [248]=Oop }
                      ;*synchronization entry
                      ; - java.lang.StringBuilder::append@-1
                      ; - org.eclipse.osgi.internal.framework.BundleContextImpl::dispatchEvent@390 (line 1011)
  0x000002b392d09a48: c22e 07e9 | 0fcf ffff 

  0x000002b392d09a50: ;   {metadata({method} {0x000002b3a7008958} 'toString' '()Ljava/lang/String;' in 'java/lang/StringBuilder')}
  0x000002b392d09a50: 49ba 5089 | 00a7 b302 | 0000 4c89 | 5424 0848 | c704 24ff 

  0x000002b392d09a64: ;   {runtime_call counter_overflow Runtime1 stub}
  0x000002b392d09a64: ffff ffe8 

  0x000002b392d09a68: ; ImmutableOopMap {[128]=Oop [152]=Oop [176]=Oop [224]=Oop [240]=Oop [248]=Oop }
                      ;*synchronization entry
                      ; - java.lang.StringBuilder::toString@-1
                      ; - org.eclipse.osgi.internal.framework.BundleContextImpl::dispatchEvent@393 (line 1011)
  0x000002b392d09a68: 14c2 2e07 | e96c cfff | ff48 8bd2 

  0x000002b392d09a74: ;   {runtime_call fast_new_instance Runtime1 stub}
  0x000002b392d09a74: e807 442e 

  0x000002b392d09a78: ; ImmutableOopMap {[128]=Oop [152]=Oop [176]=Oop [224]=Oop [240]=Oop [248]=Oop }
                      ;*new {reexecute=0 rethrow=0 return_oop=0}
                      ; - java.lang.StringBuilder::toString@0
                      ; - org.eclipse.osgi.internal.framework.BundleContextImpl::dispatchEvent@393 (line 1011)
  0x000002b392d09a78: 07e9 afcf 

  0x000002b392d09a7c: ;   {metadata({method} {0x000002b3a7455dd8} '<init>' '(Ljava/lang/StringBuilder;)V' in 'java/lang/String')}
  0x000002b392d09a7c: ffff 49ba | d05d 45a7 | b302 0000 | 4c89 5424 | 0848 c704 | 24ff ffff 

  0x000002b392d09a94: ;   {runtime_call counter_overflow Runtime1 stub}
  0x000002b392d09a94: ffe8 e6c1 

  0x000002b392d09a98: ; ImmutableOopMap {rax=Oop [128]=Oop [152]=Oop [176]=Oop [224]=Oop [240]=Oop [248]=Oop }
                      ;*synchronization entry
                      ; - java.lang.String::<init>@-1
                      ; - java.lang.StringBuilder::toString@5
                      ; - org.eclipse.osgi.internal.framework.BundleContextImpl::dispatchEvent@393 (line 1011)
  0x000002b392d09a98: 2e07 e9cf 

  0x000002b392d09a9c: ;   {runtime_call throw_null_pointer_exception Runtime1 stub}
  0x000002b392d09a9c: cfff ffe8 

  0x000002b392d09aa0: ; ImmutableOopMap {rbx=Oop [128]=Oop [152]=Oop [176]=Oop [224]=Oop [248]=Oop [256]=Oop }
                      ;*invokevirtual trace {reexecute=0 rethrow=0 return_oop=0}
                      ; - org.eclipse.osgi.internal.framework.BundleContextImpl::dispatchEvent@396 (line 1010)
  0x000002b392d09aa0: dc3a 2e07 

  0x000002b392d09aa4: ;   {metadata({method} {0x000002b3ea4e53d0} 'trace' '(Ljava/lang/String;Ljava/lang/String;)V' in 'org/eclipse/osgi/internal/debug/Debug')}
  0x000002b392d09aa4: 49ba c853 | 4eea b302 | 0000 4c89 | 5424 0848 | c704 24ff 

  0x000002b392d09ab8: ;   {runtime_call counter_overflow Runtime1 stub}
  0x000002b392d09ab8: ffff ffe8 

  0x000002b392d09abc: ; ImmutableOopMap {rbx=Oop [128]=Oop [152]=Oop [176]=Oop [224]=Oop [248]=Oop [256]=Oop }
                      ;*synchronization entry
                      ; - org.eclipse.osgi.internal.debug.Debug::trace@-1 (line 256)
                      ; - org.eclipse.osgi.internal.framework.BundleContextImpl::dispatchEvent@396 (line 1010)
  0x000002b392d09abc: c0c1 2e07 | e94c d0ff 

  0x000002b392d09ac4: ;   {runtime_call throw_incompatible_class_change_error Runtime1 stub}
  0x000002b392d09ac4: ffe8 b661 

  0x000002b392d09ac8: ; ImmutableOopMap {rdx=Oop [128]=Oop [152]=Oop [176]=Oop [224]=Oop [256]=Oop }
                      ;*invokeinterface getLogger {reexecute=0 rethrow=0 return_oop=0}
                      ; - org.eclipse.osgi.internal.debug.Debug::trace@11 (line 265)
                      ; - org.eclipse.osgi.internal.framework.BundleContextImpl::dispatchEvent@396 (line 1010)
                      ;   {runtime_call throw_null_pointer_exception Runtime1 stub}
  0x000002b392d09ac8: 2e07 e8b1 

  0x000002b392d09acc: ; ImmutableOopMap {rdx=Oop [128]=Oop [152]=Oop [176]=Oop [224]=Oop [256]=Oop }
                      ;*invokeinterface getLogger {reexecute=0 rethrow=0 return_oop=0}
                      ; - org.eclipse.osgi.internal.debug.Debug::trace@11 (line 265)
                      ; - org.eclipse.osgi.internal.framework.BundleContextImpl::dispatchEvent@396 (line 1010)
                      ;   {metadata({method} {0x000002b3ea50ca80} 'getLogger' '(Ljava/lang/String;)Lorg/osgi/service/log/Logger;' in 'org/eclipse/osgi/internal/log/ExtendedLogServiceImpl')}
  0x000002b392d09acc: 3a2e 0749 | ba78 ca50 | eab3 0200 | 004c 8954 | 2408 48c7 | 0424 ffff 

  0x000002b392d09ae4: ;   {runtime_call counter_overflow Runtime1 stub}
  0x000002b392d09ae4: ffff e895 

  0x000002b392d09ae8: ; ImmutableOopMap {rdx=Oop [128]=Oop [152]=Oop [176]=Oop [224]=Oop [256]=Oop }
                      ;*synchronization entry
                      ; - org.eclipse.osgi.internal.log.ExtendedLogServiceImpl::getLogger@-1 (line 1)
                      ; - org.eclipse.osgi.internal.debug.Debug::trace@11 (line 265)
                      ; - org.eclipse.osgi.internal.framework.BundleContextImpl::dispatchEvent@396 (line 1010)
  0x000002b392d09ae8: c12e 07e9 | ddd0 ffff 

  0x000002b392d09af0: ;   {metadata({method} {0x000002b3ea50a308} 'getLogger' '(Ljava/lang/String;)Lorg/eclipse/equinox/log/Logger;' in 'org/eclipse/osgi/internal/log/ExtendedLogServiceImpl')}
  0x000002b392d09af0: 49ba 00a3 | 50ea b302 | 0000 4c89 | 5424 0848 | c704 24ff 

  0x000002b392d09b04: ;   {runtime_call counter_overflow Runtime1 stub}
  0x000002b392d09b04: ffff ffe8 

  0x000002b392d09b08: ; ImmutableOopMap {rdx=Oop [128]=Oop [152]=Oop [176]=Oop [224]=Oop [256]=Oop }
                      ;*synchronization entry
                      ; - org.eclipse.osgi.internal.log.ExtendedLogServiceImpl::getLogger@-1 (line 73)
                      ; - org.eclipse.osgi.internal.log.ExtendedLogServiceImpl::getLogger@2 (line 1)
                      ; - org.eclipse.osgi.internal.debug.Debug::trace@11 (line 265)
                      ; - org.eclipse.osgi.internal.framework.BundleContextImpl::dispatchEvent@396 (line 1010)
  0x000002b392d09b08: 74c1 2e07 | e90e d1ff | ff48 8904 

  0x000002b392d09b14: ;   {runtime_call throw_class_cast_exception Runtime1 stub}
  0x000002b392d09b14: 24e8 665e 

  0x000002b392d09b18: ; ImmutableOopMap {[128]=Oop [152]=Oop [176]=Oop [224]=Oop [256]=Oop }
                      ;*checkcast {reexecute=0 rethrow=0 return_oop=0}
                      ; - org.eclipse.osgi.internal.log.ExtendedLogServiceImpl::getLogger@7 (line 73)
                      ; - org.eclipse.osgi.internal.log.ExtendedLogServiceImpl::getLogger@2 (line 1)
                      ; - org.eclipse.osgi.internal.debug.Debug::trace@11 (line 265)
                      ; - org.eclipse.osgi.internal.framework.BundleContextImpl::dispatchEvent@396 (line 1010)
                      ;   {runtime_call throw_null_pointer_exception Runtime1 stub}
  0x000002b392d09b18: 2e07 e861 

  0x000002b392d09b1c: ; ImmutableOopMap {rdx=Oop [128]=Oop [152]=Oop [176]=Oop [224]=Oop [256]=Oop }
                      ;*invokeinterface debug {reexecute=0 rethrow=0 return_oop=0}
                      ; - org.eclipse.osgi.internal.debug.Debug::trace@17 (line 265)
                      ; - org.eclipse.osgi.internal.framework.BundleContextImpl::dispatchEvent@396 (line 1010)
                      ;   {runtime_call throw_null_pointer_exception Runtime1 stub}
  0x000002b392d09b1c: 3a2e 07e8 

  0x000002b392d09b20: ; ImmutableOopMap {rax=Oop rdx=Oop [128]=Oop [152]=Oop [176]=Oop [224]=Oop }
                      ;*invokevirtual println {reexecute=0 rethrow=0 return_oop=0}
                      ; - org.eclipse.osgi.internal.debug.Debug::trace@29 (line 267)
                      ; - org.eclipse.osgi.internal.framework.BundleContextImpl::dispatchEvent@396 (line 1010)
  0x000002b392d09b20: 5c3a 2e07 | 4889 3424 

  0x000002b392d09b28: ;   {runtime_call throw_class_cast_exception Runtime1 stub}
  0x000002b392d09b28: e853 5e2e 

  0x000002b392d09b2c: ; ImmutableOopMap {rbx=Oop rsi=Oop [128]=Oop [152]=Oop [176]=Oop }
                      ;*checkcast {reexecute=0 rethrow=0 return_oop=0}
                      ; - org.eclipse.osgi.internal.framework.BundleContextImpl::dispatchEvent@403 (line 1014)
                      ;   {runtime_call throw_null_pointer_exception Runtime1 stub}
  0x000002b392d09b2c: 07e8 4e3a 

  0x000002b392d09b30: ; ImmutableOopMap {rbx=Oop rsi=Oop r8=Oop [128]=Oop [152]=Oop [176]=Oop }
                      ;*invokeinterface frameworkEvent {reexecute=0 rethrow=0 return_oop=0}
                      ; - org.eclipse.osgi.internal.framework.BundleContextImpl::dispatchEvent@406 (line 1014)
  0x000002b392d09b30: 2e07 4889 

  0x000002b392d09b34: ;   {runtime_call throw_class_cast_exception Runtime1 stub}
  0x000002b392d09b34: 3424 e845 

  0x000002b392d09b38: ; ImmutableOopMap {rsi=Oop rdx=Oop r9=Oop [128]=Oop [152]=Oop [176]=Oop }
                      ;*checkcast {reexecute=0 rethrow=0 return_oop=0}
                      ; - org.eclipse.osgi.internal.framework.BundleContextImpl::dispatchEvent@176 (line 992)
  0x000002b392d09b38: 5e2e 074c 

  0x000002b392d09b3c: ;   {runtime_call throw_class_cast_exception Runtime1 stub}
  0x000002b392d09b3c: 890c 24e8 

  0x000002b392d09b40: ; ImmutableOopMap {rsi=Oop rdx=Oop rbx=Oop [128]=Oop [152]=Oop [176]=Oop }
                      ;*checkcast {reexecute=0 rethrow=0 return_oop=0}
                      ; - org.eclipse.osgi.internal.framework.BundleContextImpl::dispatchEvent@182 (line 994)
  0x000002b392d09b40: 3c5e 2e07 

  0x000002b392d09b44: ;   {runtime_call throw_null_pointer_exception Runtime1 stub}
  0x000002b392d09b44: e837 3a2e 

  0x000002b392d09b48: ; ImmutableOopMap {rsi=Oop rdx=Oop rbx=Oop r8=Oop [128]=Oop [152]=Oop [176]=Oop }
                      ;*getfield DEBUG_EVENTS {reexecute=1 rethrow=0 return_oop=0}
                      ; - (reexecute) org.eclipse.osgi.internal.framework.BundleContextImpl::dispatchEvent@191 (line 995)
                      ;   {metadata(nullptr)}
  0x000002b392d09b48: 0748 ba00 | 0000 0000 | 0000 00b8 | 000f 050a 

  0x000002b392d09b58: ;   {runtime_call load_klass_patching Runtime1 stub}
  0x000002b392d09b58: e823 952e 

  0x000002b392d09b5c: ; ImmutableOopMap {rbx=Oop r8=Oop [128]=Oop [152]=Oop [176]=Oop }
                      ;*new {reexecute=1 rethrow=0 return_oop=0}
                      ; - (reexecute) org.eclipse.osgi.internal.framework.BundleContextImpl::dispatchEvent@197 (line 996)
  0x000002b392d09b5c: 07e9 3ed7 | ffff 488b 

  0x000002b392d09b64: ;   {runtime_call fast_new_instance Runtime1 stub}
  0x000002b392d09b64: d2e8 1643 

  0x000002b392d09b68: ; ImmutableOopMap {rbx=Oop r8=Oop [128]=Oop [152]=Oop [176]=Oop }
                      ;*new {reexecute=0 rethrow=0 return_oop=0}
                      ; - org.eclipse.osgi.internal.framework.BundleContextImpl::dispatchEvent@197 (line 996)
  0x000002b392d09b68: 2e07 e981 

  0x000002b392d09b6c: ;   {runtime_call throw_null_pointer_exception Runtime1 stub}
  0x000002b392d09b6c: d7ff ffe8 

  0x000002b392d09b70: ; ImmutableOopMap {rbx=Oop r8=Oop rax=Oop [128]=Oop [152]=Oop [176]=Oop [264]=Oop }
                      ;*invokevirtual getClass {reexecute=0 rethrow=0 return_oop=0}
                      ; - org.eclipse.osgi.internal.framework.BundleContextImpl::dispatchEvent@203 (line 996)
  0x000002b392d09b70: 0c3a 2e07 

  0x000002b392d09b74: ;   {runtime_call throw_null_pointer_exception Runtime1 stub}
  0x000002b392d09b74: e807 3a2e 

  0x000002b392d09b78: ; ImmutableOopMap {rbx=Oop r8=Oop rax=Oop rdx=Oop [128]=Oop [152]=Oop [176]=Oop [264]=Oop }
                      ;*invokevirtual getName {reexecute=0 rethrow=0 return_oop=0}
                      ; - org.eclipse.osgi.internal.framework.BundleContextImpl::dispatchEvent@206 (line 996)
                      ;   {metadata({method} {0x000002b3a7469ad8} 'getName' '()Ljava/lang/String;' in 'java/lang/Class')}
  0x000002b392d09b78: 0749 bad0 | 9a46 a7b3 | 0200 004c | 8954 2408 | 48c7 0424 | ffff ffff 

  0x000002b392d09b90: ;   {runtime_call counter_overflow Runtime1 stub}
  0x000002b392d09b90: e8eb c02e 

  0x000002b392d09b94: ; ImmutableOopMap {rbx=Oop r8=Oop rax=Oop rdx=Oop [128]=Oop [152]=Oop [176]=Oop [264]=Oop }
                      ;*synchronization entry
                      ; - java.lang.Class::getName@-1
                      ; - org.eclipse.osgi.internal.framework.BundleContextImpl::dispatchEvent@206 (line 996)
  0x000002b392d09b94: 07e9 cdd7 

  0x000002b392d09b98: ;   {metadata({method} {0x000002b3a7455280} 'valueOf' '(Ljava/lang/Object;)Ljava/lang/String;' in 'java/lang/String')}
  0x000002b392d09b98: ffff 49ba | 7852 45a7 | b302 0000 | 4c89 5424 | 0848 c704 | 24ff ffff 

  0x000002b392d09bb0: ;   {runtime_call counter_overflow Runtime1 stub}
  0x000002b392d09bb0: ffe8 cac0 

  0x000002b392d09bb4: ; ImmutableOopMap {rsi=Oop [128]=Oop [152]=Oop [176]=Oop [264]=Oop [272]=Oop [280]=Oop }
                      ;*synchronization entry
                      ; - java.lang.String::valueOf@-1
                      ; - org.eclipse.osgi.internal.framework.BundleContextImpl::dispatchEvent@209 (line 996)
  0x000002b392d09bb4: 2e07 e975 

  0x000002b392d09bb8: ;   {runtime_call throw_null_pointer_exception Runtime1 stub}
  0x000002b392d09bb8: d8ff ffe8 

  0x000002b392d09bbc: ; ImmutableOopMap {rsi=Oop [128]=Oop [152]=Oop [176]=Oop [264]=Oop [272]=Oop [280]=Oop }
                      ;*invokevirtual toString {reexecute=0 rethrow=0 return_oop=0}
                      ; - java.lang.String::valueOf@11
                      ; - org.eclipse.osgi.internal.framework.BundleContextImpl::dispatchEvent@209 (line 996)
  0x000002b392d09bbc: c039 2e07 

  0x000002b392d09bc0: ;   {metadata({method} {0x000002b3a7461da8} '<init>' '(Ljava/lang/String;)V' in 'java/lang/StringBuilder')}
  0x000002b392d09bc0: 49ba a01d | 46a7 b302 | 0000 4c89 | 5424 0848 | c704 24ff 

  0x000002b392d09bd4: ;   {runtime_call counter_overflow Runtime1 stub}
  0x000002b392d09bd4: ffff ffe8 

  0x000002b392d09bd8: ; ImmutableOopMap {rsi=Oop rax=Oop [128]=Oop [152]=Oop [176]=Oop [264]=Oop [272]=Oop [280]=Oop }
                      ;*synchronization entry
                      ; - java.lang.StringBuilder::<init>@-1
                      ; - org.eclipse.osgi.internal.framework.BundleContextImpl::dispatchEvent@212 (line 996)
  0x000002b392d09bd8: a4c0 2e07 | e99c d9ff 

  0x000002b392d09be0: ;   {metadata({method} {0x000002b3a7461ae8} 'append' '(Ljava/lang/String;)Ljava/lang/StringBuilder;' in 'java/lang/StringBuilder')}
  0x000002b392d09be0: ff49 bae0 | 1a46 a7b3 | 0200 004c | 8954 2408 | 48c7 0424 | ffff ffff 

  0x000002b392d09bf8: ;   {runtime_call counter_overflow Runtime1 stub}
  0x000002b392d09bf8: e883 c02e 

  0x000002b392d09bfc: ; ImmutableOopMap {[128]=Oop [152]=Oop [176]=Oop [264]=Oop [272]=Oop [280]=Oop }
                      ;*synchronization entry
                      ; - java.lang.StringBuilder::append@-1
                      ; - org.eclipse.osgi.internal.framework.BundleContextImpl::dispatchEvent@218 (line 996)
  0x000002b392d09bfc: 07e9 edd9 

  0x000002b392d09c00: ;   {metadata({method} {0x000002b3a7416620} 'toHexString' '(I)Ljava/lang/String;' in 'java/lang/Integer')}
  0x000002b392d09c00: ffff 49ba | 1866 41a7 | b302 0000 | 4c89 5424 | 0848 c704 | 24ff ffff 

  0x000002b392d09c18: ;   {runtime_call counter_overflow Runtime1 stub}
  0x000002b392d09c18: ffe8 62c0 

  0x000002b392d09c1c: ; ImmutableOopMap {[128]=Oop [152]=Oop [176]=Oop [264]=Oop [272]=Oop [280]=Oop }
                      ;*synchronization entry
                      ; - java.lang.Integer::toHexString@-1
                      ; - org.eclipse.osgi.internal.framework.BundleContextImpl::dispatchEvent@226 (line 997)
  0x000002b392d09c1c: 2e07 e96f 

  0x000002b392d09c20: ;   {metadata({method} {0x000002b3a7461ae8} 'append' '(Ljava/lang/String;)Ljava/lang/StringBuilder;' in 'java/lang/StringBuilder')}
  0x000002b392d09c20: daff ff49 | bae0 1a46 | a7b3 0200 | 004c 8954 | 2408 48c7 | 0424 ffff 

  0x000002b392d09c38: ;   {runtime_call counter_overflow Runtime1 stub}
  0x000002b392d09c38: ffff e841 

  0x000002b392d09c3c: ; ImmutableOopMap {rax=Oop [128]=Oop [152]=Oop [176]=Oop [264]=Oop [272]=Oop [280]=Oop }
                      ;*synchronization entry
                      ; - java.lang.StringBuilder::append@-1
                      ; - org.eclipse.osgi.internal.framework.BundleContextImpl::dispatchEvent@229 (line 997)
  0x000002b392d09c3c: c02e 07e9 | bbda ffff 

  0x000002b392d09c44: ;   {metadata({method} {0x000002b3a7008958} 'toString' '()Ljava/lang/String;' in 'java/lang/StringBuilder')}
  0x000002b392d09c44: 49ba 5089 | 00a7 b302 | 0000 4c89 | 5424 0848 | c704 24ff 

  0x000002b392d09c58: ;   {runtime_call counter_overflow Runtime1 stub}
  0x000002b392d09c58: ffff ffe8 

  0x000002b392d09c5c: ; ImmutableOopMap {[128]=Oop [152]=Oop [176]=Oop [264]=Oop [272]=Oop [280]=Oop }
                      ;*synchronization entry
                      ; - java.lang.StringBuilder::toString@-1
                      ; - org.eclipse.osgi.internal.framework.BundleContextImpl::dispatchEvent@232 (line 996)
  0x000002b392d09c5c: 20c0 2e07 | e910 dbff | ff48 8bd2 

  0x000002b392d09c68: ;   {runtime_call fast_new_instance Runtime1 stub}
  0x000002b392d09c68: e813 422e 

  0x000002b392d09c6c: ; ImmutableOopMap {[128]=Oop [152]=Oop [176]=Oop [264]=Oop [272]=Oop [280]=Oop }
                      ;*new {reexecute=0 rethrow=0 return_oop=0}
                      ; - java.lang.StringBuilder::toString@0
                      ; - org.eclipse.osgi.internal.framework.BundleContextImpl::dispatchEvent@232 (line 996)
  0x000002b392d09c6c: 07e9 53db 

  0x000002b392d09c70: ;   {metadata({method} {0x000002b3a7455dd8} '<init>' '(Ljava/lang/StringBuilder;)V' in 'java/lang/String')}
  0x000002b392d09c70: ffff 49ba | d05d 45a7 | b302 0000 | 4c89 5424 | 0848 c704 | 24ff ffff 

  0x000002b392d09c88: ;   {runtime_call counter_overflow Runtime1 stub}
  0x000002b392d09c88: ffe8 f2bf 

  0x000002b392d09c8c: ; ImmutableOopMap {rax=Oop [128]=Oop [152]=Oop [176]=Oop [264]=Oop [272]=Oop [280]=Oop [288]=Oop }
                      ;*synchronization entry
                      ; - java.lang.String::<init>@-1
                      ; - java.lang.StringBuilder::toString@5
                      ; - org.eclipse.osgi.internal.framework.BundleContextImpl::dispatchEvent@232 (line 996)
  0x000002b392d09c8c: 2e07 e97b 

  0x000002b392d09c90: ;   {metadata(nullptr)}
  0x000002b392d09c90: dbff ff48 | ba00 0000 | 0000 0000 | 00b8 000f 

  0x000002b392d09ca0: ;   {runtime_call load_klass_patching Runtime1 stub}
  0x000002b392d09ca0: 050a e8d9 

  0x000002b392d09ca4: ; ImmutableOopMap {rbx=Oop [128]=Oop [152]=Oop [176]=Oop [272]=Oop [280]=Oop [288]=Oop [304]=Oop }
                      ;*new {reexecute=1 rethrow=0 return_oop=0}
                      ; - (reexecute) org.eclipse.osgi.internal.framework.BundleContextImpl::dispatchEvent@244 (line 998)
  0x000002b392d09ca4: 932e 07e9 | b4db ffff 

  0x000002b392d09cac: ;   {runtime_call fast_new_instance Runtime1 stub}
  0x000002b392d09cac: 488b d2e8 

  0x000002b392d09cb0: ; ImmutableOopMap {rbx=Oop [128]=Oop [152]=Oop [176]=Oop [272]=Oop [280]=Oop [288]=Oop [304]=Oop }
                      ;*new {reexecute=0 rethrow=0 return_oop=0}
                      ; - org.eclipse.osgi.internal.framework.BundleContextImpl::dispatchEvent@244 (line 998)
  0x000002b392d09cb0: cc41 2e07 | e9f7 dbff 

  0x000002b392d09cb8: ;   {metadata({method} {0x000002b3a7461da8} '<init>' '(Ljava/lang/String;)V' in 'java/lang/StringBuilder')}
  0x000002b392d09cb8: ff49 baa0 | 1d46 a7b3 | 0200 004c | 8954 2408 | 48c7 0424 | ffff ffff 

  0x000002b392d09cd0: ;   {runtime_call counter_overflow Runtime1 stub}
  0x000002b392d09cd0: e8ab bf2e 

  0x000002b392d09cd4: ; ImmutableOopMap {rbx=Oop rax=Oop [128]=Oop [152]=Oop [176]=Oop [272]=Oop [280]=Oop [288]=Oop [296]=Oop [304]=Oop }
                      ;*synchronization entry
                      ; - java.lang.StringBuilder::<init>@-1
                      ; - org.eclipse.osgi.internal.framework.BundleContextImpl::dispatchEvent@251 (line 998)
  0x000002b392d09cd4: 07e9 1cdc 

  0x000002b392d09cd8: ;   {metadata({method} {0x000002b3a7461b40} 'append' '(Ljava/lang/Object;)Ljava/lang/StringBuilder;' in 'java/lang/StringBuilder')}
  0x000002b392d09cd8: ffff 49ba | 381b 46a7 | b302 0000 | 4c89 5424 | 0848 c704 | 24ff ffff 

  0x000002b392d09cf0: ;   {runtime_call counter_overflow Runtime1 stub}
  0x000002b392d09cf0: ffe8 8abf 

  0x000002b392d09cf4: ; ImmutableOopMap {rdx=Oop rsi=Oop [128]=Oop [152]=Oop [176]=Oop [272]=Oop [280]=Oop [288]=Oop [296]=Oop [304]=Oop }
                      ;*synchronization entry
                      ; - java.lang.StringBuilder::append@-1
                      ; - org.eclipse.osgi.internal.framework.BundleContextImpl::dispatchEvent@258 (line 998)
  0x000002b392d09cf4: 2e07 e97d 

  0x000002b392d09cf8: ;   {metadata({method} {0x000002b3a7455280} 'valueOf' '(Ljava/lang/Object;)Ljava/lang/String;' in 'java/lang/String')}
  0x000002b392d09cf8: dcff ff49 | ba78 5245 | a7b3 0200 | 004c 8954 | 2408 48c7 | 0424 ffff 

  0x000002b392d09d10: ;   {runtime_call counter_overflow Runtime1 stub}
  0x000002b392d09d10: ffff e869 

  0x000002b392d09d14: ; ImmutableOopMap {rdx=Oop rsi=Oop [128]=Oop [152]=Oop [176]=Oop [272]=Oop [280]=Oop [288]=Oop [296]=Oop [304]=Oop }
                      ;*synchronization entry
                      ; - java.lang.String::valueOf@-1
                      ; - java.lang.StringBuilder::append@2
                      ; - org.eclipse.osgi.internal.framework.BundleContextImpl::dispatchEvent@258 (line 998)
  0x000002b392d09d14: bf2e 07e9 | 95dc ffff 

  0x000002b392d09d1c: ;   {runtime_call throw_null_pointer_exception Runtime1 stub}
  0x000002b392d09d1c: e85f 382e 

  0x000002b392d09d20: ; ImmutableOopMap {rsi=Oop [128]=Oop [152]=Oop [176]=Oop [272]=Oop [280]=Oop [288]=Oop [296]=Oop [304]=Oop }
                      ;*invokevirtual toString {reexecute=0 rethrow=0 return_oop=0}
                      ; - java.lang.String::valueOf@11
                      ; - java.lang.StringBuilder::append@2
                      ; - org.eclipse.osgi.internal.framework.BundleContextImpl::dispatchEvent@258 (line 998)
                      ;   {metadata({method} {0x000002b3a7461ae8} 'append' '(Ljava/lang/String;)Ljava/lang/StringBuilder;' in 'java/lang/StringBuilder')}
  0x000002b392d09d20: 0749 bae0 | 1a46 a7b3 | 0200 004c | 8954 2408 | 48c7 0424 | ffff ffff 

  0x000002b392d09d38: ;   {runtime_call counter_overflow Runtime1 stub}
  0x000002b392d09d38: e843 bf2e 

  0x000002b392d09d3c: ; ImmutableOopMap {rsi=Oop [128]=Oop [152]=Oop [176]=Oop [272]=Oop [280]=Oop [288]=Oop [296]=Oop [304]=Oop }
                      ;*synchronization entry
                      ; - java.lang.StringBuilder::append@-1
                      ; - java.lang.StringBuilder::append@5
                      ; - org.eclipse.osgi.internal.framework.BundleContextImpl::dispatchEvent@258 (line 998)
  0x000002b392d09d3c: 07e9 b0dd 

  0x000002b392d09d40: ;   {metadata({method} {0x000002b3a7461ae8} 'append' '(Ljava/lang/String;)Ljava/lang/StringBuilder;' in 'java/lang/StringBuilder')}
  0x000002b392d09d40: ffff 49ba | e01a 46a7 | b302 0000 | 4c89 5424 | 0848 c704 | 24ff ffff 

  0x000002b392d09d58: ;   {runtime_call counter_overflow Runtime1 stub}
  0x000002b392d09d58: ffe8 22bf 

  0x000002b392d09d5c: ; ImmutableOopMap {rax=Oop [128]=Oop [152]=Oop [176]=Oop [272]=Oop [280]=Oop [288]=Oop [296]=Oop [304]=Oop }
                      ;*synchronization entry
                      ; - java.lang.StringBuilder::append@-1
                      ; - org.eclipse.osgi.internal.framework.BundleContextImpl::dispatchEvent@264 (line 998)
  0x000002b392d09d5c: 2e07 e907 

  0x000002b392d09d60: ;   {metadata({method} {0x000002b3a7461ae8} 'append' '(Ljava/lang/String;)Ljava/lang/StringBuilder;' in 'java/lang/StringBuilder')}
  0x000002b392d09d60: deff ff49 | bae0 1a46 | a7b3 0200 | 004c 8954 | 2408 48c7 | 0424 ffff 

  0x000002b392d09d78: ;   {runtime_call counter_overflow Runtime1 stub}
  0x000002b392d09d78: ffff e801 

  0x000002b392d09d7c: ; ImmutableOopMap {[128]=Oop [152]=Oop [176]=Oop [272]=Oop [280]=Oop [288]=Oop [296]=Oop [304]=Oop }
                      ;*synchronization entry
                      ; - java.lang.StringBuilder::append@-1
                      ; - org.eclipse.osgi.internal.framework.BundleContextImpl::dispatchEvent@269 (line 998)
  0x000002b392d09d7c: bf2e 07e9 | 5bde ffff 

  0x000002b392d09d84: ;   {metadata({method} {0x000002b3a7461ae8} 'append' '(Ljava/lang/String;)Ljava/lang/StringBuilder;' in 'java/lang/StringBuilder')}
  0x000002b392d09d84: 49ba e01a | 46a7 b302 | 0000 4c89 | 5424 0848 | c704 24ff 

  0x000002b392d09d98: ;   {runtime_call counter_overflow Runtime1 stub}
  0x000002b392d09d98: ffff ffe8 

  0x000002b392d09d9c: ; ImmutableOopMap {[128]=Oop [152]=Oop [176]=Oop [272]=Oop [280]=Oop [296]=Oop [304]=Oop }
                      ;*synchronization entry
                      ; - java.lang.StringBuilder::append@-1
                      ; - org.eclipse.osgi.internal.framework.BundleContextImpl::dispatchEvent@275 (line 998)
  0x000002b392d09d9c: e0be 2e07 | e9ba deff 

  0x000002b392d09da4: ;   {metadata({method} {0x000002b3a7008958} 'toString' '()Ljava/lang/String;' in 'java/lang/StringBuilder')}
  0x000002b392d09da4: ff49 ba50 | 8900 a7b3 | 0200 004c | 8954 2408 | 48c7 0424 | ffff ffff 

  0x000002b392d09dbc: ;   {runtime_call counter_overflow Runtime1 stub}
  0x000002b392d09dbc: e8bf be2e 

  0x000002b392d09dc0: ; ImmutableOopMap {[128]=Oop [152]=Oop [176]=Oop [272]=Oop [280]=Oop [296]=Oop [304]=Oop }
                      ;*synchronization entry
                      ; - java.lang.StringBuilder::toString@-1
                      ; - org.eclipse.osgi.internal.framework.BundleContextImpl::dispatchEvent@278 (line 998)
  0x000002b392d09dc0: 07e9 17df | ffff 488b 

  0x000002b392d09dc8: ;   {runtime_call fast_new_instance Runtime1 stub}
  0x000002b392d09dc8: d2e8 b240 

  0x000002b392d09dcc: ; ImmutableOopMap {[128]=Oop [152]=Oop [176]=Oop [272]=Oop [280]=Oop [296]=Oop [304]=Oop }
                      ;*new {reexecute=0 rethrow=0 return_oop=0}
                      ; - java.lang.StringBuilder::toString@0
                      ; - org.eclipse.osgi.internal.framework.BundleContextImpl::dispatchEvent@278 (line 998)
  0x000002b392d09dcc: 2e07 e95a 

  0x000002b392d09dd0: ;   {metadata({method} {0x000002b3a7455dd8} '<init>' '(Ljava/lang/StringBuilder;)V' in 'java/lang/String')}
  0x000002b392d09dd0: dfff ff49 | bad0 5d45 | a7b3 0200 | 004c 8954 | 2408 48c7 | 0424 ffff 

  0x000002b392d09de8: ;   {runtime_call counter_overflow Runtime1 stub}
  0x000002b392d09de8: ffff e891 

  0x000002b392d09dec: ; ImmutableOopMap {rax=Oop [128]=Oop [152]=Oop [176]=Oop [272]=Oop [280]=Oop [296]=Oop [304]=Oop }
                      ;*synchronization entry
                      ; - java.lang.String::<init>@-1
                      ; - java.lang.StringBuilder::toString@5
                      ; - org.eclipse.osgi.internal.framework.BundleContextImpl::dispatchEvent@278 (line 998)
  0x000002b392d09dec: be2e 07e9 | 7adf ffff 

  0x000002b392d09df4: ;   {runtime_call throw_null_pointer_exception Runtime1 stub}
  0x000002b392d09df4: e887 372e 

  0x000002b392d09df8: ; ImmutableOopMap {rbx=Oop [128]=Oop [152]=Oop [176]=Oop [272]=Oop [280]=Oop [304]=Oop [312]=Oop }
                      ;*invokevirtual trace {reexecute=0 rethrow=0 return_oop=0}
                      ; - org.eclipse.osgi.internal.framework.BundleContextImpl::dispatchEvent@281 (line 998)
                      ;   {metadata({method} {0x000002b3ea4e53d0} 'trace' '(Ljava/lang/String;Ljava/lang/String;)V' in 'org/eclipse/osgi/internal/debug/Debug')}
  0x000002b392d09df8: 0749 bac8 | 534e eab3 | 0200 004c | 8954 2408 | 48c7 0424 | ffff ffff 

  0x000002b392d09e10: ;   {runtime_call counter_overflow Runtime1 stub}
  0x000002b392d09e10: e86b be2e 

  0x000002b392d09e14: ; ImmutableOopMap {rbx=Oop [128]=Oop [152]=Oop [176]=Oop [272]=Oop [280]=Oop [304]=Oop [312]=Oop }
                      ;*synchronization entry
                      ; - org.eclipse.osgi.internal.debug.Debug::trace@-1 (line 256)
                      ; - org.eclipse.osgi.internal.framework.BundleContextImpl::dispatchEvent@281 (line 998)
  0x000002b392d09e14: 07e9 f7df 

  0x000002b392d09e18: ;   {runtime_call throw_incompatible_class_change_error Runtime1 stub}
  0x000002b392d09e18: ffff e861 

  0x000002b392d09e1c: ; ImmutableOopMap {rdx=Oop [128]=Oop [152]=Oop [176]=Oop [272]=Oop [280]=Oop [312]=Oop }
                      ;*invokeinterface getLogger {reexecute=0 rethrow=0 return_oop=0}
                      ; - org.eclipse.osgi.internal.debug.Debug::trace@11 (line 265)
                      ; - org.eclipse.osgi.internal.framework.BundleContextImpl::dispatchEvent@281 (line 998)
                      ;   {runtime_call throw_null_pointer_exception Runtime1 stub}
  0x000002b392d09e1c: 5e2e 07e8 

  0x000002b392d09e20: ; ImmutableOopMap {rdx=Oop [128]=Oop [152]=Oop [176]=Oop [272]=Oop [280]=Oop [312]=Oop }
                      ;*invokeinterface getLogger {reexecute=0 rethrow=0 return_oop=0}
                      ; - org.eclipse.osgi.internal.debug.Debug::trace@11 (line 265)
                      ; - org.eclipse.osgi.internal.framework.BundleContextImpl::dispatchEvent@281 (line 998)
  0x000002b392d09e20: 5c37 2e07 

  0x000002b392d09e24: ;   {metadata({method} {0x000002b3ea50ca80} 'getLogger' '(Ljava/lang/String;)Lorg/osgi/service/log/Logger;' in 'org/eclipse/osgi/internal/log/ExtendedLogServiceImpl')}
  0x000002b392d09e24: 49ba 78ca | 50ea b302 | 0000 4c89 | 5424 0848 | c704 24ff 

  0x000002b392d09e38: ;   {runtime_call counter_overflow Runtime1 stub}
  0x000002b392d09e38: ffff ffe8 

  0x000002b392d09e3c: ; ImmutableOopMap {rdx=Oop [128]=Oop [152]=Oop [176]=Oop [272]=Oop [280]=Oop [312]=Oop }
                      ;*synchronization entry
                      ; - org.eclipse.osgi.internal.log.ExtendedLogServiceImpl::getLogger@-1 (line 1)
                      ; - org.eclipse.osgi.internal.debug.Debug::trace@11 (line 265)
                      ; - org.eclipse.osgi.internal.framework.BundleContextImpl::dispatchEvent@281 (line 998)
  0x000002b392d09e3c: 40be 2e07 | e988 e0ff 

  0x000002b392d09e44: ;   {metadata({method} {0x000002b3ea50a308} 'getLogger' '(Ljava/lang/String;)Lorg/eclipse/equinox/log/Logger;' in 'org/eclipse/osgi/internal/log/ExtendedLogServiceImpl')}
  0x000002b392d09e44: ff49 ba00 | a350 eab3 | 0200 004c | 8954 2408 | 48c7 0424 | ffff ffff 

  0x000002b392d09e5c: ;   {runtime_call counter_overflow Runtime1 stub}
  0x000002b392d09e5c: e81f be2e 

  0x000002b392d09e60: ; ImmutableOopMap {rdx=Oop [128]=Oop [152]=Oop [176]=Oop [272]=Oop [280]=Oop [312]=Oop }
                      ;*synchronization entry
                      ; - org.eclipse.osgi.internal.log.ExtendedLogServiceImpl::getLogger@-1 (line 73)
                      ; - org.eclipse.osgi.internal.log.ExtendedLogServiceImpl::getLogger@2 (line 1)
                      ; - org.eclipse.osgi.internal.debug.Debug::trace@11 (line 265)
                      ; - org.eclipse.osgi.internal.framework.BundleContextImpl::dispatchEvent@281 (line 998)
  0x000002b392d09e60: 07e9 b9e0 | ffff 4889 

  0x000002b392d09e68: ;   {runtime_call throw_class_cast_exception Runtime1 stub}
  0x000002b392d09e68: 0424 e811 

  0x000002b392d09e6c: ; ImmutableOopMap {[128]=Oop [152]=Oop [176]=Oop [272]=Oop [280]=Oop [312]=Oop }
                      ;*checkcast {reexecute=0 rethrow=0 return_oop=0}
                      ; - org.eclipse.osgi.internal.log.ExtendedLogServiceImpl::getLogger@7 (line 73)
                      ; - org.eclipse.osgi.internal.log.ExtendedLogServiceImpl::getLogger@2 (line 1)
                      ; - org.eclipse.osgi.internal.debug.Debug::trace@11 (line 265)
                      ; - org.eclipse.osgi.internal.framework.BundleContextImpl::dispatchEvent@281 (line 998)
                      ;   {runtime_call throw_null_pointer_exception Runtime1 stub}
  0x000002b392d09e6c: 5b2e 07e8 

  0x000002b392d09e70: ; ImmutableOopMap {rdx=Oop [128]=Oop [152]=Oop [176]=Oop [272]=Oop [280]=Oop [312]=Oop }
                      ;*invokeinterface debug {reexecute=0 rethrow=0 return_oop=0}
                      ; - org.eclipse.osgi.internal.debug.Debug::trace@17 (line 265)
                      ; - org.eclipse.osgi.internal.framework.BundleContextImpl::dispatchEvent@281 (line 998)
  0x000002b392d09e70: 0c37 2e07 

  0x000002b392d09e74: ;   {runtime_call throw_null_pointer_exception Runtime1 stub}
  0x000002b392d09e74: e807 372e 

  0x000002b392d09e78: ; ImmutableOopMap {rax=Oop rdx=Oop [128]=Oop [152]=Oop [176]=Oop [272]=Oop [280]=Oop }
                      ;*invokevirtual println {reexecute=0 rethrow=0 return_oop=0}
                      ; - org.eclipse.osgi.internal.debug.Debug::trace@29 (line 267)
                      ; - org.eclipse.osgi.internal.framework.BundleContextImpl::dispatchEvent@281 (line 998)
                      ;   {runtime_call throw_null_pointer_exception Runtime1 stub}
  0x000002b392d09e78: 07e8 0237 

  0x000002b392d09e7c: ; ImmutableOopMap {rbx=Oop rdx=Oop [128]=Oop [152]=Oop [176]=Oop }
                      ;*invokeinterface serviceChanged {reexecute=0 rethrow=0 return_oop=0}
                      ; - org.eclipse.osgi.internal.framework.BundleContextImpl::dispatchEvent@288 (line 1000)
  0x000002b392d09e7c: 2e07 4889 

  0x000002b392d09e80: ;   {runtime_call throw_class_cast_exception Runtime1 stub}
  0x000002b392d09e80: 0424 e8f9 

  0x000002b392d09e84: ; ImmutableOopMap {}
                      ;*checkcast {reexecute=0 rethrow=0 return_oop=0}
                      ; - org.eclipse.osgi.internal.framework.BundleContextImpl::dispatchEvent@570 (line 1039)
                      ;   {runtime_call throw_null_pointer_exception Runtime1 stub}
  0x000002b392d09e84: 5a2e 07e8 

  0x000002b392d09e88: ; ImmutableOopMap {r8=Oop rdx=Oop }
                      ;*invokevirtual setContextClassLoader {reexecute=0 rethrow=0 return_oop=0}
                      ; - org.eclipse.osgi.internal.framework.BundleContextImpl::dispatchEvent@573 (line 1039)
  0x000002b392d09e88: f436 2e07 

  0x000002b392d09e8c: ;   {internal_word}
  0x000002b392d09e8c: 49ba 6c84 | d092 b302 | 0000 4d89 | 9768 0400 

  0x000002b392d09e9c: ;   {runtime_call SafepointBlob}
  0x000002b392d09e9c: 00e9 5eac 

  0x000002b392d09ea0: ;   {metadata(nullptr)}
  0x000002b392d09ea0: 2307 48ba | 0000 0000 | 0000 0000 | b800 0f05 

  0x000002b392d09eb0: ;   {runtime_call load_klass_patching Runtime1 stub}
  0x000002b392d09eb0: 0ae8 ca91 

  0x000002b392d09eb4: ; ImmutableOopMap {[128]=Oop [152]=Oop [176]=Oop }
                      ;*new {reexecute=1 rethrow=0 return_oop=0}
                      ; - (reexecute) org.eclipse.osgi.internal.framework.BundleContextImpl::dispatchEvent@414 (line 1018)
  0x000002b392d09eb4: 2e07 e9c5 | e5ff ff48 

  0x000002b392d09ebc: ;   {runtime_call fast_new_instance Runtime1 stub}
  0x000002b392d09ebc: 8bd2 e8bd 

  0x000002b392d09ec0: ; ImmutableOopMap {[128]=Oop [152]=Oop [176]=Oop }
                      ;*new {reexecute=0 rethrow=0 return_oop=0}
                      ; - org.eclipse.osgi.internal.framework.BundleContextImpl::dispatchEvent@414 (line 1018)
  0x000002b392d09ec0: 3f2e 07e9 | 10e6 ffff 

  0x000002b392d09ec8: ;   {runtime_call throw_null_pointer_exception Runtime1 stub}
  0x000002b392d09ec8: e8b3 362e 

  0x000002b392d09ecc: ; ImmutableOopMap {rdx=Oop rax=Oop rbx=Oop [128]=Oop [152]=Oop [176]=Oop }
                      ;*getfield DEBUG_EVENTS {reexecute=1 rethrow=0 return_oop=0}
                      ; - (reexecute) org.eclipse.osgi.internal.framework.BundleContextImpl::dispatchEvent@428 (line 1023)
                      ;   {metadata(nullptr)}
  0x000002b392d09ecc: 0748 ba00 | 0000 0000 | 0000 00b8 | 000f 050a 

  0x000002b392d09edc: ;   {runtime_call load_klass_patching Runtime1 stub}
  0x000002b392d09edc: e89f 912e 

  0x000002b392d09ee0: ; ImmutableOopMap {[128]=Oop [152]=Oop [176]=Oop [328]=Oop [344]=Oop }
                      ;*new {reexecute=1 rethrow=0 return_oop=0}
                      ; - (reexecute) org.eclipse.osgi.internal.framework.BundleContextImpl::dispatchEvent@441 (line 1024)
  0x000002b392d09ee0: 07e9 bae6 | ffff 488b 

  0x000002b392d09ee8: ;   {runtime_call fast_new_instance Runtime1 stub}
  0x000002b392d09ee8: d2e8 923f 

  0x000002b392d09eec: ; ImmutableOopMap {[128]=Oop [152]=Oop [176]=Oop [328]=Oop [344]=Oop }
                      ;*new {reexecute=0 rethrow=0 return_oop=0}
                      ; - org.eclipse.osgi.internal.framework.BundleContextImpl::dispatchEvent@441 (line 1024)
  0x000002b392d09eec: 2e07 e9fd 

  0x000002b392d09ef0: ;   {metadata({method} {0x000002b3a7461da8} '<init>' '(Ljava/lang/String;)V' in 'java/lang/StringBuilder')}
  0x000002b392d09ef0: e6ff ff49 | baa0 1d46 | a7b3 0200 | 004c 8954 | 2408 48c7 | 0424 ffff 

  0x000002b392d09f08: ;   {runtime_call counter_overflow Runtime1 stub}
  0x000002b392d09f08: ffff e871 

  0x000002b392d09f0c: ; ImmutableOopMap {rax=Oop [128]=Oop [152]=Oop [176]=Oop [328]=Oop [344]=Oop }
                      ;*synchronization entry
                      ; - java.lang.StringBuilder::<init>@-1
                      ; - org.eclipse.osgi.internal.framework.BundleContextImpl::dispatchEvent@448 (line 1024)
  0x000002b392d09f0c: bd2e 07e9 | 1ae7 ffff 

  0x000002b392d09f14: ;   {metadata({method} {0x000002b3a7461ae8} 'append' '(Ljava/lang/String;)Ljava/lang/StringBuilder;' in 'java/lang/StringBuilder')}
  0x000002b392d09f14: 49ba e01a | 46a7 b302 | 0000 4c89 | 5424 0848 | c704 24ff 

  0x000002b392d09f28: ;   {runtime_call counter_overflow Runtime1 stub}
  0x000002b392d09f28: ffff ffe8 

  0x000002b392d09f2c: ; ImmutableOopMap {rax=Oop [128]=Oop [152]=Oop [176]=Oop [328]=Oop [336]=Oop [344]=Oop }
                      ;*synchronization entry
                      ; - java.lang.StringBuilder::append@-1
                      ; - org.eclipse.osgi.internal.framework.BundleContextImpl::dispatchEvent@456 (line 1024)
  0x000002b392d09f2c: 50bd 2e07 | e932 e8ff 

  0x000002b392d09f34: ;   {metadata({method} {0x000002b3a7008958} 'toString' '()Ljava/lang/String;' in 'java/lang/StringBuilder')}
  0x000002b392d09f34: ff49 ba50 | 8900 a7b3 | 0200 004c | 8954 2408 | 48c7 0424 | ffff ffff 

  0x000002b392d09f4c: ;   {runtime_call counter_overflow Runtime1 stub}
  0x000002b392d09f4c: e82f bd2e 

  0x000002b392d09f50: ; ImmutableOopMap {[128]=Oop [152]=Oop [176]=Oop [328]=Oop [336]=Oop [344]=Oop }
                      ;*synchronization entry
                      ; - java.lang.StringBuilder::toString@-1
                      ; - org.eclipse.osgi.internal.framework.BundleContextImpl::dispatchEvent@459 (line 1024)
  0x000002b392d09f50: 07e9 87e8 | ffff 488b 

  0x000002b392d09f58: ;   {runtime_call fast_new_instance Runtime1 stub}
  0x000002b392d09f58: d2e8 223f 

  0x000002b392d09f5c: ; ImmutableOopMap {[128]=Oop [152]=Oop [176]=Oop [328]=Oop [336]=Oop [344]=Oop }
                      ;*new {reexecute=0 rethrow=0 return_oop=0}
                      ; - java.lang.StringBuilder::toString@0
                      ; - org.eclipse.osgi.internal.framework.BundleContextImpl::dispatchEvent@459 (line 1024)
  0x000002b392d09f5c: 2e07 e9ca 

  0x000002b392d09f60: ;   {metadata({method} {0x000002b3a7455dd8} '<init>' '(Ljava/lang/StringBuilder;)V' in 'java/lang/String')}
  0x000002b392d09f60: e8ff ff49 | bad0 5d45 | a7b3 0200 | 004c 8954 | 2408 48c7 | 0424 ffff 

  0x000002b392d09f78: ;   {runtime_call counter_overflow Runtime1 stub}
  0x000002b392d09f78: ffff e801 

  0x000002b392d09f7c: ; ImmutableOopMap {rax=Oop [128]=Oop [152]=Oop [176]=Oop [328]=Oop [336]=Oop [344]=Oop }
                      ;*synchronization entry
                      ; - java.lang.String::<init>@-1
                      ; - java.lang.StringBuilder::toString@5
                      ; - org.eclipse.osgi.internal.framework.BundleContextImpl::dispatchEvent@459 (line 1024)
  0x000002b392d09f7c: bd2e 07e9 | eae8 ffff 

  0x000002b392d09f84: ;   {metadata({method} {0x000002b3ea4e53d0} 'trace' '(Ljava/lang/String;Ljava/lang/String;)V' in 'org/eclipse/osgi/internal/debug/Debug')}
  0x000002b392d09f84: 49ba c853 | 4eea b302 | 0000 4c89 | 5424 0848 | c704 24ff 

  0x000002b392d09f98: ;   {runtime_call counter_overflow Runtime1 stub}
  0x000002b392d09f98: ffff ffe8 

  0x000002b392d09f9c: ; ImmutableOopMap {[128]=Oop [152]=Oop [176]=Oop [328]=Oop [344]=Oop [352]=Oop }
                      ;*synchronization entry
                      ; - org.eclipse.osgi.internal.debug.Debug::trace@-1 (line 256)
                      ; - org.eclipse.osgi.internal.framework.BundleContextImpl::dispatchEvent@462 (line 1024)
  0x000002b392d09f9c: e0bc 2e07 | e966 e9ff 

  0x000002b392d09fa4: ;   {runtime_call throw_incompatible_class_change_error Runtime1 stub}
  0x000002b392d09fa4: ffe8 d65c 

  0x000002b392d09fa8: ; ImmutableOopMap {rdx=Oop [128]=Oop [152]=Oop [176]=Oop [328]=Oop [352]=Oop }
                      ;*invokeinterface getLogger {reexecute=0 rethrow=0 return_oop=0}
                      ; - org.eclipse.osgi.internal.debug.Debug::trace@11 (line 265)
                      ; - org.eclipse.osgi.internal.framework.BundleContextImpl::dispatchEvent@462 (line 1024)
                      ;   {runtime_call throw_null_pointer_exception Runtime1 stub}
  0x000002b392d09fa8: 2e07 e8d1 

  0x000002b392d09fac: ; ImmutableOopMap {rdx=Oop [128]=Oop [152]=Oop [176]=Oop [328]=Oop [352]=Oop }
                      ;*invokeinterface getLogger {reexecute=0 rethrow=0 return_oop=0}
                      ; - org.eclipse.osgi.internal.debug.Debug::trace@11 (line 265)
                      ; - org.eclipse.osgi.internal.framework.BundleContextImpl::dispatchEvent@462 (line 1024)
                      ;   {metadata({method} {0x000002b3ea50ca80} 'getLogger' '(Ljava/lang/String;)Lorg/osgi/service/log/Logger;' in 'org/eclipse/osgi/internal/log/ExtendedLogServiceImpl')}
  0x000002b392d09fac: 352e 0749 | ba78 ca50 | eab3 0200 | 004c 8954 | 2408 48c7 | 0424 ffff 

  0x000002b392d09fc4: ;   {runtime_call counter_overflow Runtime1 stub}
  0x000002b392d09fc4: ffff e8b5 

  0x000002b392d09fc8: ; ImmutableOopMap {rdx=Oop [128]=Oop [152]=Oop [176]=Oop [328]=Oop [352]=Oop }
                      ;*synchronization entry
                      ; - org.eclipse.osgi.internal.log.ExtendedLogServiceImpl::getLogger@-1 (line 1)
                      ; - org.eclipse.osgi.internal.debug.Debug::trace@11 (line 265)
                      ; - org.eclipse.osgi.internal.framework.BundleContextImpl::dispatchEvent@462 (line 1024)
  0x000002b392d09fc8: bc2e 07e9 | ffe9 ffff 

  0x000002b392d09fd0: ;   {metadata({method} {0x000002b3ea50a308} 'getLogger' '(Ljava/lang/String;)Lorg/eclipse/equinox/log/Logger;' in 'org/eclipse/osgi/internal/log/ExtendedLogServiceImpl')}
  0x000002b392d09fd0: 49ba 00a3 | 50ea b302 | 0000 4c89 | 5424 0848 | c704 24ff 

  0x000002b392d09fe4: ;   {runtime_call counter_overflow Runtime1 stub}
  0x000002b392d09fe4: ffff ffe8 

  0x000002b392d09fe8: ; ImmutableOopMap {rdx=Oop [128]=Oop [152]=Oop [176]=Oop [328]=Oop [352]=Oop }
                      ;*synchronization entry
                      ; - org.eclipse.osgi.internal.log.ExtendedLogServiceImpl::getLogger@-1 (line 73)
                      ; - org.eclipse.osgi.internal.log.ExtendedLogServiceImpl::getLogger@2 (line 1)
                      ; - org.eclipse.osgi.internal.debug.Debug::trace@11 (line 265)
                      ; - org.eclipse.osgi.internal.framework.BundleContextImpl::dispatchEvent@462 (line 1024)
  0x000002b392d09fe8: 94bc 2e07 | e930 eaff | ff48 8904 

  0x000002b392d09ff4: ;   {runtime_call throw_class_cast_exception Runtime1 stub}
  0x000002b392d09ff4: 24e8 8659 

  0x000002b392d09ff8: ; ImmutableOopMap {[128]=Oop [152]=Oop [176]=Oop [328]=Oop [352]=Oop }
                      ;*checkcast {reexecute=0 rethrow=0 return_oop=0}
                      ; - org.eclipse.osgi.internal.log.ExtendedLogServiceImpl::getLogger@7 (line 73)
                      ; - org.eclipse.osgi.internal.log.ExtendedLogServiceImpl::getLogger@2 (line 1)
                      ; - org.eclipse.osgi.internal.debug.Debug::trace@11 (line 265)
                      ; - org.eclipse.osgi.internal.framework.BundleContextImpl::dispatchEvent@462 (line 1024)
                      ;   {runtime_call throw_null_pointer_exception Runtime1 stub}
  0x000002b392d09ff8: 2e07 e881 

  0x000002b392d09ffc: ; ImmutableOopMap {rdx=Oop [128]=Oop [152]=Oop [176]=Oop [328]=Oop [352]=Oop }
                      ;*invokeinterface debug {reexecute=0 rethrow=0 return_oop=0}
                      ; - org.eclipse.osgi.internal.debug.Debug::trace@17 (line 265)
                      ; - org.eclipse.osgi.internal.framework.BundleContextImpl::dispatchEvent@462 (line 1024)
                      ;   {runtime_call throw_null_pointer_exception Runtime1 stub}
  0x000002b392d09ffc: 352e 07e8 

  0x000002b392d0a000: ; ImmutableOopMap {rax=Oop rdx=Oop [128]=Oop [152]=Oop [176]=Oop [328]=Oop }
                      ;*invokevirtual println {reexecute=0 rethrow=0 return_oop=0}
                      ; - org.eclipse.osgi.internal.debug.Debug::trace@29 (line 267)
                      ; - org.eclipse.osgi.internal.framework.BundleContextImpl::dispatchEvent@462 (line 1024)
  0x000002b392d0a000: 7c35 2e07 

  0x000002b392d0a004: ;   {runtime_call throw_null_pointer_exception Runtime1 stub}
  0x000002b392d0a004: e877 352e 

  0x000002b392d0a008: ; ImmutableOopMap {rdx=Oop rsi=Oop [128]=Oop [152]=Oop [176]=Oop [328]=Oop }
                      ;*invokevirtual traceThrowable {reexecute=0 rethrow=0 return_oop=0}
                      ; - org.eclipse.osgi.internal.framework.BundleContextImpl::dispatchEvent@474 (line 1028)
  0x000002b392d0a008: 0748 8934 

  0x000002b392d0a00c: ;   {runtime_call throw_class_cast_exception Runtime1 stub}
  0x000002b392d0a00c: 24e8 6e59 

  0x000002b392d0a010: ; ImmutableOopMap {[128]=Oop [176]=Oop [328]=Oop }
                      ;*checkcast {reexecute=0 rethrow=0 return_oop=0}
                      ; - org.eclipse.osgi.internal.framework.BundleContextImpl::dispatchEvent@484 (line 1032)
                      ;   {runtime_call throw_null_pointer_exception Runtime1 stub}
  0x000002b392d0a010: 2e07 e869 

  0x000002b392d0a014: ; ImmutableOopMap {rax=Oop [128]=Oop [176]=Oop [328]=Oop }
                      ;*invokevirtual getType {reexecute=0 rethrow=0 return_oop=0}
                      ; - org.eclipse.osgi.internal.framework.BundleContextImpl::dispatchEvent@487 (line 1032)
                      ;   {runtime_call throw_null_pointer_exception Runtime1 stub}
  0x000002b392d0a014: 352e 07e8 

  0x000002b392d0a018: ; ImmutableOopMap {rsi=Oop r8=Oop [128]=Oop [176]=Oop [328]=Oop }
                      ;*invokevirtual getEventPublisher {reexecute=0 rethrow=0 return_oop=0}
                      ; - org.eclipse.osgi.internal.framework.BundleContextImpl::dispatchEvent@498 (line 1035)
  0x000002b392d0a018: 6435 2e07 

  0x000002b392d0a01c: ;   {metadata({method} {0x000002b3ea4a2328} 'getEventPublisher' '()Lorg/eclipse/osgi/internal/framework/EquinoxEventPublisher;' in 'org/eclipse/osgi/internal/framework/EquinoxContainer')}
  0x000002b392d0a01c: 49ba 2023 | 4aea b302 | 0000 4c89 | 5424 0848 | c704 24ff 

  0x000002b392d0a030: ;   {runtime_call counter_overflow Runtime1 stub}
  0x000002b392d0a030: ffff ffe8 

  0x000002b392d0a034: ; ImmutableOopMap {rsi=Oop r8=Oop [128]=Oop [176]=Oop [328]=Oop }
                      ;*synchronization entry
                      ; - org.eclipse.osgi.internal.framework.EquinoxContainer::getEventPublisher@-1 (line 275)
                      ; - org.eclipse.osgi.internal.framework.BundleContextImpl::dispatchEvent@498 (line 1035)
  0x000002b392d0a034: 48bc 2e07 | e995 eeff 

  0x000002b392d0a03c: ;   {runtime_call throw_null_pointer_exception Runtime1 stub}
  0x000002b392d0a03c: ffe8 3e35 

  0x000002b392d0a040: ; ImmutableOopMap {rsi=Oop r8=Oop r9=Oop [128]=Oop [176]=Oop [328]=Oop }
                      ;*monitorenter {reexecute=0 rethrow=0 return_oop=0}
                      ; - org.eclipse.osgi.internal.framework.EquinoxContainer::getEventPublisher@6 (line 275)
                      ; - org.eclipse.osgi.internal.framework.BundleContextImpl::dispatchEvent@498 (line 1035)
  0x000002b392d0a040: 2e07 4c89 | 4c24 0848 

  0x000002b392d0a048: ;   {runtime_call monitorenter_nofpu Runtime1 stub}
  0x000002b392d0a048: 893c 24e8 

  0x000002b392d0a04c: ; ImmutableOopMap {rsi=Oop r8=Oop r9=Oop [128]=Oop [176]=Oop [328]=Oop [376]=Oop }
                      ;*monitorenter {reexecute=0 rethrow=0 return_oop=0}
                      ; - org.eclipse.osgi.internal.framework.EquinoxContainer::getEventPublisher@6 (line 275)
                      ; - org.eclipse.osgi.internal.framework.BundleContextImpl::dispatchEvent@498 (line 1035)
  0x000002b392d0a04c: 3065 2e07 | e9bb eeff | ff48 8d84 | 2470 0100 | 0048 8904 

  0x000002b392d0a060: ;   {runtime_call monitorexit_nofpu Runtime1 stub}
  0x000002b392d0a060: 24e8 1a6b | 2e07 e9d3 

  0x000002b392d0a068: ;   {runtime_call throw_null_pointer_exception Runtime1 stub}
  0x000002b392d0a068: eeff ffe8 

  0x000002b392d0a06c: ; ImmutableOopMap {rdx=Oop r9=Oop [176]=Oop [328]=Oop }
                      ;*invokevirtual publishFrameworkEvent {reexecute=0 rethrow=0 return_oop=0}
                      ; - org.eclipse.osgi.internal.framework.BundleContextImpl::dispatchEvent@508 (line 1035)
  0x000002b392d0a06c: 1035 2e07 | 4889 3c24 

  0x000002b392d0a074: ;   {runtime_call throw_class_cast_exception Runtime1 stub}
  0x000002b392d0a074: e807 592e 

  0x000002b392d0a078: ; ImmutableOopMap {}
                      ;*checkcast {reexecute=0 rethrow=0 return_oop=0}
                      ; - org.eclipse.osgi.internal.framework.BundleContextImpl::dispatchEvent@524 (line 1039)
                      ;   {runtime_call throw_null_pointer_exception Runtime1 stub}
  0x000002b392d0a078: 07e8 0235 

  0x000002b392d0a07c: ; ImmutableOopMap {r8=Oop rdx=Oop }
                      ;*invokevirtual setContextClassLoader {reexecute=0 rethrow=0 return_oop=0}
                      ; - org.eclipse.osgi.internal.framework.BundleContextImpl::dispatchEvent@527 (line 1039)
                      ;   {internal_word}
  0x000002b392d0a07c: 2e07 49ba | 9c91 d092 | b302 0000 | 4d89 9768 

  0x000002b392d0a08c: ;   {runtime_call SafepointBlob}
  0x000002b392d0a08c: 0400 00e9 | 6caa 2307 | 488d 8424 | 7001 0000 | 4889 0424 

  0x000002b392d0a0a0: ;   {runtime_call monitorexit_nofpu Runtime1 stub}
  0x000002b392d0a0a0: e8db 6a2e | 07e9 58f1 | ffff 4889 

  0x000002b392d0a0ac: ;   {runtime_call throw_class_cast_exception Runtime1 stub}
  0x000002b392d0a0ac: 3c24 e8cd 

  0x000002b392d0a0b0: ; ImmutableOopMap {[360]=Oop }
                      ;*checkcast {reexecute=0 rethrow=0 return_oop=0}
                      ; - org.eclipse.osgi.internal.framework.BundleContextImpl::dispatchEvent@548 (line 1039)
                      ;   {runtime_call throw_null_pointer_exception Runtime1 stub}
  0x000002b392d0a0b0: 582e 07e8 

  0x000002b392d0a0b4: ; ImmutableOopMap {r8=Oop rdx=Oop [360]=Oop }
                      ;*invokevirtual setContextClassLoader {reexecute=0 rethrow=0 return_oop=0}
                      ; - org.eclipse.osgi.internal.framework.BundleContextImpl::dispatchEvent@551 (line 1039)
  0x000002b392d0a0b4: c834 2e07 | 498b 8700 | 0500 0049 | c787 0005 | 0000 0000 | 0000 49c7 | 8708 0500 | 0000 0000 
  0x000002b392d0a0d4: 0048 81c4 | 9001 0000 

  0x000002b392d0a0dc: ;   {runtime_call unwind_exception Runtime1 stub}
  0x000002b392d0a0dc: 5de9 1e22 | 2e07 f4f4 | f4f4 f4f4 
[Stub Code]
  0x000002b392d0a0e8: ;   {no_reloc}
  0x000002b392d0a0e8: 0f1f 4400 

  0x000002b392d0a0ec: ;   {static_stub}
  0x000002b392d0a0ec: 0048 bb00 | 0000 0000 

  0x000002b392d0a0f4: ;   {runtime_call nmethod}
  0x000002b392d0a0f4: 0000 00e9 | fbff ffff 

  0x000002b392d0a0fc: ;   {static_stub}
  0x000002b392d0a0fc: 9048 bb00 | 0000 0000 

  0x000002b392d0a104: ;   {runtime_call nmethod}
  0x000002b392d0a104: 0000 00e9 | fbff ffff 

  0x000002b392d0a10c: ;   {static_stub}
  0x000002b392d0a10c: 9048 bb00 | 0000 0000 

  0x000002b392d0a114: ;   {runtime_call nmethod}
  0x000002b392d0a114: 0000 00e9 | fbff ffff 

  0x000002b392d0a11c: ;   {static_stub}
  0x000002b392d0a11c: 9048 bb00 | 0000 0000 

  0x000002b392d0a124: ;   {runtime_call nmethod}
  0x000002b392d0a124: 0000 00e9 | fbff ffff 

  0x000002b392d0a12c: ;   {static_stub}
  0x000002b392d0a12c: 9048 bb00 | 0000 0000 

  0x000002b392d0a134: ;   {runtime_call nmethod}
  0x000002b392d0a134: 0000 00e9 | fbff ffff 

  0x000002b392d0a13c: ;   {static_stub}
  0x000002b392d0a13c: 9048 bb00 | 0000 0000 

  0x000002b392d0a144: ;   {runtime_call nmethod}
  0x000002b392d0a144: 0000 00e9 | fbff ffff 

  0x000002b392d0a14c: ;   {static_stub}
  0x000002b392d0a14c: 9048 bb00 | 0000 0000 

  0x000002b392d0a154: ;   {runtime_call nmethod}
  0x000002b392d0a154: 0000 00e9 | fbff ffff 

  0x000002b392d0a15c: ;   {static_stub}
  0x000002b392d0a15c: 9048 bb00 | 0000 0000 

  0x000002b392d0a164: ;   {runtime_call nmethod}
  0x000002b392d0a164: 0000 00e9 | fbff ffff 

  0x000002b392d0a16c: ;   {static_stub}
  0x000002b392d0a16c: 9048 bb00 | 0000 0000 

  0x000002b392d0a174: ;   {runtime_call nmethod}
  0x000002b392d0a174: 0000 00e9 | fbff ffff 

  0x000002b392d0a17c: ;   {static_stub}
  0x000002b392d0a17c: 9048 bb00 | 0000 0000 

  0x000002b392d0a184: ;   {runtime_call nmethod}
  0x000002b392d0a184: 0000 00e9 | fbff ffff 

  0x000002b392d0a18c: ;   {static_stub}
  0x000002b392d0a18c: 9048 bb00 | 0000 0000 

  0x000002b392d0a194: ;   {runtime_call nmethod}
  0x000002b392d0a194: 0000 00e9 | fbff ffff 

  0x000002b392d0a19c: ;   {static_stub}
  0x000002b392d0a19c: 9048 bb00 | 0000 0000 

  0x000002b392d0a1a4: ;   {runtime_call nmethod}
  0x000002b392d0a1a4: 0000 00e9 | fbff ffff 

  0x000002b392d0a1ac: ;   {static_stub}
  0x000002b392d0a1ac: 9048 bb00 | 0000 0000 

  0x000002b392d0a1b4: ;   {runtime_call nmethod}
  0x000002b392d0a1b4: 0000 00e9 | fbff ffff 

  0x000002b392d0a1bc: ;   {static_stub}
  0x000002b392d0a1bc: 9048 bb00 | 0000 0000 

  0x000002b392d0a1c4: ;   {runtime_call nmethod}
  0x000002b392d0a1c4: 0000 00e9 | fbff ffff 

  0x000002b392d0a1cc: ;   {static_stub}
  0x000002b392d0a1cc: 9048 bb00 | 0000 0000 

  0x000002b392d0a1d4: ;   {runtime_call nmethod}
  0x000002b392d0a1d4: 0000 00e9 | fbff ffff 

  0x000002b392d0a1dc: ;   {static_stub}
  0x000002b392d0a1dc: 9048 bb00 | 0000 0000 

  0x000002b392d0a1e4: ;   {runtime_call nmethod}
  0x000002b392d0a1e4: 0000 00e9 | fbff ffff 

  0x000002b392d0a1ec: ;   {static_stub}
  0x000002b392d0a1ec: 9048 bb00 | 0000 0000 

  0x000002b392d0a1f4: ;   {runtime_call nmethod}
  0x000002b392d0a1f4: 0000 00e9 | fbff ffff 

  0x000002b392d0a1fc: ;   {static_stub}
  0x000002b392d0a1fc: 9048 bb00 | 0000 0000 

  0x000002b392d0a204: ;   {runtime_call nmethod}
  0x000002b392d0a204: 0000 00e9 | fbff ffff 

  0x000002b392d0a20c: ;   {static_stub}
  0x000002b392d0a20c: 9048 bb00 | 0000 0000 

  0x000002b392d0a214: ;   {runtime_call nmethod}
  0x000002b392d0a214: 0000 00e9 | fbff ffff 

  0x000002b392d0a21c: ;   {static_stub}
  0x000002b392d0a21c: 9048 bb00 | 0000 0000 

  0x000002b392d0a224: ;   {runtime_call nmethod}
  0x000002b392d0a224: 0000 00e9 | fbff ffff 

  0x000002b392d0a22c: ;   {static_stub}
  0x000002b392d0a22c: 9048 bb00 | 0000 0000 

  0x000002b392d0a234: ;   {runtime_call nmethod}
  0x000002b392d0a234: 0000 00e9 | fbff ffff 

  0x000002b392d0a23c: ;   {static_stub}
  0x000002b392d0a23c: 9048 bb00 | 0000 0000 

  0x000002b392d0a244: ;   {runtime_call nmethod}
  0x000002b392d0a244: 0000 00e9 | fbff ffff 

  0x000002b392d0a24c: ;   {static_stub}
  0x000002b392d0a24c: 9048 bb00 | 0000 0000 

  0x000002b392d0a254: ;   {runtime_call nmethod}
  0x000002b392d0a254: 0000 00e9 | fbff ffff 

  0x000002b392d0a25c: ;   {static_stub}
  0x000002b392d0a25c: 9048 bb00 | 0000 0000 

  0x000002b392d0a264: ;   {runtime_call nmethod}
  0x000002b392d0a264: 0000 00e9 | fbff ffff 

  0x000002b392d0a26c: ;   {static_stub}
  0x000002b392d0a26c: 9048 bb00 | 0000 0000 

  0x000002b392d0a274: ;   {runtime_call nmethod}
  0x000002b392d0a274: 0000 00e9 | fbff ffff 

  0x000002b392d0a27c: ;   {static_stub}
  0x000002b392d0a27c: 9048 bb00 | 0000 0000 

  0x000002b392d0a284: ;   {runtime_call nmethod}
  0x000002b392d0a284: 0000 00e9 | fbff ffff 

  0x000002b392d0a28c: ;   {static_stub}
  0x000002b392d0a28c: 9048 bb00 | 0000 0000 

  0x000002b392d0a294: ;   {runtime_call nmethod}
  0x000002b392d0a294: 0000 00e9 | fbff ffff 

  0x000002b392d0a29c: ;   {static_stub}
  0x000002b392d0a29c: 9048 bb00 | 0000 0000 

  0x000002b392d0a2a4: ;   {runtime_call nmethod}
  0x000002b392d0a2a4: 0000 00e9 | fbff ffff 

  0x000002b392d0a2ac: ;   {static_stub}
  0x000002b392d0a2ac: 9048 bb00 | 0000 0000 

  0x000002b392d0a2b4: ;   {runtime_call nmethod}
  0x000002b392d0a2b4: 0000 00e9 | fbff ffff 

  0x000002b392d0a2bc: ;   {static_stub}
  0x000002b392d0a2bc: 9048 bb00 | 0000 0000 

  0x000002b392d0a2c4: ;   {runtime_call nmethod}
  0x000002b392d0a2c4: 0000 00e9 | fbff ffff 

  0x000002b392d0a2cc: ;   {static_stub}
  0x000002b392d0a2cc: 9048 bb00 | 0000 0000 

  0x000002b392d0a2d4: ;   {runtime_call nmethod}
  0x000002b392d0a2d4: 0000 00e9 | fbff ffff 

  0x000002b392d0a2dc: ;   {static_stub}
  0x000002b392d0a2dc: 9048 bb00 | 0000 0000 

  0x000002b392d0a2e4: ;   {runtime_call nmethod}
  0x000002b392d0a2e4: 0000 00e9 | fbff ffff 

  0x000002b392d0a2ec: ;   {static_stub}
  0x000002b392d0a2ec: 9048 bb00 | 0000 0000 

  0x000002b392d0a2f4: ;   {runtime_call nmethod}
  0x000002b392d0a2f4: 0000 00e9 | fbff ffff 

  0x000002b392d0a2fc: ;   {static_stub}
  0x000002b392d0a2fc: 9048 bb00 | 0000 0000 

  0x000002b392d0a304: ;   {runtime_call nmethod}
  0x000002b392d0a304: 0000 00e9 | fbff ffff 

  0x000002b392d0a30c: ;   {static_stub}
  0x000002b392d0a30c: 9048 bb00 | 0000 0000 

  0x000002b392d0a314: ;   {runtime_call nmethod}
  0x000002b392d0a314: 0000 00e9 | fbff ffff 

  0x000002b392d0a31c: ;   {static_stub}
  0x000002b392d0a31c: 9048 bb00 | 0000 0000 

  0x000002b392d0a324: ;   {runtime_call nmethod}
  0x000002b392d0a324: 0000 00e9 | fbff ffff 

  0x000002b392d0a32c: ;   {static_stub}
  0x000002b392d0a32c: 9048 bb00 | 0000 0000 

  0x000002b392d0a334: ;   {runtime_call nmethod}
  0x000002b392d0a334: 0000 00e9 | fbff ffff 

  0x000002b392d0a33c: ;   {static_stub}
  0x000002b392d0a33c: 9048 bb00 | 0000 0000 

  0x000002b392d0a344: ;   {runtime_call nmethod}
  0x000002b392d0a344: 0000 00e9 | fbff ffff 

  0x000002b392d0a34c: ;   {static_stub}
  0x000002b392d0a34c: 9048 bb00 | 0000 0000 

  0x000002b392d0a354: ;   {runtime_call nmethod}
  0x000002b392d0a354: 0000 00e9 | fbff ffff 

  0x000002b392d0a35c: ;   {static_stub}
  0x000002b392d0a35c: 9048 bb00 | 0000 0000 

  0x000002b392d0a364: ;   {runtime_call nmethod}
  0x000002b392d0a364: 0000 00e9 | fbff ffff 

  0x000002b392d0a36c: ;   {static_stub}
  0x000002b392d0a36c: 9048 bb00 | 0000 0000 

  0x000002b392d0a374: ;   {runtime_call nmethod}
  0x000002b392d0a374: 0000 00e9 | fbff ffff 

  0x000002b392d0a37c: ;   {static_stub}
  0x000002b392d0a37c: 9048 bb00 | 0000 0000 

  0x000002b392d0a384: ;   {runtime_call nmethod}
  0x000002b392d0a384: 0000 00e9 | fbff ffff 

  0x000002b392d0a38c: ;   {static_stub}
  0x000002b392d0a38c: 9048 bb00 | 0000 0000 

  0x000002b392d0a394: ;   {runtime_call nmethod}
  0x000002b392d0a394: 0000 00e9 | fbff ffff 

  0x000002b392d0a39c: ;   {static_stub}
  0x000002b392d0a39c: 9048 bb00 | 0000 0000 

  0x000002b392d0a3a4: ;   {runtime_call nmethod}
  0x000002b392d0a3a4: 0000 00e9 | fbff ffff 

  0x000002b392d0a3ac: ;   {static_stub}
  0x000002b392d0a3ac: 9048 bb00 | 0000 0000 

  0x000002b392d0a3b4: ;   {runtime_call nmethod}
  0x000002b392d0a3b4: 0000 00e9 | fbff ffff 

  0x000002b392d0a3bc: ;   {static_stub}
  0x000002b392d0a3bc: 9048 bb00 | 0000 0000 

  0x000002b392d0a3c4: ;   {runtime_call nmethod}
  0x000002b392d0a3c4: 0000 00e9 | fbff ffff 

  0x000002b392d0a3cc: ;   {static_stub}
  0x000002b392d0a3cc: 9048 bb00 | 0000 0000 

  0x000002b392d0a3d4: ;   {runtime_call nmethod}
  0x000002b392d0a3d4: 0000 00e9 | fbff ffff 

  0x000002b392d0a3dc: ;   {static_stub}
  0x000002b392d0a3dc: 48bb 0000 | 0000 0000 

  0x000002b392d0a3e4: ;   {runtime_call nmethod}
  0x000002b392d0a3e4: 0000 e9fb 

  0x000002b392d0a3e8: ;   {static_stub}
  0x000002b392d0a3e8: ffff ff48 | bb00 0000 | 0000 0000 

  0x000002b392d0a3f4: ;   {runtime_call nmethod}
  0x000002b392d0a3f4: 00e9 fbff 

  0x000002b392d0a3f8: ;   {static_stub}
  0x000002b392d0a3f8: ffff 48bb | 0000 0000 | 0000 0000 

  0x000002b392d0a404: ;   {runtime_call nmethod}
  0x000002b392d0a404: e9fb ffff 

  0x000002b392d0a408: ;   {static_stub}
  0x000002b392d0a408: ff48 bb00 | 0000 0000 

  0x000002b392d0a410: ;   {runtime_call nmethod}
  0x000002b392d0a410: 0000 00e9 | fbff ffff 

  0x000002b392d0a418: ;   {static_stub}
  0x000002b392d0a418: 48bb 0000 | 0000 0000 

  0x000002b392d0a420: ;   {runtime_call nmethod}
  0x000002b392d0a420: 0000 e9fb 

  0x000002b392d0a424: ;   {static_stub}
  0x000002b392d0a424: ffff ff48 | bb00 0000 | 0000 0000 

  0x000002b392d0a430: ;   {runtime_call nmethod}
  0x000002b392d0a430: 00e9 fbff 

  0x000002b392d0a434: ;   {runtime_call handle_exception_from_callee Runtime1 stub}
  0x000002b392d0a434: ffff e845 

  0x000002b392d0a438: ;   {external_word}
  0x000002b392d0a438: 4f2e 0748 | b940 53c3 | 08fc 7f00 | 0048 83e4 

  0x000002b392d0a448: ;   {runtime_call}
  0x000002b392d0a448: f048 b8b0 | c385 08fc | 7f00 00ff 

  0x000002b392d0a454: ;   {section_word}
  0x000002b392d0a454: d0f4 49ba | 56a4 d092 | b302 0000 

  0x000002b392d0a460: ;   {runtime_call DeoptimizationBlob}
  0x000002b392d0a460: 4152 e939 | 9923 07f4 
[/MachCode]


---------------  P R O C E S S  ---------------

Threads class SMR info:
_java_thread_list=0x000002b3e9767a90, length=18, elements={
0x000002b38f7bde10, 0x000002b38f861fd0, 0x000002b38f8651c0, 0x000002b38f8676d0,
0x000002b38f8694f0, 0x000002b38f869f50, 0x000002b38f86a9b0, 0x000002b38f86dc00,
0x000002b38f87e7d0, 0x000002b3e87ce100, 0x000002b3e88d13e0, 0x000002b3e9aa9830,
0x000002b3ee2a0960, 0x000002b3ee13b650, 0x000002b3e9929d10, 0x000002b3ee434b30,
0x000002b3e961f240, 0x000002b3ee372c00
}

Java Threads: ( => current thread )
  0x000002b38f7bde10 JavaThread "main"                              [_thread_blocked, id=32716, stack(0x000000dc2c500000,0x000000dc2c600000) (1024K)]
  0x000002b38f861fd0 JavaThread "Reference Handler"          daemon [_thread_blocked, id=38488, stack(0x000000dc2c900000,0x000000dc2ca00000) (1024K)]
  0x000002b38f8651c0 JavaThread "Finalizer"                  daemon [_thread_blocked, id=26580, stack(0x000000dc2ca00000,0x000000dc2cb00000) (1024K)]
  0x000002b38f8676d0 JavaThread "Signal Dispatcher"          daemon [_thread_blocked, id=18036, stack(0x000000dc2cb00000,0x000000dc2cc00000) (1024K)]
  0x000002b38f8694f0 JavaThread "Attach Listener"            daemon [_thread_blocked, id=25720, stack(0x000000dc2cc00000,0x000000dc2cd00000) (1024K)]
  0x000002b38f869f50 JavaThread "Service Thread"             daemon [_thread_blocked, id=44024, stack(0x000000dc2cd00000,0x000000dc2ce00000) (1024K)]
  0x000002b38f86a9b0 JavaThread "Monitor Deflation Thread"   daemon [_thread_blocked, id=24204, stack(0x000000dc2ce00000,0x000000dc2cf00000) (1024K)]
  0x000002b38f86dc00 JavaThread "C2 CompilerThread0"         daemon [_thread_blocked, id=39200, stack(0x000000dc2cf00000,0x000000dc2d000000) (1024K)]
  0x000002b38f87e7d0 JavaThread "C1 CompilerThread0"         daemon [_thread_blocked, id=38692, stack(0x000000dc2d000000,0x000000dc2d100000) (1024K)]
  0x000002b3e87ce100 JavaThread "Common-Cleaner"             daemon [_thread_blocked, id=17508, stack(0x000000dc2d200000,0x000000dc2d300000) (1024K)]
  0x000002b3e88d13e0 JavaThread "Notification Thread"        daemon [_thread_blocked, id=48960, stack(0x000000dc2d100000,0x000000dc2d200000) (1024K)]
  0x000002b3e9aa9830 JavaThread "Active Thread: Equinox Container: 8a081502-08cf-4081-988f-e9392925cb22"        [_thread_blocked, id=27240, stack(0x000000dc2db00000,0x000000dc2dc00000) (1024K)]
  0x000002b3ee2a0960 JavaThread "Framework Event Dispatcher: Equinox Container: 8a081502-08cf-4081-988f-e9392925cb22" daemon [_thread_blocked, id=23456, stack(0x000000dc2d400000,0x000000dc2d500000) (1024K)]
=>0x000002b3ee13b650 JavaThread "Start Level: Equinox Container: 8a081502-08cf-4081-988f-e9392925cb22" daemon [_thread_in_vm, id=15688, stack(0x000000dc2dc00000,0x000000dc2dd00000) (1024K)]
  0x000002b3e9929d10 JavaThread "SCR Component Actor"        daemon [_thread_blocked, id=15156, stack(0x000000dc2d300000,0x000000dc2d400000) (1024K)]
  0x000002b3ee434b30 JavaThread "Worker-JM"                         [_thread_blocked, id=33548, stack(0x000000dc2de00000,0x000000dc2df00000) (1024K)]
  0x000002b3e961f240 JavaThread "Worker-0"                          [_thread_blocked, id=12268, stack(0x000000dc2e200000,0x000000dc2e300000) (1024K)]
  0x000002b3ee372c00 JavaThread "Worker-1"                          [_thread_blocked, id=7104, stack(0x000000dc2e300000,0x000000dc2e400000) (1024K)]
Total: 18

Other Threads:
  0x000002b38f753100 VMThread "VM Thread"                           [id=26328, stack(0x000000dc2c800000,0x000000dc2c900000) (1024K)] _threads_hazard_ptr=0x000002b3e9767a90
  0x000002b38f64ba00 WatcherThread "VM Periodic Task Thread"        [id=620, stack(0x000000dc2c700000,0x000000dc2c800000) (1024K)]
  0x000002b38f7dbd50 WorkerThread "GC Thread#0"                     [id=47224, stack(0x000000dc2c600000,0x000000dc2c700000) (1024K)]
  0x000002b3e9919760 WorkerThread "GC Thread#1"                     [id=5540, stack(0x000000dc2d500000,0x000000dc2d600000) (1024K)]
  0x000002b3e9b37dd0 WorkerThread "GC Thread#2"                     [id=12360, stack(0x000000dc2d600000,0x000000dc2d700000) (1024K)]
  0x000002b3e9b38180 WorkerThread "GC Thread#3"                     [id=41956, stack(0x000000dc2d700000,0x000000dc2d800000) (1024K)]
  0x000002b3ee053410 WorkerThread "GC Thread#4"                     [id=44524, stack(0x000000dc2d800000,0x000000dc2d900000) (1024K)]
  0x000002b3ee0537c0 WorkerThread "GC Thread#5"                     [id=31752, stack(0x000000dc2d900000,0x000000dc2da00000) (1024K)]
  0x000002b3ee0ac4e0 WorkerThread "GC Thread#6"                     [id=37808, stack(0x000000dc2da00000,0x000000dc2db00000) (1024K)]
  0x000002b3e9a98670 WorkerThread "GC Thread#7"                     [id=33544, stack(0x000000dc2dd00000,0x000000dc2de00000) (1024K)]
  0x000002b3ee347180 WorkerThread "GC Thread#8"                     [id=20580, stack(0x000000dc2df00000,0x000000dc2e000000) (1024K)]
  0x000002b3ee3981c0 WorkerThread "GC Thread#9"                     [id=18312, stack(0x000000dc2e000000,0x000000dc2e100000) (1024K)]
Total: 12

Threads with active compile tasks:
Total: 0

VM state: synchronizing (normal execution)

VM Mutex/Monitor currently owned by a thread:  ([mutex/lock_event])
[0x00007ffc08eec4e0] Metaspace_lock - owner thread: 0x000002b3ee13b650
[0x00007ffc08eee560] Threads_lock - owner thread: 0x000002b38f753100

Heap address: 0x0000000080000000, size: 2048 MB, Compressed Oops mode: 32-bit

CDS archive(s) mapped at: [0x000002b3a7000000-0x000002b3a7ba0000-0x000002b3a7ba0000), size 12189696, SharedBaseAddress: 0x000002b3a7000000, ArchiveRelocationMode: 1.
Compressed class space mapped at: 0x000002b3a8000000-0x000002b3e8000000, reserved size: 1073741824
Narrow klass base: 0x000002b3a7000000, Narrow klass shift: 0, Narrow klass range: 0x100000000

GC Precious Log:
 CardTable entry size: 512
 CPUs: 12 total, 12 available
 Memory: 15178M
 Large Page Support: Disabled
 NUMA Support: Disabled
 Compressed Oops: Enabled (32-bit)
 Alignments: Space 512K, Generation 512K, Heap 2M
 Heap Min Capacity: 100M
 Heap Initial Capacity: 100M
 Heap Max Capacity: 2G
 Pre-touch: Disabled
 Parallel Workers: 10

Heap:
 PSYoungGen      total 29696K, used 17911K [0x00000000d5580000, 0x00000000d7680000, 0x0000000100000000)
  eden space 25600K, 53% used [0x00000000d5580000,0x00000000d62feab0,0x00000000d6e80000)
  from space 4096K, 99% used [0x00000000d7280000,0x00000000d767f3e8,0x00000000d7680000)
  to   space 4096K, 0% used [0x00000000d6e80000,0x00000000d6e80000,0x00000000d7280000)
 ParOldGen       total 68608K, used 5666K [0x0000000080000000, 0x0000000084300000, 0x00000000d5580000)
  object space 68608K, 8% used [0x0000000080000000,0x00000000805889f8,0x0000000084300000)
 Metaspace       used 18312K, committed 18944K, reserved 1114112K
  class space    used 1814K, committed 2112K, reserved 1048576K

Card table byte_map: [0x000002b38f160000,0x000002b38f570000] _byte_map_base: 0x000002b38ed60000

Marking Bits: (ParMarkBitMap*) 0x00007ffc08ef3450
 Begin Bits: [0x000002b3a1c70000, 0x000002b3a3c70000)
 End Bits:   [0x000002b3a3c70000, 0x000002b3a5c70000)

Polling page: 0x000002b38d800000

Metaspace:

Usage:
  Non-class:     16.11 MB used.
      Class:      1.77 MB used.
       Both:     17.88 MB used.

Virtual space:
  Non-class space:       64.00 MB reserved,      16.44 MB ( 26%) committed,  1 nodes.
      Class space:        1.00 GB reserved,       2.06 MB ( <1%) committed,  1 nodes.
             Both:        1.06 GB reserved,      18.50 MB (  2%) committed. 

Chunk freelists:
   Non-Class:  14.75 MB
       Class:  13.78 MB
        Both:  28.53 MB

MaxMetaspaceSize: unlimited
CompressedClassSpaceSize: 1.00 GB
Initial GC threshold: 21.00 MB
Current GC threshold: 21.00 MB
CDS: on
 - commit_granule_bytes: 65536.
 - commit_granule_words: 8192.
 - virtual_space_node_default_size: 8388608.
 - enlarge_chunks_in_place: 1.
 - use_allocation_guard: 0.


Internal statistics:

num_allocs_failed_limit: 0.
num_arena_births: 448.
num_arena_deaths: 0.
num_vsnodes_births: 2.
num_vsnodes_deaths: 0.
num_space_committed: 296.
num_space_uncommitted: 0.
num_chunks_returned_to_freelist: 0.
num_chunks_taken_from_freelist: 1104.
num_chunk_merges: 0.
num_chunk_splits: 709.
num_chunks_enlarged: 470.
num_inconsistent_stats: 0.

CodeHeap 'non-profiled nmethods': size=120000Kb used=1092Kb max_used=1092Kb free=118907Kb
 bounds [0x000002b39a490000, 0x000002b39a700000, 0x000002b3a19c0000]
CodeHeap 'profiled nmethods': size=120000Kb used=4994Kb max_used=4994Kb free=115005Kb
 bounds [0x000002b3929c0000, 0x000002b392eb0000, 0x000002b399ef0000]
CodeHeap 'non-nmethods': size=5760Kb used=1262Kb max_used=1290Kb free=4498Kb
 bounds [0x000002b399ef0000, 0x000002b39a160000, 0x000002b39a490000]
CodeCache: size=245760Kb, used=7348Kb, max_used=7376Kb, free=238410Kb
 total_blobs=3150, nmethods=2616, adapters=440, full_count=0
Compilation: enabled, stopped_count=0, restarted_count=0

Compilation events (20 events):
Event: 7.548 Thread 0x000002b38f87e7d0 nmethod 2609 0x000002b392e9ca10 code [0x000002b392e9cbc0, 0x000002b392e9cdc8]
Event: 7.551 Thread 0x000002b38f87e7d0 2610       3       java.net.URL::openConnection (9 bytes)
Event: 7.551 Thread 0x000002b38f87e7d0 nmethod 2610 0x000002b392e9ce90 code [0x000002b392e9d040, 0x000002b392e9d220]
Event: 7.551 Thread 0x000002b38f87e7d0 2611       3       java.net.URLConnection::<init> (62 bytes)
Event: 7.552 Thread 0x000002b38f87e7d0 nmethod 2611 0x000002b392e9d310 code [0x000002b392e9d500, 0x000002b392e9d9a8]
Event: 7.552 Thread 0x000002b38f87e7d0 2612       3       java.net.URLConnection::getDefaultUseCaches (27 bytes)
Event: 7.552 Thread 0x000002b38f87e7d0 nmethod 2612 0x000002b392e9db90 code [0x000002b392e9dd60, 0x000002b392e9e050]
Event: 7.553 Thread 0x000002b38f87e7d0 2613       3       org.lombokweb.asm.Symbol::getArgumentsAndReturnSizes (23 bytes)
Event: 7.553 Thread 0x000002b38f87e7d0 nmethod 2613 0x000002b392e9e190 code [0x000002b392e9e340, 0x000002b392e9e4c0]
Event: 7.553 Thread 0x000002b38f87e7d0 2614       3       org.lombokweb.asm.MethodWriter::visitMethodInsn (191 bytes)
Event: 7.555 Thread 0x000002b38f87e7d0 nmethod 2614 0x000002b392e9e590 code [0x000002b392e9e7e0, 0x000002b392e9efa0]
Event: 7.555 Thread 0x000002b38f87e7d0 2616       3       lombok.patcher.Hook::convertType (64 bytes)
Event: 7.556 Thread 0x000002b38f87e7d0 nmethod 2616 0x000002b392e9f290 code [0x000002b392e9f4e0, 0x000002b392e9fbe8]
Event: 7.556 Thread 0x000002b38f87e7d0 2617       3       org.lombokweb.asm.ByteVector::put11 (52 bytes)
Event: 7.557 Thread 0x000002b38f87e7d0 nmethod 2617 0x000002b392e9ff90 code [0x000002b392ea0140, 0x000002b392ea0348]
Event: 7.557 Thread 0x000002b38f87e7d0 2615       3       org.lombokweb.asm.SymbolTable::addConstantMethodref (24 bytes)
Event: 7.557 Thread 0x000002b38f87e7d0 nmethod 2615 0x000002b392ea0490 code [0x000002b392ea0640, 0x000002b392ea07e0]
Event: 7.579 Thread 0x000002b38f86dc00 nmethod 2602 0x000002b39a59f310 code [0x000002b39a59f580, 0x000002b39a5a0100]
Event: 7.579 Thread 0x000002b38f86dc00 2618       4       org.lombokweb.asm.MethodWriter::visitLabel (332 bytes)
Event: 7.588 Thread 0x000002b38f86dc00 nmethod 2618 0x000002b39a5a0990 code [0x000002b39a5a0b40, 0x000002b39a5a0fa0]

GC Heap History (8 events):
Event: 2.216 GC heap before
{Heap before GC invocations=1 (full 0):
 PSYoungGen      total 29696K, used 25600K [0x00000000d5580000, 0x00000000d7680000, 0x0000000100000000)
  eden space 25600K, 100% used [0x00000000d5580000,0x00000000d6e80000,0x00000000d6e80000)
  from space 4096K, 0% used [0x00000000d7280000,0x00000000d7280000,0x00000000d7680000)
  to   space 4096K, 0% used [0x00000000d6e80000,0x00000000d6e80000,0x00000000d7280000)
 ParOldGen       total 68608K, used 0K [0x0000000080000000, 0x0000000084300000, 0x00000000d5580000)
  object space 68608K, 0% used [0x0000000080000000,0x0000000080000000,0x0000000084300000)
 Metaspace       used 4323K, committed 4608K, reserved 1114112K
  class space    used 473K, committed 576K, reserved 1048576K
}
Event: 2.229 GC heap after
{Heap after GC invocations=1 (full 0):
 PSYoungGen      total 29696K, used 3335K [0x00000000d5580000, 0x00000000d7680000, 0x0000000100000000)
  eden space 25600K, 0% used [0x00000000d5580000,0x00000000d5580000,0x00000000d6e80000)
  from space 4096K, 81% used [0x00000000d6e80000,0x00000000d71c1e98,0x00000000d7280000)
  to   space 4096K, 0% used [0x00000000d7280000,0x00000000d7280000,0x00000000d7680000)
 ParOldGen       total 68608K, used 16K [0x0000000080000000, 0x0000000084300000, 0x00000000d5580000)
  object space 68608K, 0% used [0x0000000080000000,0x0000000080004000,0x0000000084300000)
 Metaspace       used 4323K, committed 4608K, reserved 1114112K
  class space    used 473K, committed 576K, reserved 1048576K
}
Event: 4.029 GC heap before
{Heap before GC invocations=2 (full 0):
 PSYoungGen      total 29696K, used 28935K [0x00000000d5580000, 0x00000000d7680000, 0x0000000100000000)
  eden space 25600K, 100% used [0x00000000d5580000,0x00000000d6e80000,0x00000000d6e80000)
  from space 4096K, 81% used [0x00000000d6e80000,0x00000000d71c1e98,0x00000000d7280000)
  to   space 4096K, 0% used [0x00000000d7280000,0x00000000d7280000,0x00000000d7680000)
 ParOldGen       total 68608K, used 16K [0x0000000080000000, 0x0000000084300000, 0x00000000d5580000)
  object space 68608K, 0% used [0x0000000080000000,0x0000000080004000,0x0000000084300000)
 Metaspace       used 8162K, committed 8448K, reserved 1114112K
  class space    used 869K, committed 1024K, reserved 1048576K
}
Event: 4.039 GC heap after
{Heap after GC invocations=2 (full 0):
 PSYoungGen      total 29696K, used 4091K [0x00000000d5580000, 0x00000000d7680000, 0x0000000100000000)
  eden space 25600K, 0% used [0x00000000d5580000,0x00000000d5580000,0x00000000d6e80000)
  from space 4096K, 99% used [0x00000000d7280000,0x00000000d767efe8,0x00000000d7680000)
  to   space 4096K, 0% used [0x00000000d6e80000,0x00000000d6e80000,0x00000000d7280000)
 ParOldGen       total 68608K, used 1153K [0x0000000080000000, 0x0000000084300000, 0x00000000d5580000)
  object space 68608K, 1% used [0x0000000080000000,0x00000000801206b8,0x0000000084300000)
 Metaspace       used 8162K, committed 8448K, reserved 1114112K
  class space    used 869K, committed 1024K, reserved 1048576K
}
Event: 6.049 GC heap before
{Heap before GC invocations=3 (full 0):
 PSYoungGen      total 29696K, used 29691K [0x00000000d5580000, 0x00000000d7680000, 0x0000000100000000)
  eden space 25600K, 100% used [0x00000000d5580000,0x00000000d6e80000,0x00000000d6e80000)
  from space 4096K, 99% used [0x00000000d7280000,0x00000000d767efe8,0x00000000d7680000)
  to   space 4096K, 0% used [0x00000000d6e80000,0x00000000d6e80000,0x00000000d7280000)
 ParOldGen       total 68608K, used 1153K [0x0000000080000000, 0x0000000084300000, 0x00000000d5580000)
  object space 68608K, 1% used [0x0000000080000000,0x00000000801206b8,0x0000000084300000)
 Metaspace       used 13075K, committed 13568K, reserved 1114112K
  class space    used 1380K, committed 1600K, reserved 1048576K
}
Event: 6.057 GC heap after
{Heap after GC invocations=3 (full 0):
 PSYoungGen      total 29696K, used 4082K [0x00000000d5580000, 0x00000000d7680000, 0x0000000100000000)
  eden space 25600K, 0% used [0x00000000d5580000,0x00000000d5580000,0x00000000d6e80000)
  from space 4096K, 99% used [0x00000000d6e80000,0x00000000d727c890,0x00000000d7280000)
  to   space 4096K, 0% used [0x00000000d7280000,0x00000000d7280000,0x00000000d7680000)
 ParOldGen       total 68608K, used 2933K [0x0000000080000000, 0x0000000084300000, 0x00000000d5580000)
  object space 68608K, 4% used [0x0000000080000000,0x00000000802dd7d0,0x0000000084300000)
 Metaspace       used 13075K, committed 13568K, reserved 1114112K
  class space    used 1380K, committed 1600K, reserved 1048576K
}
Event: 7.225 GC heap before
{Heap before GC invocations=4 (full 0):
 PSYoungGen      total 29696K, used 29600K [0x00000000d5580000, 0x00000000d7680000, 0x0000000100000000)
  eden space 25600K, 99% used [0x00000000d5580000,0x00000000d6e6b9c0,0x00000000d6e80000)
  from space 4096K, 99% used [0x00000000d6e80000,0x00000000d727c890,0x00000000d7280000)
  to   space 4096K, 0% used [0x00000000d7280000,0x00000000d7280000,0x00000000d7680000)
 ParOldGen       total 68608K, used 2933K [0x0000000080000000, 0x0000000084300000, 0x00000000d5580000)
  object space 68608K, 4% used [0x0000000080000000,0x00000000802dd7d0,0x0000000084300000)
 Metaspace       used 16242K, committed 16896K, reserved 1114112K
  class space    used 1687K, committed 1984K, reserved 1048576K
}
Event: 7.232 GC heap after
{Heap after GC invocations=4 (full 0):
 PSYoungGen      total 29696K, used 4092K [0x00000000d5580000, 0x00000000d7680000, 0x0000000100000000)
  eden space 25600K, 0% used [0x00000000d5580000,0x00000000d5580000,0x00000000d6e80000)
  from space 4096K, 99% used [0x00000000d7280000,0x00000000d767f3e8,0x00000000d7680000)
  to   space 4096K, 0% used [0x00000000d6e80000,0x00000000d6e80000,0x00000000d7280000)
 ParOldGen       total 68608K, used 5666K [0x0000000080000000, 0x0000000084300000, 0x00000000d5580000)
  object space 68608K, 8% used [0x0000000080000000,0x00000000805889f8,0x0000000084300000)
 Metaspace       used 16242K, committed 16896K, reserved 1114112K
  class space    used 1687K, committed 1984K, reserved 1048576K
}

Dll operation events (11 events):
Event: 0.058 Loaded shared library c:\Users\Lenovo\.antigravity\extensions\redhat.java-1.54.0-win32-x64\jre\21.0.10-win32-x86_64\bin\java.dll
Event: 0.342 Loaded shared library c:\Users\Lenovo\.antigravity\extensions\redhat.java-1.54.0-win32-x64\jre\21.0.10-win32-x86_64\bin\zip.dll
Event: 0.437 Loaded shared library C:\Users\Lenovo\.antigravity\extensions\redhat.java-1.54.0-win32-x64\jre\21.0.10-win32-x86_64\bin\instrument.dll
Event: 0.472 Loaded shared library C:\Users\Lenovo\.antigravity\extensions\redhat.java-1.54.0-win32-x64\jre\21.0.10-win32-x86_64\bin\net.dll
Event: 0.480 Loaded shared library C:\Users\Lenovo\.antigravity\extensions\redhat.java-1.54.0-win32-x64\jre\21.0.10-win32-x86_64\bin\nio.dll
Event: 0.488 Loaded shared library C:\Users\Lenovo\.antigravity\extensions\redhat.java-1.54.0-win32-x64\jre\21.0.10-win32-x86_64\bin\zip.dll
Event: 0.535 Loaded shared library C:\Users\Lenovo\.antigravity\extensions\redhat.java-1.54.0-win32-x64\jre\21.0.10-win32-x86_64\bin\jimage.dll
Event: 0.918 Loaded shared library c:\Users\Lenovo\.antigravity\extensions\redhat.java-1.54.0-win32-x64\jre\21.0.10-win32-x86_64\bin\verify.dll
Event: 3.970 Loaded shared library C:\Users\Lenovo\AppData\Roaming\Antigravity\User\globalStorage\redhat.java\1.54.0\config_ss_win\org.eclipse.equinox.launcher\org.eclipse.equinox.launcher.win32.win32.x86_64_1.3.0.v20260203-2149\eclipse_11919.dll
Event: 6.259 Loaded shared library C:\Users\Lenovo\.antigravity\extensions\redhat.java-1.54.0-win32-x64\jre\21.0.10-win32-x86_64\bin\management.dll
Event: 6.267 Loaded shared library C:\Users\Lenovo\.antigravity\extensions\redhat.java-1.54.0-win32-x64\jre\21.0.10-win32-x86_64\bin\management_ext.dll

Deoptimization events (20 events):
Event: 5.660 Thread 0x000002b3ee13b650 Uncommon trap: trap_request=0xffffffde fr.pc=0x000002b39a575744 relative=0x0000000000000124
Event: 5.660 Thread 0x000002b3ee13b650 Uncommon trap: reason=class_check action=maybe_recompile pc=0x000002b39a575744 method=jdk.internal.misc.Unsafe.allocateUninitializedArray(Ljava/lang/Class;I)Ljava/lang/Object; @ 51 c2
Event: 5.660 Thread 0x000002b3ee13b650 DEOPT PACKING pc=0x000002b39a575744 sp=0x000000dc2dcf56a0
Event: 5.660 Thread 0x000002b3ee13b650 DEOPT UNPACKING pc=0x000002b399f43aa2 sp=0x000000dc2dcf5618 mode 2
Event: 5.911 Thread 0x000002b3ee13b650 Uncommon trap: trap_request=0xffffff45 fr.pc=0x000002b39a4ebf34 relative=0x0000000000000f14
Event: 5.911 Thread 0x000002b3ee13b650 Uncommon trap: reason=unstable_if action=reinterpret pc=0x000002b39a4ebf34 method=lombok.patcher.PatchScript.classMatches(Ljava/lang/String;Ljava/util/Collection;)Z @ 25 c2
Event: 5.911 Thread 0x000002b3ee13b650 DEOPT PACKING pc=0x000002b39a4ebf34 sp=0x000000dc2dcf6de0
Event: 5.911 Thread 0x000002b3ee13b650 DEOPT UNPACKING pc=0x000002b399f43aa2 sp=0x000000dc2dcf6da0 mode 2
Event: 6.329 Thread 0x000002b3ee13b650 Uncommon trap: trap_request=0xffffff45 fr.pc=0x000002b39a57a96c relative=0x000000000000124c
Event: 6.329 Thread 0x000002b3ee13b650 Uncommon trap: reason=unstable_if action=reinterpret pc=0x000002b39a57a96c method=java.util.Properties.loadConvert([CIILjava/lang/StringBuilder;)Ljava/lang/String; @ 491 c2
Event: 6.329 Thread 0x000002b3ee13b650 DEOPT PACKING pc=0x000002b39a57a96c sp=0x000000dc2dcf7b70
Event: 6.329 Thread 0x000002b3ee13b650 DEOPT UNPACKING pc=0x000002b399f43aa2 sp=0x000000dc2dcf7b60 mode 2
Event: 6.426 Thread 0x000002b3ee13b650 Uncommon trap: trap_request=0xffffff45 fr.pc=0x000002b39a4c9f74 relative=0x0000000000000054
Event: 6.426 Thread 0x000002b3ee13b650 Uncommon trap: reason=unstable_if action=reinterpret pc=0x000002b39a4c9f74 method=java.lang.CharacterData.of(I)Ljava/lang/CharacterData; @ 4 c2
Event: 6.426 Thread 0x000002b3ee13b650 DEOPT PACKING pc=0x000002b39a4c9f74 sp=0x000000dc2dcf8ee0
Event: 6.428 Thread 0x000002b3ee13b650 DEOPT UNPACKING pc=0x000002b399f43aa2 sp=0x000000dc2dcf8e78 mode 2
Event: 6.988 Thread 0x000002b3ee13b650 Uncommon trap: trap_request=0xffffff45 fr.pc=0x000002b39a58d7c0 relative=0x0000000000000b00
Event: 6.988 Thread 0x000002b3ee13b650 Uncommon trap: reason=unstable_if action=reinterpret pc=0x000002b39a58d7c0 method=jdk.internal.org.objectweb.asm.Frame.execute(IILjdk/internal/org/objectweb/asm/Symbol;Ljdk/internal/org/objectweb/asm/SymbolTable;)V @ 1 c2
Event: 6.988 Thread 0x000002b3ee13b650 DEOPT PACKING pc=0x000002b39a58d7c0 sp=0x000000dc2dcf8040
Event: 6.988 Thread 0x000002b3ee13b650 DEOPT UNPACKING pc=0x000002b399f43aa2 sp=0x000000dc2dcf7fc8 mode 2

Classes loaded (20 events):
Event: 7.068 Loading class java/util/zip/GZIPOutputStream
Event: 7.069 Loading class java/util/zip/GZIPOutputStream done
Event: 7.073 Loading class java/io/StringReader
Event: 7.073 Loading class java/io/StringReader done
Event: 7.084 Loading class java/net/SocketTimeoutException
Event: 7.085 Loading class java/io/InterruptedIOException
Event: 7.085 Loading class java/io/InterruptedIOException done
Event: 7.085 Loading class java/net/SocketTimeoutException done
Event: 7.085 Loading class java/net/SocketException
Event: 7.085 Loading class java/net/SocketException done
Event: 7.085 Loading class java/net/UnknownHostException
Event: 7.085 Loading class java/net/UnknownHostException done
Event: 7.085 Loading class java/net/ProtocolException
Event: 7.085 Loading class java/net/ProtocolException done
Event: 7.135 Loading class java/lang/ThreadLocal$SuppliedThreadLocal
Event: 7.136 Loading class java/lang/ThreadLocal$SuppliedThreadLocal done
Event: 7.152 Loading class java/io/FileWriter
Event: 7.152 Loading class java/io/FileWriter done
Event: 7.153 Loading class java/lang/NegativeArraySizeException
Event: 7.153 Loading class java/lang/NegativeArraySizeException done

Classes unloaded (0 events):
No events

Classes redefined (0 events):
No events

Internal exceptions (20 events):
Event: 6.253 Thread 0x000002b3ee13b650 Exception <a 'java/io/FileNotFoundException'{0x00000000d5758e28}> (0x00000000d5758e28) 
thrown [s\src\hotspot\share\prims\jni.cpp, line 520]
Event: 6.566 Thread 0x000002b3ee13b650 Exception <a 'java/lang/NoSuchMethodError'{0x00000000d5d2a360}: 'java.lang.Object java.lang.invoke.DirectMethodHandle$Holder.newInvokeSpecial(java.lang.Object, java.lang.Object, java.lang.Object, java.lang.Object, java.lang.Object)'> (0x00000000d5d2a360) 
thrown [s\src\hotspot\share\interpreter\linkResolver.cpp, line 773]
Event: 6.614 Thread 0x000002b3ee13b650 Exception <a 'java/lang/NoSuchMethodError'{0x00000000d5e0a6e8}: 'java.lang.Object java.lang.invoke.DirectMethodHandle$Holder.invokeSpecial(java.lang.Object, java.lang.Object, java.lang.Object, long, java.lang.Object)'> (0x00000000d5e0a6e8) 
thrown [s\src\hotspot\share\interpreter\linkResolver.cpp, line 773]
Event: 6.615 Thread 0x000002b3ee13b650 Exception <a 'java/lang/NoSuchMethodError'{0x00000000d5e11f30}: 'java.lang.Object java.lang.invoke.DirectMethodHandle$Holder.newInvokeSpecial(java.lang.Object, java.lang.Object, java.lang.Object, long)'> (0x00000000d5e11f30) 
thrown [s\src\hotspot\share\interpreter\linkResolver.cpp, line 773]
Event: 6.616 Thread 0x000002b3ee13b650 Exception <a 'java/lang/NoSuchMethodError'{0x00000000d5e16850}: 'java.lang.Object java.lang.invoke.DirectMethodHandle$Holder.invokeSpecial(java.lang.Object, java.lang.Object, java.lang.Object, java.lang.Object, long)'> (0x00000000d5e16850) 
thrown [s\src\hotspot\share\interpreter\linkResolver.cpp, line 773]
Event: 6.617 Thread 0x000002b3ee13b650 Exception <a 'java/lang/NoSuchMethodError'{0x00000000d5e1a470}: 'java.lang.Object java.lang.invoke.Invokers$Holder.linkToTargetMethod(java.lang.Object, java.lang.Object, long, java.lang.Object)'> (0x00000000d5e1a470) 
thrown [s\src\hotspot\share\interpreter\linkResolver.cpp, line 773]
Event: 6.698 Thread 0x000002b3ee13b650 Exception <a 'java/lang/IncompatibleClassChangeError'{0x00000000d5f203a0}: Found class java.lang.Object, but interface was expected> (0x00000000d5f203a0) 
thrown [s\src\hotspot\share\interpreter\linkResolver.cpp, line 840]
Event: 6.700 Thread 0x000002b3ee13b650 Exception <a 'java/lang/NoSuchMethodError'{0x00000000d5f23fc8}: 'java.lang.Object java.lang.invoke.DirectMethodHandle$Holder.invokeSpecial(java.lang.Object, java.lang.Object, java.lang.Object, int, java.lang.Object, java.lang.Object)'> (0x00000000d5f23fc8) 
thrown [s\src\hotspot\share\interpreter\linkResolver.cpp, line 773]
Event: 6.702 Thread 0x000002b3ee13b650 Exception <a 'java/lang/NoSuchMethodError'{0x00000000d5f2baa0}: 'java.lang.Object java.lang.invoke.DirectMethodHandle$Holder.newInvokeSpecial(java.lang.Object, java.lang.Object, java.lang.Object, int, java.lang.Object)'> (0x00000000d5f2baa0) 
thrown [s\src\hotspot\share\interpreter\linkResolver.cpp, line 773]
Event: 6.702 Thread 0x000002b3ee13b650 Exception <a 'java/lang/NoSuchMethodError'{0x00000000d5f2fa20}: 'java.lang.Object java.lang.invoke.DirectMethodHandle$Holder.invokeSpecial(java.lang.Object, java.lang.Object, java.lang.Object, java.lang.Object, int, java.lang.Object)'> (0x00000000d5f2fa20) 
thrown [s\src\hotspot\share\interpreter\linkResolver.cpp, line 773]
Event: 6.703 Thread 0x000002b3ee13b650 Exception <a 'java/lang/NoSuchMethodError'{0x00000000d5f33560}: 'java.lang.Object java.lang.invoke.Invokers$Holder.linkToTargetMethod(java.lang.Object, java.lang.Object, int, java.lang.Object, java.lang.Object)'> (0x00000000d5f33560) 
thrown [s\src\hotspot\share\interpreter\linkResolver.cpp, line 773]
Event: 6.705 Thread 0x000002b3e961f240 Exception <a 'java/lang/NoSuchMethodError'{0x00000000d5e8e558}: 'java.lang.Object java.lang.invoke.DirectMethodHandle$Holder.invokeSpecial(java.lang.Object, java.lang.Object, int, java.lang.Object, java.lang.Object)'> (0x00000000d5e8e558) 
thrown [s\src\hotspot\share\interpreter\linkResolver.cpp, line 773]
Event: 6.709 Thread 0x000002b3e961f240 Exception <a 'java/lang/NoSuchMethodError'{0x00000000d5e95290}: 'java.lang.Object java.lang.invoke.DirectMethodHandle$Holder.newInvokeSpecial(java.lang.Object, java.lang.Object, int, java.lang.Object)'> (0x00000000d5e95290) 
thrown [s\src\hotspot\share\interpreter\linkResolver.cpp, line 773]
Event: 6.709 Thread 0x000002b3e961f240 Exception <a 'java/lang/NoSuchMethodError'{0x00000000d5e98b70}: 'java.lang.Object java.lang.invoke.DirectMethodHandle$Holder.invokeSpecial(java.lang.Object, java.lang.Object, java.lang.Object, int, java.lang.Object)'> (0x00000000d5e98b70) 
thrown [s\src\hotspot\share\interpreter\linkResolver.cpp, line 773]
Event: 6.798 Thread 0x000002b3ee13b650 Exception <a 'java/lang/NoSuchMethodError'{0x00000000d607eb30}: 'void java.lang.invoke.DirectMethodHandle$Holder.invokeSpecial(java.lang.Object, java.lang.Object, java.lang.Object, java.lang.Object, java.lang.Object)'> (0x00000000d607eb30) 
thrown [s\src\hotspot\share\interpreter\linkResolver.cpp, line 773]
Event: 6.988 Thread 0x000002b3ee13b650 Exception <a 'java/lang/NoSuchMethodError'{0x00000000d634b138}: 'double java.lang.invoke.DirectMethodHandle$Holder.invokeStatic(java.lang.Object, java.lang.Object)'> (0x00000000d634b138) 
thrown [s\src\hotspot\share\interpreter\linkResolver.cpp, line 773]
Event: 6.990 Thread 0x000002b3ee13b650 Exception <a 'java/lang/NoSuchMethodError'{0x00000000d634e7f8}: 'double java.lang.invoke.DirectMethodHandle$Holder.invokeStaticInit(java.lang.Object, java.lang.Object)'> (0x00000000d634e7f8) 
thrown [s\src\hotspot\share\interpreter\linkResolver.cpp, line 773]
Event: 7.295 Thread 0x000002b3ee13b650 Exception <a 'java/io/FileNotFoundException'{0x00000000d5a4e680}> (0x00000000d5a4e680) 
thrown [s\src\hotspot\share\prims\jni.cpp, line 520]
Event: 7.297 Thread 0x000002b3ee13b650 Exception <a 'java/io/FileNotFoundException'{0x00000000d5a4f4e8}> (0x00000000d5a4f4e8) 
thrown [s\src\hotspot\share\prims\jni.cpp, line 520]
Event: 7.298 Thread 0x000002b3ee13b650 Exception <a 'java/io/FileNotFoundException'{0x00000000d5a50450}> (0x00000000d5a50450) 
thrown [s\src\hotspot\share\prims\jni.cpp, line 520]

ZGC Phase Switch (0 events):
No events

VM Operations (20 events):
Event: 3.442 Executing non-safepoint VM operation: HandshakeAllThreads (Deoptimize)
Event: 3.442 Executing non-safepoint VM operation: HandshakeAllThreads (Deoptimize) done
Event: 4.029 Executing safepoint VM operation: ParallelGCFailedAllocation (Allocation Failure)
Event: 4.039 Executing safepoint VM operation: ParallelGCFailedAllocation (Allocation Failure) done
Event: 4.661 Executing non-safepoint VM operation: HandshakeAllThreads (Deoptimize)
Event: 4.661 Executing non-safepoint VM operation: HandshakeAllThreads (Deoptimize) done
Event: 5.402 Executing non-safepoint VM operation: HandshakeAllThreads (Deoptimize)
Event: 5.402 Executing non-safepoint VM operation: HandshakeAllThreads (Deoptimize) done
Event: 5.402 Executing safepoint VM operation: Cleanup
Event: 5.402 Executing safepoint VM operation: Cleanup done
Event: 6.049 Executing safepoint VM operation: ParallelGCFailedAllocation (Allocation Failure)
Event: 6.057 Executing safepoint VM operation: ParallelGCFailedAllocation (Allocation Failure) done
Event: 6.368 Executing non-safepoint VM operation: HandshakeAllThreads (Deoptimize)
Event: 6.368 Executing non-safepoint VM operation: HandshakeAllThreads (Deoptimize) done
Event: 6.384 Executing non-safepoint VM operation: HandshakeAllThreads (Deoptimize)
Event: 6.384 Executing non-safepoint VM operation: HandshakeAllThreads (Deoptimize) done
Event: 6.429 Executing non-safepoint VM operation: HandshakeAllThreads (Deoptimize)
Event: 6.429 Executing non-safepoint VM operation: HandshakeAllThreads (Deoptimize) done
Event: 7.225 Executing safepoint VM operation: ParallelGCFailedAllocation (Allocation Failure)
Event: 7.232 Executing safepoint VM operation: ParallelGCFailedAllocation (Allocation Failure) done

Memory protections (0 events):
No events

Nmethod flushes (0 events):
No events

Events (20 events):
Event: 2.683 Thread 0x000002b38f87e7d0 Thread added: 0x000002b3e9757ce0
Event: 3.252 Thread 0x000002b38f7bde10 Thread added: 0x000002b3e9aa9830
Event: 3.648 Thread 0x000002b3e9757ce0 Thread exited: 0x000002b3e9757ce0
Event: 3.653 Thread 0x000002b3e88ea340 Thread exited: 0x000002b3e88ea340
Event: 3.936 Thread 0x000002b38f87e7d0 Thread added: 0x000002b3ee2a1040
Event: 3.947 Thread 0x000002b38f7bde10 Thread added: 0x000002b3ee2a0960
Event: 3.960 Thread 0x000002b38f7bde10 Thread added: 0x000002b3ee13b650
Event: 4.255 Thread 0x000002b3ee2a1040 Thread exited: 0x000002b3ee2a1040
Event: 4.625 Thread 0x000002b3ee13b650 Thread added: 0x000002b3e9929d10
Event: 4.944 Thread 0x000002b38f87e7d0 Thread added: 0x000002b3ee1d7680
Event: 4.945 Thread 0x000002b38f87e7d0 Thread added: 0x000002b3ee1cd090
Event: 5.097 Thread 0x000002b3ee1cd090 Thread exited: 0x000002b3ee1cd090
Event: 5.374 Thread 0x000002b3ee1d7680 Thread exited: 0x000002b3ee1d7680
Event: 5.497 Thread 0x000002b3ee13b650 Thread added: 0x000002b3ee434b30
Event: 6.439 Thread 0x000002b38f87e7d0 Thread added: 0x000002b3ee3ed3c0
Event: 6.627 Thread 0x000002b3ee13b650 Thread added: 0x000002b3e961f240
Event: 6.706 Thread 0x000002b3ee13b650 Thread added: 0x000002b3ee372c00
Event: 6.898 Thread 0x000002b3ee3ed3c0 Thread exited: 0x000002b3ee3ed3c0
Event: 7.213 Thread 0x000002b38f87e7d0 Thread added: 0x000002b3e9bf0150
Event: 7.356 Thread 0x000002b3e9bf0150 Thread exited: 0x000002b3e9bf0150


Dynamic libraries:
0x00007ff694840000 - 0x00007ff69484e000 	c:\Users\Lenovo\.antigravity\extensions\redhat.java-1.54.0-win32-x64\jre\21.0.10-win32-x86_64\bin\java.exe
0x00007ffcf45a0000 - 0x00007ffcf4807000 	C:\WINDOWS\SYSTEM32\ntdll.dll
0x00007ffcf2d50000 - 0x00007ffcf2e19000 	C:\WINDOWS\System32\KERNEL32.DLL
0x00007ffcf1da0000 - 0x00007ffcf2197000 	C:\WINDOWS\System32\KERNELBASE.dll
0x00007ffcf1ae0000 - 0x00007ffcf1c2b000 	C:\WINDOWS\System32\ucrtbase.dll
0x00007ffcaace0000 - 0x00007ffcaacf8000 	c:\Users\Lenovo\.antigravity\extensions\redhat.java-1.54.0-win32-x64\jre\21.0.10-win32-x86_64\bin\jli.dll
0x00007ffcf3b50000 - 0x00007ffcf3d16000 	C:\WINDOWS\System32\USER32.dll
0x00007ffcf1060000 - 0x00007ffcf1087000 	C:\WINDOWS\System32\win32u.dll
0x00007ffcf3140000 - 0x00007ffcf316b000 	C:\WINDOWS\System32\GDI32.dll
0x00007ffcf1090000 - 0x00007ffcf11bc000 	C:\WINDOWS\System32\gdi32full.dll
0x00007ffcf1a30000 - 0x00007ffcf1ad3000 	C:\WINDOWS\System32\msvcp_win.dll
0x00007ffcacbe0000 - 0x00007ffcacbfe000 	c:\Users\Lenovo\.antigravity\extensions\redhat.java-1.54.0-win32-x64\jre\21.0.10-win32-x86_64\bin\VCRUNTIME140.dll
0x00007ffcdc930000 - 0x00007ffcdcbc2000 	C:\WINDOWS\WinSxS\amd64_microsoft.windows.common-controls_6595b64144ccf1df_6.0.26100.8457_none_3e0b2faee331e92d\COMCTL32.dll
0x00007ffcf2e20000 - 0x00007ffcf2ec9000 	C:\WINDOWS\System32\msvcrt.dll
0x00007ffcf3170000 - 0x00007ffcf31a2000 	C:\WINDOWS\System32\IMM32.DLL
0x00007ffce7f70000 - 0x00007ffce7f7c000 	c:\Users\Lenovo\.antigravity\extensions\redhat.java-1.54.0-win32-x64\jre\21.0.10-win32-x86_64\bin\vcruntime140_1.dll
0x00007ffc4a220000 - 0x00007ffc4a2ad000 	c:\Users\Lenovo\.antigravity\extensions\redhat.java-1.54.0-win32-x64\jre\21.0.10-win32-x86_64\bin\msvcp140.dll
0x00007ffc08230000 - 0x00007ffc08fd1000 	c:\Users\Lenovo\.antigravity\extensions\redhat.java-1.54.0-win32-x64\jre\21.0.10-win32-x86_64\bin\server\jvm.dll
0x00007ffcf2a30000 - 0x00007ffcf2ae6000 	C:\WINDOWS\System32\ADVAPI32.dll
0x00007ffcf3d30000 - 0x00007ffcf3dd7000 	C:\WINDOWS\System32\sechost.dll
0x00007ffcf3a30000 - 0x00007ffcf3b48000 	C:\WINDOWS\System32\RPCRT4.dll
0x00007ffcf2ed0000 - 0x00007ffcf2f50000 	C:\WINDOWS\System32\WS2_32.dll
0x00007ffcf0e30000 - 0x00007ffcf0e8e000 	C:\WINDOWS\SYSTEM32\POWRPROF.dll
0x00007ffce9280000 - 0x00007ffce92b6000 	C:\WINDOWS\SYSTEM32\WINMM.dll
0x00007ffce98d0000 - 0x00007ffce98db000 	C:\WINDOWS\SYSTEM32\VERSION.dll
0x00007ffcf0e10000 - 0x00007ffcf0e24000 	C:\WINDOWS\SYSTEM32\UMPDC.dll
0x00007ffcefd20000 - 0x00007ffcefd3b000 	C:\WINDOWS\SYSTEM32\kernel.appcore.dll
0x00007ffcddfe0000 - 0x00007ffcddfea000 	c:\Users\Lenovo\.antigravity\extensions\redhat.java-1.54.0-win32-x64\jre\21.0.10-win32-x86_64\bin\jimage.dll
0x00007ffcef000000 - 0x00007ffcef242000 	C:\WINDOWS\SYSTEM32\DBGHELP.DLL
0x00007ffcf23f0000 - 0x00007ffcf2773000 	C:\WINDOWS\System32\combase.dll
0x00007ffcf2810000 - 0x00007ffcf28e9000 	C:\WINDOWS\System32\OLEAUT32.dll
0x00007ffce1350000 - 0x00007ffce138b000 	C:\WINDOWS\SYSTEM32\dbgcore.DLL
0x00007ffcf1cf0000 - 0x00007ffcf1d98000 	C:\WINDOWS\System32\bcryptPrimitives.dll
0x00007ffcdd550000 - 0x00007ffcdd55f000 	c:\Users\Lenovo\.antigravity\extensions\redhat.java-1.54.0-win32-x64\jre\21.0.10-win32-x86_64\bin\instrument.dll
0x00007ffc8c240000 - 0x00007ffc8c260000 	c:\Users\Lenovo\.antigravity\extensions\redhat.java-1.54.0-win32-x64\jre\21.0.10-win32-x86_64\bin\java.dll
0x00007ffcf32b0000 - 0x00007ffcf3a1e000 	C:\WINDOWS\System32\SHELL32.dll
0x00007ffcf11c0000 - 0x00007ffcf1a2c000 	C:\WINDOWS\System32\windows.storage.dll
0x00007ffcf31b0000 - 0x00007ffcf32a6000 	C:\WINDOWS\System32\SHCORE.dll
0x00007ffcf2c90000 - 0x00007ffcf2cf6000 	C:\WINDOWS\System32\shlwapi.dll
0x00007ffcf0ef0000 - 0x00007ffcf0f19000 	C:\WINDOWS\SYSTEM32\profapi.dll
0x00007ffc7d1b0000 - 0x00007ffc7d1c8000 	c:\Users\Lenovo\.antigravity\extensions\redhat.java-1.54.0-win32-x64\jre\21.0.10-win32-x86_64\bin\zip.dll
0x00007ffcdb9e0000 - 0x00007ffcdb9f0000 	C:\Users\Lenovo\.antigravity\extensions\redhat.java-1.54.0-win32-x64\jre\21.0.10-win32-x86_64\bin\net.dll
0x00007ffce8990000 - 0x00007ffce8ab9000 	C:\WINDOWS\SYSTEM32\WINHTTP.dll
0x00007ffcf0270000 - 0x00007ffcf02dc000 	C:\WINDOWS\system32\mswsock.dll
0x00007ffc6f900000 - 0x00007ffc6f916000 	C:\Users\Lenovo\.antigravity\extensions\redhat.java-1.54.0-win32-x64\jre\21.0.10-win32-x86_64\bin\nio.dll
0x00007ffcdb570000 - 0x00007ffcdb580000 	c:\Users\Lenovo\.antigravity\extensions\redhat.java-1.54.0-win32-x64\jre\21.0.10-win32-x86_64\bin\verify.dll
0x00007ffc4aaf0000 - 0x00007ffc4ab35000 	C:\Users\Lenovo\AppData\Roaming\Antigravity\User\globalStorage\redhat.java\1.54.0\config_ss_win\org.eclipse.equinox.launcher\org.eclipse.equinox.launcher.win32.win32.x86_64_1.3.0.v20260203-2149\eclipse_11919.dll
0x00007ffcf2af0000 - 0x00007ffcf2c87000 	C:\WINDOWS\System32\ole32.dll
0x00007ffcd4d50000 - 0x00007ffcd4d5a000 	C:\Users\Lenovo\.antigravity\extensions\redhat.java-1.54.0-win32-x64\jre\21.0.10-win32-x86_64\bin\management.dll
0x00007ffcc4b70000 - 0x00007ffcc4b7c000 	C:\Users\Lenovo\.antigravity\extensions\redhat.java-1.54.0-win32-x64\jre\21.0.10-win32-x86_64\bin\management_ext.dll
0x00007ffcf2a20000 - 0x00007ffcf2a28000 	C:\WINDOWS\System32\PSAPI.DLL

JVMTI agents:
c:\Users\Lenovo\.antigravity\extensions\redhat.java-1.54.0-win32-x64\lombok\lombok-1.18.39-4050.jar path:c:\Users\Lenovo\.antigravity\extensions\redhat.java-1.54.0-win32-x64\jre\21.0.10-win32-x86_64\bin\instrument.dll, loaded, initialized, instrumentlib options:none

dbghelp: loaded successfully - version: 4.0.5 - missing functions: none
symbol engine: initialized successfully - sym options: 0x614 - pdb path: .;c:\Users\Lenovo\.antigravity\extensions\redhat.java-1.54.0-win32-x64\jre\21.0.10-win32-x86_64\bin;C:\WINDOWS\SYSTEM32;C:\WINDOWS\WinSxS\amd64_microsoft.windows.common-controls_6595b64144ccf1df_6.0.26100.8457_none_3e0b2faee331e92d;c:\Users\Lenovo\.antigravity\extensions\redhat.java-1.54.0-win32-x64\jre\21.0.10-win32-x86_64\bin\server;C:\Users\Lenovo\AppData\Roaming\Antigravity\User\globalStorage\redhat.java\1.54.0\config_ss_win\org.eclipse.equinox.launcher\org.eclipse.equinox.launcher.win32.win32.x86_64_1.3.0.v20260203-2149

VM Arguments:
jvm_args: --add-modules=ALL-SYSTEM --add-opens=java.base/java.util=ALL-UNNAMED --add-opens=java.base/java.lang=ALL-UNNAMED --add-opens=java.base/sun.nio.fs=ALL-UNNAMED -Declipse.application=org.eclipse.jdt.ls.core.id1 -Dosgi.bundles.defaultStartLevel=4 -Declipse.product=org.eclipse.jdt.ls.core.product -Djava.import.generatesMetadataFilesAtProjectRoot=false -DDetectVMInstallationsJob.disabled=true -Dfile.encoding=utf8 -XX:+UseParallelGC -XX:GCTimeRatio=4 -XX:AdaptiveSizePolicyWeight=90 -Dsun.zip.disableMemoryMapping=true -Xmx2G -Xms100m -Xlog:disable -javaagent:c:\Users\Lenovo\.antigravity\extensions\redhat.java-1.54.0-win32-x64\lombok\lombok-1.18.39-4050.jar 
java_command: c:\Users\Lenovo\.antigravity\extensions\redhat.java-1.54.0-win32-x64\server\plugins\org.eclipse.equinox.launcher_1.7.100.v20251111-0406.jar -configuration c:\Users\Lenovo\AppData\Roaming\Antigravity\User\globalStorage\redhat.java\1.54.0\config_ss_win -data c:\Users\Lenovo\AppData\Roaming\Antigravity\User\workspaceStorage\9a1e82f97720862a29f2ec23e4934ce5\redhat.java\ss_ws --pipe=\\.\pipe\lsp-f0523feed0d01ca9f2729c6eeb914dbf-sock
java_class_path (initial): c:\Users\Lenovo\.antigravity\extensions\redhat.java-1.54.0-win32-x64\server\plugins\org.eclipse.equinox.launcher_1.7.100.v20251111-0406.jar
Launcher Type: SUN_STANDARD

[Global flags]
    uintx AdaptiveSizePolicyWeight                 = 90                                        {product} {command line}
     intx CICompilerCount                          = 4                                         {product} {ergonomic}
    uintx GCTimeRatio                              = 4                                         {product} {command line}
   size_t InitialHeapSize                          = 104857600                                 {product} {command line}
   size_t MaxHeapSize                              = 2147483648                                {product} {command line}
   size_t MaxNewSize                               = 715653120                                 {product} {ergonomic}
   size_t MinHeapDeltaBytes                        = 524288                                    {product} {ergonomic}
   size_t MinHeapSize                              = 104857600                                 {product} {command line}
   size_t NewSize                                  = 34603008                                  {product} {ergonomic}
    uintx NonNMethodCodeHeapSize                   = 5839372                                {pd product} {ergonomic}
    uintx NonProfiledCodeHeapSize                  = 122909434                              {pd product} {ergonomic}
   size_t OldSize                                  = 70254592                                  {product} {ergonomic}
    uintx ProfiledCodeHeapSize                     = 122909434                              {pd product} {ergonomic}
    uintx ReservedCodeCacheSize                    = 251658240                              {pd product} {ergonomic}
     bool SegmentedCodeCache                       = true                                      {product} {ergonomic}
   size_t SoftMaxHeapSize                          = 2147483648                             {manageable} {ergonomic}
     bool UseCompressedOops                        = true                           {product lp64_product} {ergonomic}
     bool UseLargePagesIndividualAllocation        = false                                  {pd product} {ergonomic}
     bool UseParallelGC                            = true                                      {product} {command line}

Logging:
Log output configuration:
 #0: stdout all=off uptime,level,tags foldmultilines=false
 #1: stderr all=off uptime,level,tags foldmultilines=false

Release file:
JAVA_VERSION="21.0.10" 
MODULES="java.base java.compiler java.datatransfer java.xml java.prefs java.desktop java.instrument java.logging java.management java.security.sasl java.naming java.rmi java.management.rmi java.net.http java.scripting java.security.jgss java.transaction.xa java.sql java.sql.rowset java.xml.crypto java.se java.smartcardio jdk.accessibility jdk.internal.jvmstat jdk.attach jdk.charsets jdk.internal.opt jdk.zipfs jdk.compiler jdk.crypto.ec jdk.crypto.cryptoki jdk.crypto.mscapi jdk.dynalink jdk.internal.ed jdk.editpad jdk.hotspot.agent jdk.httpserver jdk.internal.le jdk.internal.vm.ci jdk.internal.vm.compiler jdk.internal.vm.compiler.management jdk.jartool jdk.javadoc jdk.jcmd jdk.management jdk.management.agent jdk.jconsole jdk.jdeps jdk.jdwp.agent jdk.jdi jdk.jfr jdk.jshell jdk.jsobject jdk.jstatd jdk.localedata jdk.management.jfr jdk.naming.dns jdk.naming.rmi jdk.net jdk.nio.mapmode jdk.random jdk.sctp jdk.security.auth jdk.security.jgss jdk.unsupported jdk.unsupported.desktop jdk.xml.dom" 

Environment Variables:
JAVA_HOME=C:\Program Files\Java\jdk-16.0.2\bin
PATH=C:\Program Files\Common Files\Oracle\Java\javapath;D:\Oracle\DevSuiteHome_1\jdk\jre\bin\classic;D:\Oracle\DevSuiteHome_1\jdk\jre\bin;D:\Oracle\DevSuiteHome_1\jdk\jre\bin\client;D:\Oracle\DevSuiteHome_1\jlib;D:\Oracle\DevSuiteHome_1\bin;D:\Oracle\DevSuiteHome_1\jre\1.4.2\bin\client;D:\Oracle\DevSuiteHome_1\jre\1.4.2\bin;C:\app\client\Lenovo\product\12.1.0\client_1;C:\app\client\Lenovo\product\12.1.0\client_1\bin;C:\WINDOWS\system32;C:\WINDOWS;C:\WINDOWS\System32\Wbem;C:\WINDOWS\System32\WindowsPowerShell\v1.0\;C:\WINDOWS\System32\OpenSSH\;C:\Program Files (x86)\Microsoft SQL Server\130\DTS\Binn\;C:\Program Files\Microsoft SQL Server\130\DTS\Binn\;C:\Program Files (x86)\Microsoft SQL Server\130\Tools\Binn\;C:\Program Files\Microsoft SQL Server\130\Tools\Binn\;C:\Program Files (x86)\Microsoft SQL Server\160\DTS\Binn\;C:\Program Files\dotnet\;C:\Program Files\Microsoft SQL Server\150\Tools\Binn\;C:\Program Files\Microsoft SQL Server\Client SDK\ODBC\170\Tools\Binn\;C:\Program Files\Microsoft SQL Server\Client SDK\ODBC\130\Tools\Binn\;C:\Program Files\Java\jdk-16.0.2\bin;C:\Program Files (x86)\Windows Kits\10\Windows Performance Toolkit\;C:\Program Files\Docker\Docker\resources\bin;C:\Program Files\Git\cmd;D:\Program Files\cursor\resources\app\bin;C:\Program Files\Microsoft SQL Server\170\Tools\Binn\;C:\Program Files\Pandoc\;D:\Program Files\nodejs\;C:\php;C:\ProgramData\ComposerSetup\bin;C:\Users\Lenovo\AppData\Local\Microsoft\WindowsApps;C:\Program Files\Azure Data Studio\bin;C:\Users\Lenovo\.dotnet\tools;C:\Users\Lenovo\go\bin;D:\Programs\Microsoft VS Code\bin;C:\Users\Lenovo\AppData\Local\Programs\Antigravity\bin;C:\Users\Lenovo\AppData\Local\Python\bin;D:\Users\Lenovo\AppData\Local\Programs\Windsurf\bin;D:\Users\Lenovo\AppData\Local\Programs\Kiro\bin;C:\Users\Lenovo\AppData\Roaming\npm;C:\Users\Lenovo\AppData\Local\GitHubDesktop\bin;C:\Users\Lenovo\AppData\Roaming\Composer\vendor\bin;D:\Users\Lenovo\AppData\Local\Programs\cursor\resources\app\bin
USERNAME=Lenovo
OS=Windows_NT
PROCESSOR_IDENTIFIER=AMD64 Family 23 Model 104 Stepping 1, AuthenticAMD
TMP=C:\Users\Lenovo\AppData\Local\Temp
TEMP=C:\Users\Lenovo\AppData\Local\Temp




Periodic native trim disabled

---------------  S Y S T E M  ---------------

OS:
 Windows 11 , 64 bit Build 26100 (10.0.26100.8328)
OS uptime: 8 days 21:50 hours
Hyper-V role detected

CPU: total 12 (initial active 12) (12 cores per cpu, 2 threads per core) family 23 model 104 stepping 1 microcode 0x8608103, cx8, cmov, fxsr, ht, mmx, 3dnowpref, sse, sse2, sse3, ssse3, sse4a, sse4.1, sse4.2, popcnt, lzcnt, tsc, tscinvbit, avx, avx2, aes, clmul, bmi1, bmi2, adx, sha, fma, vzeroupper, clflush, clflushopt, hv, rdtscp, rdpid, f16c
Processor Information for the first 12 processors :
  Max Mhz: 2100, Current Mhz: 1893, Mhz Limit: 2100

Memory: 4k page, system-wide physical 15178M (1427M free)
TotalPageFile size 32321M (AvailPageFile size 231M)
current process WorkingSet (physical memory assigned to process): 120M, peak: 120M
current process commit charge ("private bytes"): 265M, peak: 265M

vm_info: OpenJDK 64-Bit Server VM (21.0.10+7-LTS) for windows-amd64 JRE (21.0.10+7-LTS), built on 2026-01-20T00:00:00Z by "admin" with MS VC++ 17.12 (VS2022)

END.
